entity_id	ancestor_id	depth	ancestor_label	ancestor_kind	ancestor_rank
SSA:0000002	SSA:0000900	1	Orcinus orca	taxon	
SSA:0000003	SSA:0000900	1	Orcinus orca	taxon	
SSA:0000010	SSA:0000003	1	Resident	group	ecotype
SSA:0000010	SSA:0000900	2	Orcinus orca	taxon	
SSA:0000011	SSA:0000003	2	Resident	group	ecotype
SSA:0000011	SSA:0000010	1	Southern Resident	group	community
SSA:0000011	SSA:0000900	3	Orcinus orca	taxon	
SSA:0000020	SSA:0000003	3	Resident	group	ecotype
SSA:0000020	SSA:0000010	2	Southern Resident	group	community
SSA:0000020	SSA:0000011	1	J clan	group	clan
SSA:0000020	SSA:0000900	4	Orcinus orca	taxon	
SSA:0000021	SSA:0000003	3	Resident	group	ecotype
SSA:0000021	SSA:0000010	2	Southern Resident	group	community
SSA:0000021	SSA:0000011	1	J clan	group	clan
SSA:0000021	SSA:0000900	4	Orcinus orca	taxon	
SSA:0000022	SSA:0000003	3	Resident	group	ecotype
SSA:0000022	SSA:0000010	2	Southern Resident	group	community
SSA:0000022	SSA:0000011	1	J clan	group	clan
SSA:0000022	SSA:0000900	4	Orcinus orca	taxon	
SSA:0000030	SSA:0000003	5	Resident	group	ecotype
SSA:0000030	SSA:0000010	4	Southern Resident	group	community
SSA:0000030	SSA:0000011	3	J clan	group	clan
SSA:0000030	SSA:0000020	2	J pod	group	pod
SSA:0000030	SSA:0000900	6	Orcinus orca	taxon	
SSA:0000030	SSA:0003001	1	J5s	group	matriline
SSA:0000031	SSA:0000003	4	Resident	group	ecotype
SSA:0000031	SSA:0000010	3	Southern Resident	group	community
SSA:0000031	SSA:0000011	2	J clan	group	clan
SSA:0000031	SSA:0000022	1	L pod	group	pod
SSA:0000031	SSA:0000900	5	Orcinus orca	taxon	
SSA:0000040	SSA:0000002	1	Bigg's	group	ecotype
SSA:0000040	SSA:0000900	2	Orcinus orca	taxon	
SSA:0000101	SSA:0000003	7	Resident	group	ecotype
SSA:0000101	SSA:0000010	6	Southern Resident	group	community
SSA:0000101	SSA:0000011	5	J clan	group	clan
SSA:0000101	SSA:0000020	4	J pod	group	pod
SSA:0000101	SSA:0000030	2	J17s	group	matriline
SSA:0000101	SSA:0000900	8	Orcinus orca	taxon	
SSA:0000101	SSA:0003001	3	J5s	group	matriline
SSA:0000101	SSA:0003012	1	J35s	group	matriline
SSA:0000102	SSA:0000003	7	Resident	group	ecotype
SSA:0000102	SSA:0000010	6	Southern Resident	group	community
SSA:0000102	SSA:0000011	5	J clan	group	clan
SSA:0000102	SSA:0000020	4	J pod	group	pod
SSA:0000102	SSA:0000030	2	J17s	group	matriline
SSA:0000102	SSA:0000900	8	Orcinus orca	taxon	
SSA:0000102	SSA:0003001	3	J5s	group	matriline
SSA:0000102	SSA:0003012	1	J35s	group	matriline
SSA:0000103	SSA:0000003	5	Resident	group	ecotype
SSA:0000103	SSA:0000010	4	Southern Resident	group	community
SSA:0000103	SSA:0000011	3	J clan	group	clan
SSA:0000103	SSA:0000020	2	J pod	group	pod
SSA:0000103	SSA:0000900	6	Orcinus orca	taxon	
SSA:0000103	SSA:0003006	1	J16s	group	matriline
SSA:0000104	SSA:0000003	5	Resident	group	ecotype
SSA:0000104	SSA:0000010	4	Southern Resident	group	community
SSA:0000104	SSA:0000011	3	J clan	group	clan
SSA:0000104	SSA:0000022	2	L pod	group	pod
SSA:0000104	SSA:0000031	1	L32s	group	matriline
SSA:0000104	SSA:0000900	6	Orcinus orca	taxon	
SSA:0000105	SSA:0000003	6	Resident	group	ecotype
SSA:0000105	SSA:0000010	5	Southern Resident	group	community
SSA:0000105	SSA:0000011	4	J clan	group	clan
SSA:0000105	SSA:0000020	3	J pod	group	pod
SSA:0000105	SSA:0000030	1	J17s	group	matriline
SSA:0000105	SSA:0000900	7	Orcinus orca	taxon	
SSA:0000105	SSA:0003001	2	J5s	group	matriline
SSA:0002000	SSA:0000002	1	Bigg's	group	ecotype
SSA:0002000	SSA:0000900	2	Orcinus orca	taxon	
SSA:0002001	SSA:0000002	1	Bigg's	group	ecotype
SSA:0002001	SSA:0000900	2	Orcinus orca	taxon	
SSA:0002002	SSA:0000002	1	Bigg's	group	ecotype
SSA:0002002	SSA:0000900	2	Orcinus orca	taxon	
SSA:0002003	SSA:0000002	1	Bigg's	group	ecotype
SSA:0002003	SSA:0000900	2	Orcinus orca	taxon	
SSA:0002004	SSA:0000002	1	Bigg's	group	ecotype
SSA:0002004	SSA:0000900	2	Orcinus orca	taxon	
SSA:0002005	SSA:0000002	1	Bigg's	group	ecotype
SSA:0002005	SSA:0000900	2	Orcinus orca	taxon	
SSA:0002006	SSA:0000002	1	Bigg's	group	ecotype
SSA:0002006	SSA:0000900	2	Orcinus orca	taxon	
SSA:0002007	SSA:0000002	1	Bigg's	group	ecotype
SSA:0002007	SSA:0000900	2	Orcinus orca	taxon	
SSA:0002008	SSA:0000002	1	Bigg's	group	ecotype
SSA:0002008	SSA:0000900	2	Orcinus orca	taxon	
SSA:0002009	SSA:0000002	1	Bigg's	group	ecotype
SSA:0002009	SSA:0000900	2	Orcinus orca	taxon	
SSA:0002010	SSA:0000002	1	Bigg's	group	ecotype
SSA:0002010	SSA:0000900	2	Orcinus orca	taxon	
SSA:0002011	SSA:0000002	1	Bigg's	group	ecotype
SSA:0002011	SSA:0000900	2	Orcinus orca	taxon	
SSA:0002012	SSA:0000002	1	Bigg's	group	ecotype
SSA:0002012	SSA:0000900	2	Orcinus orca	taxon	
SSA:0002013	SSA:0000002	1	Bigg's	group	ecotype
SSA:0002013	SSA:0000900	2	Orcinus orca	taxon	
SSA:0002014	SSA:0000002	1	Bigg's	group	ecotype
SSA:0002014	SSA:0000900	2	Orcinus orca	taxon	
SSA:0002015	SSA:0000002	1	Bigg's	group	ecotype
SSA:0002015	SSA:0000900	2	Orcinus orca	taxon	
SSA:0002016	SSA:0000002	1	Bigg's	group	ecotype
SSA:0002016	SSA:0000900	2	Orcinus orca	taxon	
SSA:0002017	SSA:0000002	1	Bigg's	group	ecotype
SSA:0002017	SSA:0000900	2	Orcinus orca	taxon	
SSA:0002018	SSA:0000002	1	Bigg's	group	ecotype
SSA:0002018	SSA:0000900	2	Orcinus orca	taxon	
SSA:0002019	SSA:0000002	1	Bigg's	group	ecotype
SSA:0002019	SSA:0000900	2	Orcinus orca	taxon	
SSA:0002020	SSA:0000002	1	Bigg's	group	ecotype
SSA:0002020	SSA:0000900	2	Orcinus orca	taxon	
SSA:0002021	SSA:0000002	1	Bigg's	group	ecotype
SSA:0002021	SSA:0000900	2	Orcinus orca	taxon	
SSA:0002022	SSA:0000002	1	Bigg's	group	ecotype
SSA:0002022	SSA:0000900	2	Orcinus orca	taxon	
SSA:0002023	SSA:0000002	1	Bigg's	group	ecotype
SSA:0002023	SSA:0000900	2	Orcinus orca	taxon	
SSA:0002024	SSA:0000002	1	Bigg's	group	ecotype
SSA:0002024	SSA:0000900	2	Orcinus orca	taxon	
SSA:0002025	SSA:0000002	1	Bigg's	group	ecotype
SSA:0002025	SSA:0000900	2	Orcinus orca	taxon	
SSA:0002026	SSA:0000002	1	Bigg's	group	ecotype
SSA:0002026	SSA:0000900	2	Orcinus orca	taxon	
SSA:0002027	SSA:0000002	1	Bigg's	group	ecotype
SSA:0002027	SSA:0000900	2	Orcinus orca	taxon	
SSA:0002028	SSA:0000002	1	Bigg's	group	ecotype
SSA:0002028	SSA:0000900	2	Orcinus orca	taxon	
SSA:0002029	SSA:0000002	1	Bigg's	group	ecotype
SSA:0002029	SSA:0000900	2	Orcinus orca	taxon	
SSA:0002030	SSA:0000002	1	Bigg's	group	ecotype
SSA:0002030	SSA:0000900	2	Orcinus orca	taxon	
SSA:0002031	SSA:0000002	1	Bigg's	group	ecotype
SSA:0002031	SSA:0000900	2	Orcinus orca	taxon	
SSA:0002032	SSA:0000002	1	Bigg's	group	ecotype
SSA:0002032	SSA:0000900	2	Orcinus orca	taxon	
SSA:0002033	SSA:0000002	1	Bigg's	group	ecotype
SSA:0002033	SSA:0000900	2	Orcinus orca	taxon	
SSA:0002034	SSA:0000002	1	Bigg's	group	ecotype
SSA:0002034	SSA:0000900	2	Orcinus orca	taxon	
SSA:0002035	SSA:0000002	1	Bigg's	group	ecotype
SSA:0002035	SSA:0000900	2	Orcinus orca	taxon	
SSA:0002036	SSA:0000002	1	Bigg's	group	ecotype
SSA:0002036	SSA:0000900	2	Orcinus orca	taxon	
SSA:0002037	SSA:0000002	1	Bigg's	group	ecotype
SSA:0002037	SSA:0000900	2	Orcinus orca	taxon	
SSA:0002038	SSA:0000002	1	Bigg's	group	ecotype
SSA:0002038	SSA:0000900	2	Orcinus orca	taxon	
SSA:0002039	SSA:0000002	1	Bigg's	group	ecotype
SSA:0002039	SSA:0000900	2	Orcinus orca	taxon	
SSA:0002040	SSA:0000002	1	Bigg's	group	ecotype
SSA:0002040	SSA:0000900	2	Orcinus orca	taxon	
SSA:0002041	SSA:0000002	1	Bigg's	group	ecotype
SSA:0002041	SSA:0000900	2	Orcinus orca	taxon	
SSA:0002042	SSA:0000002	1	Bigg's	group	ecotype
SSA:0002042	SSA:0000900	2	Orcinus orca	taxon	
SSA:0002043	SSA:0000002	1	Bigg's	group	ecotype
SSA:0002043	SSA:0000900	2	Orcinus orca	taxon	
SSA:0002044	SSA:0000002	1	Bigg's	group	ecotype
SSA:0002044	SSA:0000900	2	Orcinus orca	taxon	
SSA:0002045	SSA:0000002	1	Bigg's	group	ecotype
SSA:0002045	SSA:0000900	2	Orcinus orca	taxon	
SSA:0002046	SSA:0000002	1	Bigg's	group	ecotype
SSA:0002046	SSA:0000900	2	Orcinus orca	taxon	
SSA:0002047	SSA:0000002	1	Bigg's	group	ecotype
SSA:0002047	SSA:0000900	2	Orcinus orca	taxon	
SSA:0002048	SSA:0000002	1	Bigg's	group	ecotype
SSA:0002048	SSA:0000900	2	Orcinus orca	taxon	
SSA:0002049	SSA:0000002	1	Bigg's	group	ecotype
SSA:0002049	SSA:0000900	2	Orcinus orca	taxon	
SSA:0002050	SSA:0000002	1	Bigg's	group	ecotype
SSA:0002050	SSA:0000900	2	Orcinus orca	taxon	
SSA:0002051	SSA:0000002	1	Bigg's	group	ecotype
SSA:0002051	SSA:0000900	2	Orcinus orca	taxon	
SSA:0002052	SSA:0000002	1	Bigg's	group	ecotype
SSA:0002052	SSA:0000900	2	Orcinus orca	taxon	
SSA:0002053	SSA:0000002	1	Bigg's	group	ecotype
SSA:0002053	SSA:0000900	2	Orcinus orca	taxon	
SSA:0002054	SSA:0000002	1	Bigg's	group	ecotype
SSA:0002054	SSA:0000900	2	Orcinus orca	taxon	
SSA:0002055	SSA:0000002	1	Bigg's	group	ecotype
SSA:0002055	SSA:0000900	2	Orcinus orca	taxon	
SSA:0002056	SSA:0000002	1	Bigg's	group	ecotype
SSA:0002056	SSA:0000900	2	Orcinus orca	taxon	
SSA:0002057	SSA:0000002	1	Bigg's	group	ecotype
SSA:0002057	SSA:0000900	2	Orcinus orca	taxon	
SSA:0002058	SSA:0000002	1	Bigg's	group	ecotype
SSA:0002058	SSA:0000900	2	Orcinus orca	taxon	
SSA:0002059	SSA:0000002	1	Bigg's	group	ecotype
SSA:0002059	SSA:0000900	2	Orcinus orca	taxon	
SSA:0002060	SSA:0000002	1	Bigg's	group	ecotype
SSA:0002060	SSA:0000900	2	Orcinus orca	taxon	
SSA:0002061	SSA:0000002	1	Bigg's	group	ecotype
SSA:0002061	SSA:0000900	2	Orcinus orca	taxon	
SSA:0002062	SSA:0000002	1	Bigg's	group	ecotype
SSA:0002062	SSA:0000900	2	Orcinus orca	taxon	
SSA:0002063	SSA:0000002	1	Bigg's	group	ecotype
SSA:0002063	SSA:0000900	2	Orcinus orca	taxon	
SSA:0002064	SSA:0000002	1	Bigg's	group	ecotype
SSA:0002064	SSA:0000900	2	Orcinus orca	taxon	
SSA:0002065	SSA:0000002	1	Bigg's	group	ecotype
SSA:0002065	SSA:0000900	2	Orcinus orca	taxon	
SSA:0002066	SSA:0000002	1	Bigg's	group	ecotype
SSA:0002066	SSA:0000900	2	Orcinus orca	taxon	
SSA:0002067	SSA:0000002	1	Bigg's	group	ecotype
SSA:0002067	SSA:0000900	2	Orcinus orca	taxon	
SSA:0002068	SSA:0000002	1	Bigg's	group	ecotype
SSA:0002068	SSA:0000900	2	Orcinus orca	taxon	
SSA:0002069	SSA:0000002	1	Bigg's	group	ecotype
SSA:0002069	SSA:0000900	2	Orcinus orca	taxon	
SSA:0002070	SSA:0000002	1	Bigg's	group	ecotype
SSA:0002070	SSA:0000900	2	Orcinus orca	taxon	
SSA:0002071	SSA:0000002	1	Bigg's	group	ecotype
SSA:0002071	SSA:0000900	2	Orcinus orca	taxon	
SSA:0002072	SSA:0000002	1	Bigg's	group	ecotype
SSA:0002072	SSA:0000900	2	Orcinus orca	taxon	
SSA:0002073	SSA:0000002	1	Bigg's	group	ecotype
SSA:0002073	SSA:0000900	2	Orcinus orca	taxon	
SSA:0002074	SSA:0000002	1	Bigg's	group	ecotype
SSA:0002074	SSA:0000900	2	Orcinus orca	taxon	
SSA:0002075	SSA:0000002	1	Bigg's	group	ecotype
SSA:0002075	SSA:0000900	2	Orcinus orca	taxon	
SSA:0002076	SSA:0000002	1	Bigg's	group	ecotype
SSA:0002076	SSA:0000900	2	Orcinus orca	taxon	
SSA:0002077	SSA:0000002	1	Bigg's	group	ecotype
SSA:0002077	SSA:0000900	2	Orcinus orca	taxon	
SSA:0002078	SSA:0000002	1	Bigg's	group	ecotype
SSA:0002078	SSA:0000900	2	Orcinus orca	taxon	
SSA:0002079	SSA:0000002	1	Bigg's	group	ecotype
SSA:0002079	SSA:0000900	2	Orcinus orca	taxon	
SSA:0002080	SSA:0000002	1	Bigg's	group	ecotype
SSA:0002080	SSA:0000900	2	Orcinus orca	taxon	
SSA:0002081	SSA:0000002	1	Bigg's	group	ecotype
SSA:0002081	SSA:0000900	2	Orcinus orca	taxon	
SSA:0002082	SSA:0000002	1	Bigg's	group	ecotype
SSA:0002082	SSA:0000900	2	Orcinus orca	taxon	
SSA:0002083	SSA:0000002	1	Bigg's	group	ecotype
SSA:0002083	SSA:0000900	2	Orcinus orca	taxon	
SSA:0002084	SSA:0000002	1	Bigg's	group	ecotype
SSA:0002084	SSA:0000900	2	Orcinus orca	taxon	
SSA:0002085	SSA:0000002	1	Bigg's	group	ecotype
SSA:0002085	SSA:0000900	2	Orcinus orca	taxon	
SSA:0002086	SSA:0000002	1	Bigg's	group	ecotype
SSA:0002086	SSA:0000900	2	Orcinus orca	taxon	
SSA:0002087	SSA:0000002	1	Bigg's	group	ecotype
SSA:0002087	SSA:0000900	2	Orcinus orca	taxon	
SSA:0002088	SSA:0000002	1	Bigg's	group	ecotype
SSA:0002088	SSA:0000900	2	Orcinus orca	taxon	
SSA:0002089	SSA:0000002	1	Bigg's	group	ecotype
SSA:0002089	SSA:0000900	2	Orcinus orca	taxon	
SSA:0002090	SSA:0000002	1	Bigg's	group	ecotype
SSA:0002090	SSA:0000900	2	Orcinus orca	taxon	
SSA:0002091	SSA:0000002	1	Bigg's	group	ecotype
SSA:0002091	SSA:0000900	2	Orcinus orca	taxon	
SSA:0002092	SSA:0000002	1	Bigg's	group	ecotype
SSA:0002092	SSA:0000900	2	Orcinus orca	taxon	
SSA:0002093	SSA:0000002	1	Bigg's	group	ecotype
SSA:0002093	SSA:0000900	2	Orcinus orca	taxon	
SSA:0002094	SSA:0000002	1	Bigg's	group	ecotype
SSA:0002094	SSA:0000900	2	Orcinus orca	taxon	
SSA:0002095	SSA:0000002	1	Bigg's	group	ecotype
SSA:0002095	SSA:0000900	2	Orcinus orca	taxon	
SSA:0002096	SSA:0000002	1	Bigg's	group	ecotype
SSA:0002096	SSA:0000900	2	Orcinus orca	taxon	
SSA:0002097	SSA:0000002	1	Bigg's	group	ecotype
SSA:0002097	SSA:0000900	2	Orcinus orca	taxon	
SSA:0002098	SSA:0000002	1	Bigg's	group	ecotype
SSA:0002098	SSA:0000900	2	Orcinus orca	taxon	
SSA:0002099	SSA:0000002	1	Bigg's	group	ecotype
SSA:0002099	SSA:0000900	2	Orcinus orca	taxon	
SSA:0002100	SSA:0000002	1	Bigg's	group	ecotype
SSA:0002100	SSA:0000900	2	Orcinus orca	taxon	
SSA:0002101	SSA:0000002	1	Bigg's	group	ecotype
SSA:0002101	SSA:0000900	2	Orcinus orca	taxon	
SSA:0002102	SSA:0000002	1	Bigg's	group	ecotype
SSA:0002102	SSA:0000900	2	Orcinus orca	taxon	
SSA:0002103	SSA:0000002	1	Bigg's	group	ecotype
SSA:0002103	SSA:0000900	2	Orcinus orca	taxon	
SSA:0002104	SSA:0000002	1	Bigg's	group	ecotype
SSA:0002104	SSA:0000900	2	Orcinus orca	taxon	
SSA:0002105	SSA:0000002	1	Bigg's	group	ecotype
SSA:0002105	SSA:0000900	2	Orcinus orca	taxon	
SSA:0002106	SSA:0000002	1	Bigg's	group	ecotype
SSA:0002106	SSA:0000900	2	Orcinus orca	taxon	
SSA:0002107	SSA:0000002	1	Bigg's	group	ecotype
SSA:0002107	SSA:0000900	2	Orcinus orca	taxon	
SSA:0002108	SSA:0000002	1	Bigg's	group	ecotype
SSA:0002108	SSA:0000900	2	Orcinus orca	taxon	
SSA:0002109	SSA:0000002	1	Bigg's	group	ecotype
SSA:0002109	SSA:0000900	2	Orcinus orca	taxon	
SSA:0002110	SSA:0000002	1	Bigg's	group	ecotype
SSA:0002110	SSA:0000900	2	Orcinus orca	taxon	
SSA:0002111	SSA:0000002	1	Bigg's	group	ecotype
SSA:0002111	SSA:0000900	2	Orcinus orca	taxon	
SSA:0002112	SSA:0000002	1	Bigg's	group	ecotype
SSA:0002112	SSA:0000900	2	Orcinus orca	taxon	
SSA:0002113	SSA:0000002	1	Bigg's	group	ecotype
SSA:0002113	SSA:0000900	2	Orcinus orca	taxon	
SSA:0002114	SSA:0000002	1	Bigg's	group	ecotype
SSA:0002114	SSA:0000900	2	Orcinus orca	taxon	
SSA:0002115	SSA:0000002	1	Bigg's	group	ecotype
SSA:0002115	SSA:0000900	2	Orcinus orca	taxon	
SSA:0002116	SSA:0000002	1	Bigg's	group	ecotype
SSA:0002116	SSA:0000900	2	Orcinus orca	taxon	
SSA:0002117	SSA:0000002	1	Bigg's	group	ecotype
SSA:0002117	SSA:0000900	2	Orcinus orca	taxon	
SSA:0002118	SSA:0000002	1	Bigg's	group	ecotype
SSA:0002118	SSA:0000900	2	Orcinus orca	taxon	
SSA:0002119	SSA:0000002	1	Bigg's	group	ecotype
SSA:0002119	SSA:0000900	2	Orcinus orca	taxon	
SSA:0002120	SSA:0000002	1	Bigg's	group	ecotype
SSA:0002120	SSA:0000900	2	Orcinus orca	taxon	
SSA:0002121	SSA:0000002	1	Bigg's	group	ecotype
SSA:0002121	SSA:0000900	2	Orcinus orca	taxon	
SSA:0002122	SSA:0000002	1	Bigg's	group	ecotype
SSA:0002122	SSA:0000900	2	Orcinus orca	taxon	
SSA:0002123	SSA:0000002	1	Bigg's	group	ecotype
SSA:0002123	SSA:0000900	2	Orcinus orca	taxon	
SSA:0002124	SSA:0000002	1	Bigg's	group	ecotype
SSA:0002124	SSA:0000900	2	Orcinus orca	taxon	
SSA:0002125	SSA:0000002	1	Bigg's	group	ecotype
SSA:0002125	SSA:0000900	2	Orcinus orca	taxon	
SSA:0002126	SSA:0000002	1	Bigg's	group	ecotype
SSA:0002126	SSA:0000900	2	Orcinus orca	taxon	
SSA:0002127	SSA:0000002	1	Bigg's	group	ecotype
SSA:0002127	SSA:0000900	2	Orcinus orca	taxon	
SSA:0002128	SSA:0000002	1	Bigg's	group	ecotype
SSA:0002128	SSA:0000900	2	Orcinus orca	taxon	
SSA:0002129	SSA:0000002	1	Bigg's	group	ecotype
SSA:0002129	SSA:0000900	2	Orcinus orca	taxon	
SSA:0002130	SSA:0000002	1	Bigg's	group	ecotype
SSA:0002130	SSA:0000900	2	Orcinus orca	taxon	
SSA:0002131	SSA:0000002	2	Bigg's	group	ecotype
SSA:0002131	SSA:0000900	3	Orcinus orca	taxon	
SSA:0002131	SSA:0002000	1	T002s	group	matriline
SSA:0002132	SSA:0000002	2	Bigg's	group	ecotype
SSA:0002132	SSA:0000900	3	Orcinus orca	taxon	
SSA:0002132	SSA:0002001	1	T007s	group	matriline
SSA:0002133	SSA:0000002	2	Bigg's	group	ecotype
SSA:0002133	SSA:0000900	3	Orcinus orca	taxon	
SSA:0002133	SSA:0002009	1	T023s	group	matriline
SSA:0002134	SSA:0000002	2	Bigg's	group	ecotype
SSA:0002134	SSA:0000900	3	Orcinus orca	taxon	
SSA:0002134	SSA:0002009	1	T023s	group	matriline
SSA:0002135	SSA:0000002	2	Bigg's	group	ecotype
SSA:0002135	SSA:0000900	3	Orcinus orca	taxon	
SSA:0002135	SSA:0002011	1	T028s	group	matriline
SSA:0002136	SSA:0000002	2	Bigg's	group	ecotype
SSA:0002136	SSA:0000900	3	Orcinus orca	taxon	
SSA:0002136	SSA:0002011	1	T028s	group	matriline
SSA:0002137	SSA:0000002	2	Bigg's	group	ecotype
SSA:0002137	SSA:0000900	3	Orcinus orca	taxon	
SSA:0002137	SSA:0002012	1	T030s	group	matriline
SSA:0002138	SSA:0000002	2	Bigg's	group	ecotype
SSA:0002138	SSA:0000900	3	Orcinus orca	taxon	
SSA:0002138	SSA:0002014	1	T034s	group	matriline
SSA:0002139	SSA:0000002	2	Bigg's	group	ecotype
SSA:0002139	SSA:0000900	3	Orcinus orca	taxon	
SSA:0002139	SSA:0002015	1	T035s	group	matriline
SSA:0002140	SSA:0000002	2	Bigg's	group	ecotype
SSA:0002140	SSA:0000900	3	Orcinus orca	taxon	
SSA:0002140	SSA:0002016	1	T036s	group	matriline
SSA:0002141	SSA:0000002	3	Bigg's	group	ecotype
SSA:0002141	SSA:0000900	4	Orcinus orca	taxon	
SSA:0002141	SSA:0002016	2	T036s	group	matriline
SSA:0002141	SSA:0002140	1	T036As	group	matriline
SSA:0002142	SSA:0000002	2	Bigg's	group	ecotype
SSA:0002142	SSA:0000900	3	Orcinus orca	taxon	
SSA:0002142	SSA:0002016	1	T036s	group	matriline
SSA:0002143	SSA:0000002	3	Bigg's	group	ecotype
SSA:0002143	SSA:0000900	4	Orcinus orca	taxon	
SSA:0002143	SSA:0002016	2	T036s	group	matriline
SSA:0002143	SSA:0002142	1	T036Bs	group	matriline
SSA:0002144	SSA:0000002	2	Bigg's	group	ecotype
SSA:0002144	SSA:0000900	3	Orcinus orca	taxon	
SSA:0002144	SSA:0002017	1	T037s	group	matriline
SSA:0002145	SSA:0000002	2	Bigg's	group	ecotype
SSA:0002145	SSA:0000900	3	Orcinus orca	taxon	
SSA:0002145	SSA:0002017	1	T037s	group	matriline
SSA:0002146	SSA:0000002	2	Bigg's	group	ecotype
SSA:0002146	SSA:0000900	3	Orcinus orca	taxon	
SSA:0002146	SSA:0002018	1	T038s	group	matriline
SSA:0002147	SSA:0000002	2	Bigg's	group	ecotype
SSA:0002147	SSA:0000900	3	Orcinus orca	taxon	
SSA:0002147	SSA:0002018	1	T038s	group	matriline
SSA:0002148	SSA:0000002	2	Bigg's	group	ecotype
SSA:0002148	SSA:0000900	3	Orcinus orca	taxon	
SSA:0002148	SSA:0002020	1	T041s	group	matriline
SSA:0002149	SSA:0000002	2	Bigg's	group	ecotype
SSA:0002149	SSA:0000900	3	Orcinus orca	taxon	
SSA:0002149	SSA:0002021	1	T046s	group	matriline
SSA:0002150	SSA:0000002	3	Bigg's	group	ecotype
SSA:0002150	SSA:0000900	4	Orcinus orca	taxon	
SSA:0002150	SSA:0002021	2	T046s	group	matriline
SSA:0002150	SSA:0002149	1	T046Bs	group	matriline
SSA:0002151	SSA:0000002	3	Bigg's	group	ecotype
SSA:0002151	SSA:0000900	4	Orcinus orca	taxon	
SSA:0002151	SSA:0002021	2	T046s	group	matriline
SSA:0002151	SSA:0002149	1	T046Bs	group	matriline
SSA:0002152	SSA:0000002	3	Bigg's	group	ecotype
SSA:0002152	SSA:0000900	4	Orcinus orca	taxon	
SSA:0002152	SSA:0002021	2	T046s	group	matriline
SSA:0002152	SSA:0002149	1	T046Bs	group	matriline
SSA:0002153	SSA:0000002	2	Bigg's	group	ecotype
SSA:0002153	SSA:0000900	3	Orcinus orca	taxon	
SSA:0002153	SSA:0002021	1	T046s	group	matriline
SSA:0002154	SSA:0000002	2	Bigg's	group	ecotype
SSA:0002154	SSA:0000900	3	Orcinus orca	taxon	
SSA:0002154	SSA:0002022	1	T049s	group	matriline
SSA:0002155	SSA:0000002	2	Bigg's	group	ecotype
SSA:0002155	SSA:0000900	3	Orcinus orca	taxon	
SSA:0002155	SSA:0002022	1	T049s	group	matriline
SSA:0002156	SSA:0000002	2	Bigg's	group	ecotype
SSA:0002156	SSA:0000900	3	Orcinus orca	taxon	
SSA:0002156	SSA:0002023	1	T050s	group	matriline
SSA:0002157	SSA:0000002	2	Bigg's	group	ecotype
SSA:0002157	SSA:0000900	3	Orcinus orca	taxon	
SSA:0002157	SSA:0002026	1	T055s	group	matriline
SSA:0002158	SSA:0000002	2	Bigg's	group	ecotype
SSA:0002158	SSA:0000900	3	Orcinus orca	taxon	
SSA:0002158	SSA:0002029	1	T059s	group	matriline
SSA:0002159	SSA:0000002	3	Bigg's	group	ecotype
SSA:0002159	SSA:0000900	4	Orcinus orca	taxon	
SSA:0002159	SSA:0002029	2	T059s	group	matriline
SSA:0002159	SSA:0002158	1	T059As	group	matriline
SSA:0002160	SSA:0000002	2	Bigg's	group	ecotype
SSA:0002160	SSA:0000900	3	Orcinus orca	taxon	
SSA:0002160	SSA:0002032	1	T064s	group	matriline
SSA:0002161	SSA:0000002	2	Bigg's	group	ecotype
SSA:0002161	SSA:0000900	3	Orcinus orca	taxon	
SSA:0002161	SSA:0002032	1	T064s	group	matriline
SSA:0002162	SSA:0000002	3	Bigg's	group	ecotype
SSA:0002162	SSA:0000900	4	Orcinus orca	taxon	
SSA:0002162	SSA:0002032	2	T064s	group	matriline
SSA:0002162	SSA:0002161	1	T064Bs	group	matriline
SSA:0002163	SSA:0000002	2	Bigg's	group	ecotype
SSA:0002163	SSA:0000900	3	Orcinus orca	taxon	
SSA:0002163	SSA:0002033	1	T065s	group	matriline
SSA:0002164	SSA:0000002	2	Bigg's	group	ecotype
SSA:0002164	SSA:0000900	3	Orcinus orca	taxon	
SSA:0002164	SSA:0002033	1	T065s	group	matriline
SSA:0002165	SSA:0000002	2	Bigg's	group	ecotype
SSA:0002165	SSA:0000900	3	Orcinus orca	taxon	
SSA:0002165	SSA:0002034	1	T068s	group	matriline
SSA:0002166	SSA:0000002	3	Bigg's	group	ecotype
SSA:0002166	SSA:0000900	4	Orcinus orca	taxon	
SSA:0002166	SSA:0002034	2	T068s	group	matriline
SSA:0002166	SSA:0002165	1	T068Bs	group	matriline
SSA:0002167	SSA:0000002	2	Bigg's	group	ecotype
SSA:0002167	SSA:0000900	3	Orcinus orca	taxon	
SSA:0002167	SSA:0002034	1	T068s	group	matriline
SSA:0002168	SSA:0000002	3	Bigg's	group	ecotype
SSA:0002168	SSA:0000900	4	Orcinus orca	taxon	
SSA:0002168	SSA:0002034	2	T068s	group	matriline
SSA:0002168	SSA:0002167	1	T068Cs	group	matriline
SSA:0002169	SSA:0000002	2	Bigg's	group	ecotype
SSA:0002169	SSA:0000900	3	Orcinus orca	taxon	
SSA:0002169	SSA:0002035	1	T069s	group	matriline
SSA:0002170	SSA:0000002	2	Bigg's	group	ecotype
SSA:0002170	SSA:0000900	3	Orcinus orca	taxon	
SSA:0002170	SSA:0002035	1	T069s	group	matriline
SSA:0002171	SSA:0000002	2	Bigg's	group	ecotype
SSA:0002171	SSA:0000900	3	Orcinus orca	taxon	
SSA:0002171	SSA:0002037	1	T071s	group	matriline
SSA:0002172	SSA:0000002	2	Bigg's	group	ecotype
SSA:0002172	SSA:0000900	3	Orcinus orca	taxon	
SSA:0002172	SSA:0002039	1	T073s	group	matriline
SSA:0002173	SSA:0000002	2	Bigg's	group	ecotype
SSA:0002173	SSA:0000900	3	Orcinus orca	taxon	
SSA:0002173	SSA:0002039	1	T073s	group	matriline
SSA:0002174	SSA:0000002	2	Bigg's	group	ecotype
SSA:0002174	SSA:0000900	3	Orcinus orca	taxon	
SSA:0002174	SSA:0002041	1	T075s	group	matriline
SSA:0002175	SSA:0000002	2	Bigg's	group	ecotype
SSA:0002175	SSA:0000900	3	Orcinus orca	taxon	
SSA:0002175	SSA:0002041	1	T075s	group	matriline
SSA:0002176	SSA:0000002	2	Bigg's	group	ecotype
SSA:0002176	SSA:0000900	3	Orcinus orca	taxon	
SSA:0002176	SSA:0002044	1	T086s	group	matriline
SSA:0002177	SSA:0000002	3	Bigg's	group	ecotype
SSA:0002177	SSA:0000900	4	Orcinus orca	taxon	
SSA:0002177	SSA:0002044	2	T086s	group	matriline
SSA:0002177	SSA:0002176	1	T086As	group	matriline
SSA:0002178	SSA:0000002	3	Bigg's	group	ecotype
SSA:0002178	SSA:0000900	4	Orcinus orca	taxon	
SSA:0002178	SSA:0002044	2	T086s	group	matriline
SSA:0002178	SSA:0002176	1	T086As	group	matriline
SSA:0002179	SSA:0000002	2	Bigg's	group	ecotype
SSA:0002179	SSA:0000900	3	Orcinus orca	taxon	
SSA:0002179	SSA:0002049	1	T099s	group	matriline
SSA:0002180	SSA:0000002	2	Bigg's	group	ecotype
SSA:0002180	SSA:0000900	3	Orcinus orca	taxon	
SSA:0002180	SSA:0002050	1	T100s	group	matriline
SSA:0002181	SSA:0000002	2	Bigg's	group	ecotype
SSA:0002181	SSA:0000900	3	Orcinus orca	taxon	
SSA:0002181	SSA:0002054	1	T109s	group	matriline
SSA:0002182	SSA:0000002	3	Bigg's	group	ecotype
SSA:0002182	SSA:0000900	4	Orcinus orca	taxon	
SSA:0002182	SSA:0002054	2	T109s	group	matriline
SSA:0002182	SSA:0002181	1	T109As	group	matriline
SSA:0002183	SSA:0000002	3	Bigg's	group	ecotype
SSA:0002183	SSA:0000900	4	Orcinus orca	taxon	
SSA:0002183	SSA:0002054	2	T109s	group	matriline
SSA:0002183	SSA:0002181	1	T109As	group	matriline
SSA:0002184	SSA:0000002	2	Bigg's	group	ecotype
SSA:0002184	SSA:0000900	3	Orcinus orca	taxon	
SSA:0002184	SSA:0002054	1	T109s	group	matriline
SSA:0002185	SSA:0000002	2	Bigg's	group	ecotype
SSA:0002185	SSA:0000900	3	Orcinus orca	taxon	
SSA:0002185	SSA:0002054	1	T109s	group	matriline
SSA:0002186	SSA:0000002	2	Bigg's	group	ecotype
SSA:0002186	SSA:0000900	3	Orcinus orca	taxon	
SSA:0002186	SSA:0002054	1	T109s	group	matriline
SSA:0002187	SSA:0000002	2	Bigg's	group	ecotype
SSA:0002187	SSA:0000900	3	Orcinus orca	taxon	
SSA:0002187	SSA:0002055	1	T111s	group	matriline
SSA:0002188	SSA:0000002	2	Bigg's	group	ecotype
SSA:0002188	SSA:0000900	3	Orcinus orca	taxon	
SSA:0002188	SSA:0002055	1	T111s	group	matriline
SSA:0002189	SSA:0000002	2	Bigg's	group	ecotype
SSA:0002189	SSA:0000900	3	Orcinus orca	taxon	
SSA:0002189	SSA:0002061	1	T117s	group	matriline
SSA:0002190	SSA:0000002	2	Bigg's	group	ecotype
SSA:0002190	SSA:0000900	3	Orcinus orca	taxon	
SSA:0002190	SSA:0002064	1	T121s	group	matriline
SSA:0002191	SSA:0000002	2	Bigg's	group	ecotype
SSA:0002191	SSA:0000900	3	Orcinus orca	taxon	
SSA:0002191	SSA:0002067	1	T124s	group	matriline
SSA:0002192	SSA:0000002	3	Bigg's	group	ecotype
SSA:0002192	SSA:0000900	4	Orcinus orca	taxon	
SSA:0002192	SSA:0002067	2	T124s	group	matriline
SSA:0002192	SSA:0002191	1	T124As	group	matriline
SSA:0002193	SSA:0000002	3	Bigg's	group	ecotype
SSA:0002193	SSA:0000900	4	Orcinus orca	taxon	
SSA:0002193	SSA:0002067	2	T124s	group	matriline
SSA:0002193	SSA:0002191	1	T124As	group	matriline
SSA:0002194	SSA:0000002	3	Bigg's	group	ecotype
SSA:0002194	SSA:0000900	4	Orcinus orca	taxon	
SSA:0002194	SSA:0002067	2	T124s	group	matriline
SSA:0002194	SSA:0002191	1	T124As	group	matriline
SSA:0002195	SSA:0000002	3	Bigg's	group	ecotype
SSA:0002195	SSA:0000900	4	Orcinus orca	taxon	
SSA:0002195	SSA:0002067	2	T124s	group	matriline
SSA:0002195	SSA:0002191	1	T124As	group	matriline
SSA:0002196	SSA:0000002	2	Bigg's	group	ecotype
SSA:0002196	SSA:0000900	3	Orcinus orca	taxon	
SSA:0002196	SSA:0002067	1	T124s	group	matriline
SSA:0002197	SSA:0000002	2	Bigg's	group	ecotype
SSA:0002197	SSA:0000900	3	Orcinus orca	taxon	
SSA:0002197	SSA:0002084	1	T146s	group	matriline
SSA:0002198	SSA:0000002	2	Bigg's	group	ecotype
SSA:0002198	SSA:0000900	3	Orcinus orca	taxon	
SSA:0002198	SSA:0002084	1	T146s	group	matriline
SSA:0002199	SSA:0000002	2	Bigg's	group	ecotype
SSA:0002199	SSA:0000900	3	Orcinus orca	taxon	
SSA:0002199	SSA:0002089	1	T151s	group	matriline
SSA:0002200	SSA:0000002	2	Bigg's	group	ecotype
SSA:0002200	SSA:0000900	3	Orcinus orca	taxon	
SSA:0002200	SSA:0002096	1	T166s	group	matriline
SSA:0002201	SSA:0000002	2	Bigg's	group	ecotype
SSA:0002201	SSA:0000900	3	Orcinus orca	taxon	
SSA:0002201	SSA:0002098	1	T168s	group	matriline
SSA:0002202	SSA:0000002	2	Bigg's	group	ecotype
SSA:0002202	SSA:0000900	3	Orcinus orca	taxon	
SSA:0002202	SSA:0002104	1	T174s	group	matriline
SSA:0002203	SSA:0000002	2	Bigg's	group	ecotype
SSA:0002203	SSA:0000900	3	Orcinus orca	taxon	
SSA:0002203	SSA:0002104	1	T174s	group	matriline
SSA:0003000	SSA:0000003	4	Resident	group	ecotype
SSA:0003000	SSA:0000010	3	Southern Resident	group	community
SSA:0003000	SSA:0000011	2	J clan	group	clan
SSA:0003000	SSA:0000020	1	J pod	group	pod
SSA:0003000	SSA:0000900	5	Orcinus orca	taxon	
SSA:0003001	SSA:0000003	4	Resident	group	ecotype
SSA:0003001	SSA:0000010	3	Southern Resident	group	community
SSA:0003001	SSA:0000011	2	J clan	group	clan
SSA:0003001	SSA:0000020	1	J pod	group	pod
SSA:0003001	SSA:0000900	5	Orcinus orca	taxon	
SSA:0003002	SSA:0000003	4	Resident	group	ecotype
SSA:0003002	SSA:0000010	3	Southern Resident	group	community
SSA:0003002	SSA:0000011	2	J clan	group	clan
SSA:0003002	SSA:0000020	1	J pod	group	pod
SSA:0003002	SSA:0000900	5	Orcinus orca	taxon	
SSA:0003003	SSA:0000003	5	Resident	group	ecotype
SSA:0003003	SSA:0000010	4	Southern Resident	group	community
SSA:0003003	SSA:0000011	3	J clan	group	clan
SSA:0003003	SSA:0000020	2	J pod	group	pod
SSA:0003003	SSA:0000900	6	Orcinus orca	taxon	
SSA:0003003	SSA:0003000	1	J4s	group	matriline
SSA:0003004	SSA:0000003	4	Resident	group	ecotype
SSA:0003004	SSA:0000010	3	Southern Resident	group	community
SSA:0003004	SSA:0000011	2	J clan	group	clan
SSA:0003004	SSA:0000020	1	J pod	group	pod
SSA:0003004	SSA:0000900	5	Orcinus orca	taxon	
SSA:0003005	SSA:0000003	5	Resident	group	ecotype
SSA:0003005	SSA:0000010	4	Southern Resident	group	community
SSA:0003005	SSA:0000011	3	J clan	group	clan
SSA:0003005	SSA:0000020	2	J pod	group	pod
SSA:0003005	SSA:0000900	6	Orcinus orca	taxon	
SSA:0003005	SSA:0003004	1	J12s	group	matriline
SSA:0003006	SSA:0000003	4	Resident	group	ecotype
SSA:0003006	SSA:0000010	3	Southern Resident	group	community
SSA:0003006	SSA:0000011	2	J clan	group	clan
SSA:0003006	SSA:0000020	1	J pod	group	pod
SSA:0003006	SSA:0000900	5	Orcinus orca	taxon	
SSA:0003007	SSA:0000003	5	Resident	group	ecotype
SSA:0003007	SSA:0000010	4	Southern Resident	group	community
SSA:0003007	SSA:0000011	3	J clan	group	clan
SSA:0003007	SSA:0000020	2	J pod	group	pod
SSA:0003007	SSA:0000900	6	Orcinus orca	taxon	
SSA:0003007	SSA:0003000	1	J4s	group	matriline
SSA:0003008	SSA:0000003	5	Resident	group	ecotype
SSA:0003008	SSA:0000010	4	Southern Resident	group	community
SSA:0003008	SSA:0000011	3	J clan	group	clan
SSA:0003008	SSA:0000020	2	J pod	group	pod
SSA:0003008	SSA:0000900	6	Orcinus orca	taxon	
SSA:0003008	SSA:0003002	1	J10s	group	matriline
SSA:0003009	SSA:0000003	5	Resident	group	ecotype
SSA:0003009	SSA:0000010	4	Southern Resident	group	community
SSA:0003009	SSA:0000011	3	J clan	group	clan
SSA:0003009	SSA:0000020	2	J pod	group	pod
SSA:0003009	SSA:0000900	6	Orcinus orca	taxon	
SSA:0003009	SSA:0003002	1	J10s	group	matriline
SSA:0003010	SSA:0000003	6	Resident	group	ecotype
SSA:0003010	SSA:0000010	5	Southern Resident	group	community
SSA:0003010	SSA:0000011	4	J clan	group	clan
SSA:0003010	SSA:0000020	3	J pod	group	pod
SSA:0003010	SSA:0000030	1	J17s	group	matriline
SSA:0003010	SSA:0000900	7	Orcinus orca	taxon	
SSA:0003010	SSA:0003001	2	J5s	group	matriline
SSA:0003011	SSA:0000003	6	Resident	group	ecotype
SSA:0003011	SSA:0000010	5	Southern Resident	group	community
SSA:0003011	SSA:0000011	4	J clan	group	clan
SSA:0003011	SSA:0000020	3	J pod	group	pod
SSA:0003011	SSA:0000900	7	Orcinus orca	taxon	
SSA:0003011	SSA:0003000	2	J4s	group	matriline
SSA:0003011	SSA:0003003	1	J11s	group	matriline
SSA:0003012	SSA:0000003	6	Resident	group	ecotype
SSA:0003012	SSA:0000010	5	Southern Resident	group	community
SSA:0003012	SSA:0000011	4	J clan	group	clan
SSA:0003012	SSA:0000020	3	J pod	group	pod
SSA:0003012	SSA:0000030	1	J17s	group	matriline
SSA:0003012	SSA:0000900	7	Orcinus orca	taxon	
SSA:0003012	SSA:0003001	2	J5s	group	matriline
SSA:0003013	SSA:0000003	5	Resident	group	ecotype
SSA:0003013	SSA:0000010	4	Southern Resident	group	community
SSA:0003013	SSA:0000011	3	J clan	group	clan
SSA:0003013	SSA:0000020	2	J pod	group	pod
SSA:0003013	SSA:0000900	6	Orcinus orca	taxon	
SSA:0003013	SSA:0003006	1	J16s	group	matriline
SSA:0003014	SSA:0000003	6	Resident	group	ecotype
SSA:0003014	SSA:0000010	5	Southern Resident	group	community
SSA:0003014	SSA:0000011	4	J clan	group	clan
SSA:0003014	SSA:0000020	3	J pod	group	pod
SSA:0003014	SSA:0000900	7	Orcinus orca	taxon	
SSA:0003014	SSA:0003004	2	J12s	group	matriline
SSA:0003014	SSA:0003005	1	J14s	group	matriline
SSA:0003015	SSA:0000003	6	Resident	group	ecotype
SSA:0003015	SSA:0000010	5	Southern Resident	group	community
SSA:0003015	SSA:0000011	4	J clan	group	clan
SSA:0003015	SSA:0000020	3	J pod	group	pod
SSA:0003015	SSA:0000900	7	Orcinus orca	taxon	
SSA:0003015	SSA:0003004	2	J12s	group	matriline
SSA:0003015	SSA:0003005	1	J14s	group	matriline
SSA:0003016	SSA:0000003	6	Resident	group	ecotype
SSA:0003016	SSA:0000010	5	Southern Resident	group	community
SSA:0003016	SSA:0000011	4	J clan	group	clan
SSA:0003016	SSA:0000020	3	J pod	group	pod
SSA:0003016	SSA:0000900	7	Orcinus orca	taxon	
SSA:0003016	SSA:0003000	2	J4s	group	matriline
SSA:0003016	SSA:0003007	1	J19s	group	matriline
SSA:0003017	SSA:0000003	5	Resident	group	ecotype
SSA:0003017	SSA:0000010	4	Southern Resident	group	community
SSA:0003017	SSA:0000011	3	J clan	group	clan
SSA:0003017	SSA:0000020	2	J pod	group	pod
SSA:0003017	SSA:0000900	6	Orcinus orca	taxon	
SSA:0003017	SSA:0003006	1	J16s	group	matriline
SSA:0003018	SSA:0000003	5	Resident	group	ecotype
SSA:0003018	SSA:0000010	4	Southern Resident	group	community
SSA:0003018	SSA:0000011	3	J clan	group	clan
SSA:0003018	SSA:0000021	2	K pod	group	pod
SSA:0003018	SSA:0000900	6	Orcinus orca	taxon	
SSA:0003018	SSA:0003021	1	K8s	group	matriline
SSA:0003019	SSA:0000003	4	Resident	group	ecotype
SSA:0003019	SSA:0000010	3	Southern Resident	group	community
SSA:0003019	SSA:0000011	2	J clan	group	clan
SSA:0003019	SSA:0000021	1	K pod	group	pod
SSA:0003019	SSA:0000900	5	Orcinus orca	taxon	
SSA:0003020	SSA:0000003	4	Resident	group	ecotype
SSA:0003020	SSA:0000010	3	Southern Resident	group	community
SSA:0003020	SSA:0000011	2	J clan	group	clan
SSA:0003020	SSA:0000021	1	K pod	group	pod
SSA:0003020	SSA:0000900	5	Orcinus orca	taxon	
SSA:0003021	SSA:0000003	4	Resident	group	ecotype
SSA:0003021	SSA:0000010	3	Southern Resident	group	community
SSA:0003021	SSA:0000011	2	J clan	group	clan
SSA:0003021	SSA:0000021	1	K pod	group	pod
SSA:0003021	SSA:0000900	5	Orcinus orca	taxon	
SSA:0003022	SSA:0000003	5	Resident	group	ecotype
SSA:0003022	SSA:0000010	4	Southern Resident	group	community
SSA:0003022	SSA:0000011	3	J clan	group	clan
SSA:0003022	SSA:0000021	2	K pod	group	pod
SSA:0003022	SSA:0000900	6	Orcinus orca	taxon	
SSA:0003022	SSA:0003020	1	K7s	group	matriline
SSA:0003023	SSA:0000003	5	Resident	group	ecotype
SSA:0003023	SSA:0000010	4	Southern Resident	group	community
SSA:0003023	SSA:0000011	3	J clan	group	clan
SSA:0003023	SSA:0000021	2	K pod	group	pod
SSA:0003023	SSA:0000900	6	Orcinus orca	taxon	
SSA:0003023	SSA:0003019	1	K4s	group	matriline
SSA:0003024	SSA:0000003	6	Resident	group	ecotype
SSA:0003024	SSA:0000010	5	Southern Resident	group	community
SSA:0003024	SSA:0000011	4	J clan	group	clan
SSA:0003024	SSA:0000021	3	K pod	group	pod
SSA:0003024	SSA:0000900	7	Orcinus orca	taxon	
SSA:0003024	SSA:0003020	2	K7s	group	matriline
SSA:0003024	SSA:0003022	1	K11s	group	matriline
SSA:0003025	SSA:0000003	6	Resident	group	ecotype
SSA:0003025	SSA:0000010	5	Southern Resident	group	community
SSA:0003025	SSA:0000011	4	J clan	group	clan
SSA:0003025	SSA:0000021	3	K pod	group	pod
SSA:0003025	SSA:0000900	7	Orcinus orca	taxon	
SSA:0003025	SSA:0003018	1	K3s	group	matriline
SSA:0003025	SSA:0003021	2	K8s	group	matriline
SSA:0003026	SSA:0000003	6	Resident	group	ecotype
SSA:0003026	SSA:0000010	5	Southern Resident	group	community
SSA:0003026	SSA:0000011	4	J clan	group	clan
SSA:0003026	SSA:0000021	3	K pod	group	pod
SSA:0003026	SSA:0000900	7	Orcinus orca	taxon	
SSA:0003026	SSA:0003018	1	K3s	group	matriline
SSA:0003026	SSA:0003021	2	K8s	group	matriline
SSA:0003027	SSA:0000003	4	Resident	group	ecotype
SSA:0003027	SSA:0000010	3	Southern Resident	group	community
SSA:0003027	SSA:0000011	2	J clan	group	clan
SSA:0003027	SSA:0000021	1	K pod	group	pod
SSA:0003027	SSA:0000900	5	Orcinus orca	taxon	
SSA:0003028	SSA:0000003	7	Resident	group	ecotype
SSA:0003028	SSA:0000010	6	Southern Resident	group	community
SSA:0003028	SSA:0000011	5	J clan	group	clan
SSA:0003028	SSA:0000021	4	K pod	group	pod
SSA:0003028	SSA:0000900	8	Orcinus orca	taxon	
SSA:0003028	SSA:0003020	3	K7s	group	matriline
SSA:0003028	SSA:0003022	2	K11s	group	matriline
SSA:0003028	SSA:0003024	1	K13s	group	matriline
SSA:0003029	SSA:0000003	6	Resident	group	ecotype
SSA:0003029	SSA:0000010	5	Southern Resident	group	community
SSA:0003029	SSA:0000011	4	J clan	group	clan
SSA:0003029	SSA:0000021	3	K pod	group	pod
SSA:0003029	SSA:0000900	7	Orcinus orca	taxon	
SSA:0003029	SSA:0003019	2	K4s	group	matriline
SSA:0003029	SSA:0003023	1	K12s	group	matriline
SSA:0003030	SSA:0000003	7	Resident	group	ecotype
SSA:0003030	SSA:0000010	6	Southern Resident	group	community
SSA:0003030	SSA:0000011	5	J clan	group	clan
SSA:0003030	SSA:0000021	4	K pod	group	pod
SSA:0003030	SSA:0000900	8	Orcinus orca	taxon	
SSA:0003030	SSA:0003020	3	K7s	group	matriline
SSA:0003030	SSA:0003022	2	K11s	group	matriline
SSA:0003030	SSA:0003024	1	K13s	group	matriline
SSA:0003031	SSA:0000003	6	Resident	group	ecotype
SSA:0003031	SSA:0000010	5	Southern Resident	group	community
SSA:0003031	SSA:0000011	4	J clan	group	clan
SSA:0003031	SSA:0000021	3	K pod	group	pod
SSA:0003031	SSA:0000900	7	Orcinus orca	taxon	
SSA:0003031	SSA:0003019	2	K4s	group	matriline
SSA:0003031	SSA:0003023	1	K12s	group	matriline
SSA:0003032	SSA:0000003	7	Resident	group	ecotype
SSA:0003032	SSA:0000010	6	Southern Resident	group	community
SSA:0003032	SSA:0000011	5	J clan	group	clan
SSA:0003032	SSA:0000021	4	K pod	group	pod
SSA:0003032	SSA:0000900	8	Orcinus orca	taxon	
SSA:0003032	SSA:0003018	2	K3s	group	matriline
SSA:0003032	SSA:0003021	3	K8s	group	matriline
SSA:0003032	SSA:0003025	1	K14s	group	matriline
SSA:0003033	SSA:0000003	4	Resident	group	ecotype
SSA:0003033	SSA:0000010	3	Southern Resident	group	community
SSA:0003033	SSA:0000011	2	J clan	group	clan
SSA:0003033	SSA:0000022	1	L pod	group	pod
SSA:0003033	SSA:0000900	5	Orcinus orca	taxon	
SSA:0003034	SSA:0000003	4	Resident	group	ecotype
SSA:0003034	SSA:0000010	3	Southern Resident	group	community
SSA:0003034	SSA:0000011	2	J clan	group	clan
SSA:0003034	SSA:0000022	1	L pod	group	pod
SSA:0003034	SSA:0000900	5	Orcinus orca	taxon	
SSA:0003035	SSA:0000003	4	Resident	group	ecotype
SSA:0003035	SSA:0000010	3	Southern Resident	group	community
SSA:0003035	SSA:0000011	2	J clan	group	clan
SSA:0003035	SSA:0000022	1	L pod	group	pod
SSA:0003035	SSA:0000900	5	Orcinus orca	taxon	
SSA:0003036	SSA:0000003	4	Resident	group	ecotype
SSA:0003036	SSA:0000010	3	Southern Resident	group	community
SSA:0003036	SSA:0000011	2	J clan	group	clan
SSA:0003036	SSA:0000022	1	L pod	group	pod
SSA:0003036	SSA:0000900	5	Orcinus orca	taxon	
SSA:0003037	SSA:0000003	4	Resident	group	ecotype
SSA:0003037	SSA:0000010	3	Southern Resident	group	community
SSA:0003037	SSA:0000011	2	J clan	group	clan
SSA:0003037	SSA:0000022	1	L pod	group	pod
SSA:0003037	SSA:0000900	5	Orcinus orca	taxon	
SSA:0003038	SSA:0000003	4	Resident	group	ecotype
SSA:0003038	SSA:0000010	3	Southern Resident	group	community
SSA:0003038	SSA:0000011	2	J clan	group	clan
SSA:0003038	SSA:0000022	1	L pod	group	pod
SSA:0003038	SSA:0000900	5	Orcinus orca	taxon	
SSA:0003039	SSA:0000003	4	Resident	group	ecotype
SSA:0003039	SSA:0000010	3	Southern Resident	group	community
SSA:0003039	SSA:0000011	2	J clan	group	clan
SSA:0003039	SSA:0000022	1	L pod	group	pod
SSA:0003039	SSA:0000900	5	Orcinus orca	taxon	
SSA:0003040	SSA:0000003	4	Resident	group	ecotype
SSA:0003040	SSA:0000010	3	Southern Resident	group	community
SSA:0003040	SSA:0000011	2	J clan	group	clan
SSA:0003040	SSA:0000022	1	L pod	group	pod
SSA:0003040	SSA:0000900	5	Orcinus orca	taxon	
SSA:0003041	SSA:0000003	4	Resident	group	ecotype
SSA:0003041	SSA:0000010	3	Southern Resident	group	community
SSA:0003041	SSA:0000011	2	J clan	group	clan
SSA:0003041	SSA:0000022	1	L pod	group	pod
SSA:0003041	SSA:0000900	5	Orcinus orca	taxon	
SSA:0003042	SSA:0000003	5	Resident	group	ecotype
SSA:0003042	SSA:0000010	4	Southern Resident	group	community
SSA:0003042	SSA:0000011	3	J clan	group	clan
SSA:0003042	SSA:0000022	2	L pod	group	pod
SSA:0003042	SSA:0000031	1	L32s	group	matriline
SSA:0003042	SSA:0000900	6	Orcinus orca	taxon	
SSA:0003043	SSA:0000003	4	Resident	group	ecotype
SSA:0003043	SSA:0000010	3	Southern Resident	group	community
SSA:0003043	SSA:0000011	2	J clan	group	clan
SSA:0003043	SSA:0000022	1	L pod	group	pod
SSA:0003043	SSA:0000900	5	Orcinus orca	taxon	
SSA:0003044	SSA:0000003	4	Resident	group	ecotype
SSA:0003044	SSA:0000010	3	Southern Resident	group	community
SSA:0003044	SSA:0000011	2	J clan	group	clan
SSA:0003044	SSA:0000022	1	L pod	group	pod
SSA:0003044	SSA:0000900	5	Orcinus orca	taxon	
SSA:0003045	SSA:0000003	4	Resident	group	ecotype
SSA:0003045	SSA:0000010	3	Southern Resident	group	community
SSA:0003045	SSA:0000011	2	J clan	group	clan
SSA:0003045	SSA:0000022	1	L pod	group	pod
SSA:0003045	SSA:0000900	5	Orcinus orca	taxon	
SSA:0003046	SSA:0000003	4	Resident	group	ecotype
SSA:0003046	SSA:0000010	3	Southern Resident	group	community
SSA:0003046	SSA:0000011	2	J clan	group	clan
SSA:0003046	SSA:0000022	1	L pod	group	pod
SSA:0003046	SSA:0000900	5	Orcinus orca	taxon	
SSA:0003047	SSA:0000003	4	Resident	group	ecotype
SSA:0003047	SSA:0000010	3	Southern Resident	group	community
SSA:0003047	SSA:0000011	2	J clan	group	clan
SSA:0003047	SSA:0000022	1	L pod	group	pod
SSA:0003047	SSA:0000900	5	Orcinus orca	taxon	
SSA:0003048	SSA:0000003	4	Resident	group	ecotype
SSA:0003048	SSA:0000010	3	Southern Resident	group	community
SSA:0003048	SSA:0000011	2	J clan	group	clan
SSA:0003048	SSA:0000022	1	L pod	group	pod
SSA:0003048	SSA:0000900	5	Orcinus orca	taxon	
SSA:0003049	SSA:0000003	5	Resident	group	ecotype
SSA:0003049	SSA:0000010	4	Southern Resident	group	community
SSA:0003049	SSA:0000011	3	J clan	group	clan
SSA:0003049	SSA:0000022	2	L pod	group	pod
SSA:0003049	SSA:0000900	6	Orcinus orca	taxon	
SSA:0003049	SSA:0003048	1	L37s	group	matriline
SSA:0003050	SSA:0000003	4	Resident	group	ecotype
SSA:0003050	SSA:0000010	3	Southern Resident	group	community
SSA:0003050	SSA:0000011	2	J clan	group	clan
SSA:0003050	SSA:0000022	1	L pod	group	pod
SSA:0003050	SSA:0000900	5	Orcinus orca	taxon	
SSA:0003051	SSA:0000003	5	Resident	group	ecotype
SSA:0003051	SSA:0000010	4	Southern Resident	group	community
SSA:0003051	SSA:0000011	3	J clan	group	clan
SSA:0003051	SSA:0000022	2	L pod	group	pod
SSA:0003051	SSA:0000900	6	Orcinus orca	taxon	
SSA:0003051	SSA:0003041	1	L21s	group	matriline
SSA:0003052	SSA:0000003	5	Resident	group	ecotype
SSA:0003052	SSA:0000010	4	Southern Resident	group	community
SSA:0003052	SSA:0000011	3	J clan	group	clan
SSA:0003052	SSA:0000022	2	L pod	group	pod
SSA:0003052	SSA:0000900	6	Orcinus orca	taxon	
SSA:0003052	SSA:0003034	1	L3s	group	matriline
SSA:0003053	SSA:0000003	5	Resident	group	ecotype
SSA:0003053	SSA:0000010	4	Southern Resident	group	community
SSA:0003053	SSA:0000011	3	J clan	group	clan
SSA:0003053	SSA:0000022	2	L pod	group	pod
SSA:0003053	SSA:0000900	6	Orcinus orca	taxon	
SSA:0003053	SSA:0003047	1	L35s	group	matriline
SSA:0003054	SSA:0000003	5	Resident	group	ecotype
SSA:0003054	SSA:0000010	4	Southern Resident	group	community
SSA:0003054	SSA:0000011	3	J clan	group	clan
SSA:0003054	SSA:0000022	2	L pod	group	pod
SSA:0003054	SSA:0000900	6	Orcinus orca	taxon	
SSA:0003054	SSA:0003035	1	L4s	group	matriline
SSA:0003055	SSA:0000003	5	Resident	group	ecotype
SSA:0003055	SSA:0000010	4	Southern Resident	group	community
SSA:0003055	SSA:0000011	3	J clan	group	clan
SSA:0003055	SSA:0000022	2	L pod	group	pod
SSA:0003055	SSA:0000900	6	Orcinus orca	taxon	
SSA:0003055	SSA:0003044	1	L26s	group	matriline
SSA:0003056	SSA:0000003	5	Resident	group	ecotype
SSA:0003056	SSA:0000010	4	Southern Resident	group	community
SSA:0003056	SSA:0000011	3	J clan	group	clan
SSA:0003056	SSA:0000022	2	L pod	group	pod
SSA:0003056	SSA:0000900	6	Orcinus orca	taxon	
SSA:0003056	SSA:0003033	1	L2s	group	matriline
SSA:0003057	SSA:0000003	6	Resident	group	ecotype
SSA:0003057	SSA:0000010	5	Southern Resident	group	community
SSA:0003057	SSA:0000011	4	J clan	group	clan
SSA:0003057	SSA:0000022	3	L pod	group	pod
SSA:0003057	SSA:0000900	7	Orcinus orca	taxon	
SSA:0003057	SSA:0003048	2	L37s	group	matriline
SSA:0003057	SSA:0003049	1	L43s	group	matriline
SSA:0003058	SSA:0000003	5	Resident	group	ecotype
SSA:0003058	SSA:0000010	4	Southern Resident	group	community
SSA:0003058	SSA:0000011	3	J clan	group	clan
SSA:0003058	SSA:0000022	2	L pod	group	pod
SSA:0003058	SSA:0000900	6	Orcinus orca	taxon	
SSA:0003058	SSA:0003038	1	L11s	group	matriline
SSA:0003059	SSA:0000003	6	Resident	group	ecotype
SSA:0003059	SSA:0000010	5	Southern Resident	group	community
SSA:0003059	SSA:0000011	4	J clan	group	clan
SSA:0003059	SSA:0000022	3	L pod	group	pod
SSA:0003059	SSA:0000900	7	Orcinus orca	taxon	
SSA:0003059	SSA:0003035	2	L4s	group	matriline
SSA:0003059	SSA:0003054	1	L55s	group	matriline
SSA:0003060	SSA:0000003	6	Resident	group	ecotype
SSA:0003060	SSA:0000010	5	Southern Resident	group	community
SSA:0003060	SSA:0000011	4	J clan	group	clan
SSA:0003060	SSA:0000022	3	L pod	group	pod
SSA:0003060	SSA:0000900	7	Orcinus orca	taxon	
SSA:0003060	SSA:0003041	2	L21s	group	matriline
SSA:0003060	SSA:0003051	1	L47s	group	matriline
SSA:0003061	SSA:0000003	5	Resident	group	ecotype
SSA:0003061	SSA:0000010	4	Southern Resident	group	community
SSA:0003061	SSA:0000011	3	J clan	group	clan
SSA:0003061	SSA:0000022	2	L pod	group	pod
SSA:0003061	SSA:0000900	6	Orcinus orca	taxon	
SSA:0003061	SSA:0003035	1	L4s	group	matriline
SSA:0003062	SSA:0000003	5	Resident	group	ecotype
SSA:0003062	SSA:0000010	4	Southern Resident	group	community
SSA:0003062	SSA:0000011	3	J clan	group	clan
SSA:0003062	SSA:0000022	2	L pod	group	pod
SSA:0003062	SSA:0000900	6	Orcinus orca	taxon	
SSA:0003062	SSA:0003044	1	L26s	group	matriline
SSA:0003063	SSA:0000003	6	Resident	group	ecotype
SSA:0003063	SSA:0000010	5	Southern Resident	group	community
SSA:0003063	SSA:0000011	4	J clan	group	clan
SSA:0003063	SSA:0000022	3	L pod	group	pod
SSA:0003063	SSA:0000900	7	Orcinus orca	taxon	
SSA:0003063	SSA:0003041	2	L21s	group	matriline
SSA:0003063	SSA:0003051	1	L47s	group	matriline
SSA:0003064	SSA:0000003	5	Resident	group	ecotype
SSA:0003064	SSA:0000010	4	Southern Resident	group	community
SSA:0003064	SSA:0000011	3	J clan	group	clan
SSA:0003064	SSA:0000022	2	L pod	group	pod
SSA:0003064	SSA:0000900	6	Orcinus orca	taxon	
SSA:0003064	SSA:0003038	1	L11s	group	matriline
SSA:0003065	SSA:0000003	6	Resident	group	ecotype
SSA:0003065	SSA:0000010	5	Southern Resident	group	community
SSA:0003065	SSA:0000011	4	J clan	group	clan
SSA:0003065	SSA:0000022	3	L pod	group	pod
SSA:0003065	SSA:0000900	7	Orcinus orca	taxon	
SSA:0003065	SSA:0003035	2	L4s	group	matriline
SSA:0003065	SSA:0003054	1	L55s	group	matriline
SSA:0003066	SSA:0000003	6	Resident	group	ecotype
SSA:0003066	SSA:0000010	5	Southern Resident	group	community
SSA:0003066	SSA:0000011	4	J clan	group	clan
SSA:0003066	SSA:0000022	3	L pod	group	pod
SSA:0003066	SSA:0000900	7	Orcinus orca	taxon	
SSA:0003066	SSA:0003038	2	L11s	group	matriline
SSA:0003066	SSA:0003058	1	L77s	group	matriline
SSA:0010000	SSA:0000002	2	Bigg's	group	ecotype
SSA:0010000	SSA:0000900	3	Orcinus orca	taxon	
SSA:0010000	SSA:0002000	1	T002s	group	matriline
SSA:0010001	SSA:0000002	2	Bigg's	group	ecotype
SSA:0010001	SSA:0000900	3	Orcinus orca	taxon	
SSA:0010001	SSA:0002000	1	T002s	group	matriline
SSA:0010001	SSA:0002131	1	T002Cs	group	matriline
SSA:0010002	SSA:0000002	2	Bigg's	group	ecotype
SSA:0010002	SSA:0000900	3	Orcinus orca	taxon	
SSA:0010002	SSA:0002000	1	T002s	group	matriline
SSA:0010002	SSA:0002131	1	T002Cs	group	matriline
SSA:0010003	SSA:0000002	2	Bigg's	group	ecotype
SSA:0010003	SSA:0000900	3	Orcinus orca	taxon	
SSA:0010003	SSA:0002000	1	T002s	group	matriline
SSA:0010003	SSA:0002131	1	T002Cs	group	matriline
SSA:0010004	SSA:0000002	2	Bigg's	group	ecotype
SSA:0010004	SSA:0000900	3	Orcinus orca	taxon	
SSA:0010004	SSA:0002000	1	T002s	group	matriline
SSA:0010004	SSA:0002131	1	T002Cs	group	matriline
SSA:0010005	SSA:0000002	2	Bigg's	group	ecotype
SSA:0010005	SSA:0000900	3	Orcinus orca	taxon	
SSA:0010005	SSA:0002000	1	T002s	group	matriline
SSA:0010005	SSA:0002131	1	T002Cs	group	matriline
SSA:0010006	SSA:0000002	2	Bigg's	group	ecotype
SSA:0010006	SSA:0000900	3	Orcinus orca	taxon	
SSA:0010006	SSA:0002000	1	T002s	group	matriline
SSA:0010006	SSA:0002131	1	T002Cs	group	matriline
SSA:0010007	SSA:0000002	2	Bigg's	group	ecotype
SSA:0010007	SSA:0000900	3	Orcinus orca	taxon	
SSA:0010007	SSA:0002000	1	T002s	group	matriline
SSA:0010007	SSA:0002131	1	T002Cs	group	matriline
SSA:0010008	SSA:0000002	2	Bigg's	group	ecotype
SSA:0010008	SSA:0000900	3	Orcinus orca	taxon	
SSA:0010008	SSA:0002001	1	T007s	group	matriline
SSA:0010009	SSA:0000002	2	Bigg's	group	ecotype
SSA:0010009	SSA:0000900	3	Orcinus orca	taxon	
SSA:0010009	SSA:0002001	1	T007s	group	matriline
SSA:0010010	SSA:0000002	2	Bigg's	group	ecotype
SSA:0010010	SSA:0000900	3	Orcinus orca	taxon	
SSA:0010010	SSA:0002001	1	T007s	group	matriline
SSA:0010010	SSA:0002132	1	T007Bs	group	matriline
SSA:0010011	SSA:0000002	2	Bigg's	group	ecotype
SSA:0010011	SSA:0000900	3	Orcinus orca	taxon	
SSA:0010011	SSA:0002001	1	T007s	group	matriline
SSA:0010011	SSA:0002132	1	T007Bs	group	matriline
SSA:0010012	SSA:0000002	2	Bigg's	group	ecotype
SSA:0010012	SSA:0000900	3	Orcinus orca	taxon	
SSA:0010012	SSA:0002001	1	T007s	group	matriline
SSA:0010012	SSA:0002132	1	T007Bs	group	matriline
SSA:0010013	SSA:0000002	2	Bigg's	group	ecotype
SSA:0010013	SSA:0000900	3	Orcinus orca	taxon	
SSA:0010013	SSA:0002001	1	T007s	group	matriline
SSA:0010013	SSA:0002132	1	T007Bs	group	matriline
SSA:0010014	SSA:0000002	2	Bigg's	group	ecotype
SSA:0010014	SSA:0000900	3	Orcinus orca	taxon	
SSA:0010014	SSA:0002001	1	T007s	group	matriline
SSA:0010014	SSA:0002132	1	T007Bs	group	matriline
SSA:0010015	SSA:0000002	2	Bigg's	group	ecotype
SSA:0010015	SSA:0000900	3	Orcinus orca	taxon	
SSA:0010015	SSA:0002002	1	T010s	group	matriline
SSA:0010016	SSA:0000002	2	Bigg's	group	ecotype
SSA:0010016	SSA:0000900	3	Orcinus orca	taxon	
SSA:0010016	SSA:0002002	1	T010s	group	matriline
SSA:0010017	SSA:0000002	2	Bigg's	group	ecotype
SSA:0010017	SSA:0000900	3	Orcinus orca	taxon	
SSA:0010017	SSA:0002002	1	T010s	group	matriline
SSA:0010018	SSA:0000002	2	Bigg's	group	ecotype
SSA:0010018	SSA:0000900	3	Orcinus orca	taxon	
SSA:0010018	SSA:0002003	1	T011s	group	matriline
SSA:0010019	SSA:0000002	2	Bigg's	group	ecotype
SSA:0010019	SSA:0000900	3	Orcinus orca	taxon	
SSA:0010019	SSA:0002003	1	T011s	group	matriline
SSA:0010020	SSA:0000002	2	Bigg's	group	ecotype
SSA:0010020	SSA:0000900	3	Orcinus orca	taxon	
SSA:0010020	SSA:0002004	1	T012s	group	matriline
SSA:0010021	SSA:0000002	2	Bigg's	group	ecotype
SSA:0010021	SSA:0000900	3	Orcinus orca	taxon	
SSA:0010021	SSA:0002005	1	T018s	group	matriline
SSA:0010022	SSA:0000002	2	Bigg's	group	ecotype
SSA:0010022	SSA:0000900	3	Orcinus orca	taxon	
SSA:0010022	SSA:0002006	1	T019s	group	matriline
SSA:0010023	SSA:0000002	2	Bigg's	group	ecotype
SSA:0010023	SSA:0000900	3	Orcinus orca	taxon	
SSA:0010023	SSA:0002006	1	T019s	group	matriline
SSA:0010024	SSA:0000002	2	Bigg's	group	ecotype
SSA:0010024	SSA:0000900	3	Orcinus orca	taxon	
SSA:0010024	SSA:0002006	1	T019s	group	matriline
SSA:0010025	SSA:0000002	2	Bigg's	group	ecotype
SSA:0010025	SSA:0000900	3	Orcinus orca	taxon	
SSA:0010025	SSA:0002007	1	T020s	group	matriline
SSA:0010026	SSA:0000002	2	Bigg's	group	ecotype
SSA:0010026	SSA:0000900	3	Orcinus orca	taxon	
SSA:0010026	SSA:0002008	1	T021s	group	matriline
SSA:0010027	SSA:0000002	2	Bigg's	group	ecotype
SSA:0010027	SSA:0000900	3	Orcinus orca	taxon	
SSA:0010027	SSA:0002009	1	T023s	group	matriline
SSA:0010028	SSA:0000002	2	Bigg's	group	ecotype
SSA:0010028	SSA:0000900	3	Orcinus orca	taxon	
SSA:0010028	SSA:0002009	1	T023s	group	matriline
SSA:0010028	SSA:0002133	1	T023Cs	group	matriline
SSA:0010029	SSA:0000002	2	Bigg's	group	ecotype
SSA:0010029	SSA:0000900	3	Orcinus orca	taxon	
SSA:0010029	SSA:0002009	1	T023s	group	matriline
SSA:0010029	SSA:0002133	1	T023Cs	group	matriline
SSA:0010030	SSA:0000002	2	Bigg's	group	ecotype
SSA:0010030	SSA:0000900	3	Orcinus orca	taxon	
SSA:0010030	SSA:0002009	1	T023s	group	matriline
SSA:0010030	SSA:0002133	1	T023Cs	group	matriline
SSA:0010031	SSA:0000002	2	Bigg's	group	ecotype
SSA:0010031	SSA:0000900	3	Orcinus orca	taxon	
SSA:0010031	SSA:0002009	1	T023s	group	matriline
SSA:0010031	SSA:0002133	1	T023Cs	group	matriline
SSA:0010032	SSA:0000002	2	Bigg's	group	ecotype
SSA:0010032	SSA:0000900	3	Orcinus orca	taxon	
SSA:0010032	SSA:0002009	1	T023s	group	matriline
SSA:0010032	SSA:0002133	1	T023Cs	group	matriline
SSA:0010033	SSA:0000002	2	Bigg's	group	ecotype
SSA:0010033	SSA:0000900	3	Orcinus orca	taxon	
SSA:0010033	SSA:0002009	1	T023s	group	matriline
SSA:0010033	SSA:0002134	1	T023Ds	group	matriline
SSA:0010034	SSA:0000002	2	Bigg's	group	ecotype
SSA:0010034	SSA:0000900	3	Orcinus orca	taxon	
SSA:0010034	SSA:0002009	1	T023s	group	matriline
SSA:0010034	SSA:0002134	1	T023Ds	group	matriline
SSA:0010035	SSA:0000002	2	Bigg's	group	ecotype
SSA:0010035	SSA:0000900	3	Orcinus orca	taxon	
SSA:0010035	SSA:0002009	1	T023s	group	matriline
SSA:0010035	SSA:0002134	1	T023Ds	group	matriline
SSA:0010036	SSA:0000002	2	Bigg's	group	ecotype
SSA:0010036	SSA:0000900	3	Orcinus orca	taxon	
SSA:0010036	SSA:0002009	1	T023s	group	matriline
SSA:0010036	SSA:0002134	1	T023Ds	group	matriline
SSA:0010037	SSA:0000002	2	Bigg's	group	ecotype
SSA:0010037	SSA:0000900	3	Orcinus orca	taxon	
SSA:0010037	SSA:0002010	1	T026s	group	matriline
SSA:0010038	SSA:0000002	2	Bigg's	group	ecotype
SSA:0010038	SSA:0000900	3	Orcinus orca	taxon	
SSA:0010038	SSA:0002010	1	T026s	group	matriline
SSA:0010039	SSA:0000002	2	Bigg's	group	ecotype
SSA:0010039	SSA:0000900	3	Orcinus orca	taxon	
SSA:0010039	SSA:0002011	1	T028s	group	matriline
SSA:0010040	SSA:0000002	2	Bigg's	group	ecotype
SSA:0010040	SSA:0000900	3	Orcinus orca	taxon	
SSA:0010040	SSA:0002011	1	T028s	group	matriline
SSA:0010040	SSA:0002135	1	T028As	group	matriline
SSA:0010041	SSA:0000002	2	Bigg's	group	ecotype
SSA:0010041	SSA:0000900	3	Orcinus orca	taxon	
SSA:0010041	SSA:0002011	1	T028s	group	matriline
SSA:0010041	SSA:0002135	1	T028As	group	matriline
SSA:0010042	SSA:0000002	2	Bigg's	group	ecotype
SSA:0010042	SSA:0000900	3	Orcinus orca	taxon	
SSA:0010042	SSA:0002011	1	T028s	group	matriline
SSA:0010042	SSA:0002135	1	T028As	group	matriline
SSA:0010043	SSA:0000002	2	Bigg's	group	ecotype
SSA:0010043	SSA:0000900	3	Orcinus orca	taxon	
SSA:0010043	SSA:0002011	1	T028s	group	matriline
SSA:0010043	SSA:0002135	1	T028As	group	matriline
SSA:0010044	SSA:0000002	2	Bigg's	group	ecotype
SSA:0010044	SSA:0000900	3	Orcinus orca	taxon	
SSA:0010044	SSA:0002011	1	T028s	group	matriline
SSA:0010044	SSA:0002136	1	T028Bs	group	matriline
SSA:0010045	SSA:0000002	2	Bigg's	group	ecotype
SSA:0010045	SSA:0000900	3	Orcinus orca	taxon	
SSA:0010045	SSA:0002011	1	T028s	group	matriline
SSA:0010045	SSA:0002136	1	T028Bs	group	matriline
SSA:0010046	SSA:0000002	2	Bigg's	group	ecotype
SSA:0010046	SSA:0000900	3	Orcinus orca	taxon	
SSA:0010046	SSA:0002011	1	T028s	group	matriline
SSA:0010046	SSA:0002136	1	T028Bs	group	matriline
SSA:0010047	SSA:0000002	2	Bigg's	group	ecotype
SSA:0010047	SSA:0000900	3	Orcinus orca	taxon	
SSA:0010047	SSA:0002011	1	T028s	group	matriline
SSA:0010048	SSA:0000002	2	Bigg's	group	ecotype
SSA:0010048	SSA:0000900	3	Orcinus orca	taxon	
SSA:0010048	SSA:0002011	1	T028s	group	matriline
SSA:0010049	SSA:0000002	2	Bigg's	group	ecotype
SSA:0010049	SSA:0000900	3	Orcinus orca	taxon	
SSA:0010049	SSA:0002011	1	T028s	group	matriline
SSA:0010050	SSA:0000002	2	Bigg's	group	ecotype
SSA:0010050	SSA:0000900	3	Orcinus orca	taxon	
SSA:0010050	SSA:0002012	1	T030s	group	matriline
SSA:0010051	SSA:0000002	2	Bigg's	group	ecotype
SSA:0010051	SSA:0000900	3	Orcinus orca	taxon	
SSA:0010051	SSA:0002012	1	T030s	group	matriline
SSA:0010052	SSA:0000002	2	Bigg's	group	ecotype
SSA:0010052	SSA:0000900	3	Orcinus orca	taxon	
SSA:0010052	SSA:0002012	1	T030s	group	matriline
SSA:0010052	SSA:0002137	1	T030Bs	group	matriline
SSA:0010053	SSA:0000002	2	Bigg's	group	ecotype
SSA:0010053	SSA:0000900	3	Orcinus orca	taxon	
SSA:0010053	SSA:0002012	1	T030s	group	matriline
SSA:0010053	SSA:0002137	1	T030Bs	group	matriline
SSA:0010054	SSA:0000002	2	Bigg's	group	ecotype
SSA:0010054	SSA:0000900	3	Orcinus orca	taxon	
SSA:0010054	SSA:0002012	1	T030s	group	matriline
SSA:0010054	SSA:0002137	1	T030Bs	group	matriline
SSA:0010055	SSA:0000002	2	Bigg's	group	ecotype
SSA:0010055	SSA:0000900	3	Orcinus orca	taxon	
SSA:0010055	SSA:0002012	1	T030s	group	matriline
SSA:0010055	SSA:0002137	1	T030Bs	group	matriline
SSA:0010056	SSA:0000002	2	Bigg's	group	ecotype
SSA:0010056	SSA:0000900	3	Orcinus orca	taxon	
SSA:0010056	SSA:0002012	1	T030s	group	matriline
SSA:0010057	SSA:0000002	2	Bigg's	group	ecotype
SSA:0010057	SSA:0000900	3	Orcinus orca	taxon	
SSA:0010057	SSA:0002013	1	T031s	group	matriline
SSA:0010058	SSA:0000002	2	Bigg's	group	ecotype
SSA:0010058	SSA:0000900	3	Orcinus orca	taxon	
SSA:0010058	SSA:0002014	1	T034s	group	matriline
SSA:0010059	SSA:0000002	2	Bigg's	group	ecotype
SSA:0010059	SSA:0000900	3	Orcinus orca	taxon	
SSA:0010059	SSA:0002014	1	T034s	group	matriline
SSA:0010059	SSA:0002138	1	T034As	group	matriline
SSA:0010060	SSA:0000002	2	Bigg's	group	ecotype
SSA:0010060	SSA:0000900	3	Orcinus orca	taxon	
SSA:0010060	SSA:0002014	1	T034s	group	matriline
SSA:0010060	SSA:0002138	1	T034As	group	matriline
SSA:0010061	SSA:0000002	2	Bigg's	group	ecotype
SSA:0010061	SSA:0000900	3	Orcinus orca	taxon	
SSA:0010061	SSA:0002014	1	T034s	group	matriline
SSA:0010061	SSA:0002138	1	T034As	group	matriline
SSA:0010062	SSA:0000002	2	Bigg's	group	ecotype
SSA:0010062	SSA:0000900	3	Orcinus orca	taxon	
SSA:0010062	SSA:0002014	1	T034s	group	matriline
SSA:0010063	SSA:0000002	2	Bigg's	group	ecotype
SSA:0010063	SSA:0000900	3	Orcinus orca	taxon	
SSA:0010063	SSA:0002015	1	T035s	group	matriline
SSA:0010064	SSA:0000002	2	Bigg's	group	ecotype
SSA:0010064	SSA:0000900	3	Orcinus orca	taxon	
SSA:0010064	SSA:0002015	1	T035s	group	matriline
SSA:0010064	SSA:0002139	1	T035As	group	matriline
SSA:0010065	SSA:0000002	2	Bigg's	group	ecotype
SSA:0010065	SSA:0000900	3	Orcinus orca	taxon	
SSA:0010065	SSA:0002015	1	T035s	group	matriline
SSA:0010065	SSA:0002139	1	T035As	group	matriline
SSA:0010066	SSA:0000002	2	Bigg's	group	ecotype
SSA:0010066	SSA:0000900	3	Orcinus orca	taxon	
SSA:0010066	SSA:0002015	1	T035s	group	matriline
SSA:0010066	SSA:0002139	1	T035As	group	matriline
SSA:0010067	SSA:0000002	2	Bigg's	group	ecotype
SSA:0010067	SSA:0000900	3	Orcinus orca	taxon	
SSA:0010067	SSA:0002015	1	T035s	group	matriline
SSA:0010067	SSA:0002139	1	T035As	group	matriline
SSA:0010068	SSA:0000002	2	Bigg's	group	ecotype
SSA:0010068	SSA:0000900	3	Orcinus orca	taxon	
SSA:0010068	SSA:0002015	1	T035s	group	matriline
SSA:0010068	SSA:0002139	1	T035As	group	matriline
SSA:0010069	SSA:0000002	2	Bigg's	group	ecotype
SSA:0010069	SSA:0000900	3	Orcinus orca	taxon	
SSA:0010069	SSA:0002016	1	T036s	group	matriline
SSA:0010070	SSA:0000002	2	Bigg's	group	ecotype
SSA:0010070	SSA:0000900	3	Orcinus orca	taxon	
SSA:0010070	SSA:0002016	1	T036s	group	matriline
SSA:0010070	SSA:0002140	1	T036As	group	matriline
SSA:0010071	SSA:0000002	2	Bigg's	group	ecotype
SSA:0010071	SSA:0000900	3	Orcinus orca	taxon	
SSA:0010071	SSA:0002016	1	T036s	group	matriline
SSA:0010071	SSA:0002140	2	T036As	group	matriline
SSA:0010071	SSA:0002141	1	T036A1s	group	matriline
SSA:0010072	SSA:0000002	2	Bigg's	group	ecotype
SSA:0010072	SSA:0000900	3	Orcinus orca	taxon	
SSA:0010072	SSA:0002016	1	T036s	group	matriline
SSA:0010072	SSA:0002140	2	T036As	group	matriline
SSA:0010072	SSA:0002141	1	T036A1s	group	matriline
SSA:0010073	SSA:0000002	2	Bigg's	group	ecotype
SSA:0010073	SSA:0000900	3	Orcinus orca	taxon	
SSA:0010073	SSA:0002016	1	T036s	group	matriline
SSA:0010073	SSA:0002140	1	T036As	group	matriline
SSA:0010074	SSA:0000002	2	Bigg's	group	ecotype
SSA:0010074	SSA:0000900	3	Orcinus orca	taxon	
SSA:0010074	SSA:0002016	1	T036s	group	matriline
SSA:0010074	SSA:0002140	1	T036As	group	matriline
SSA:0010075	SSA:0000002	2	Bigg's	group	ecotype
SSA:0010075	SSA:0000900	3	Orcinus orca	taxon	
SSA:0010075	SSA:0002016	1	T036s	group	matriline
SSA:0010075	SSA:0002140	1	T036As	group	matriline
SSA:0010076	SSA:0000002	2	Bigg's	group	ecotype
SSA:0010076	SSA:0000900	3	Orcinus orca	taxon	
SSA:0010076	SSA:0002016	1	T036s	group	matriline
SSA:0010076	SSA:0002142	1	T036Bs	group	matriline
SSA:0010077	SSA:0000002	2	Bigg's	group	ecotype
SSA:0010077	SSA:0000900	3	Orcinus orca	taxon	
SSA:0010077	SSA:0002016	1	T036s	group	matriline
SSA:0010077	SSA:0002142	2	T036Bs	group	matriline
SSA:0010077	SSA:0002143	1	T036B1s	group	matriline
SSA:0010078	SSA:0000002	2	Bigg's	group	ecotype
SSA:0010078	SSA:0000900	3	Orcinus orca	taxon	
SSA:0010078	SSA:0002016	1	T036s	group	matriline
SSA:0010078	SSA:0002142	2	T036Bs	group	matriline
SSA:0010078	SSA:0002143	1	T036B1s	group	matriline
SSA:0010079	SSA:0000002	2	Bigg's	group	ecotype
SSA:0010079	SSA:0000900	3	Orcinus orca	taxon	
SSA:0010079	SSA:0002016	1	T036s	group	matriline
SSA:0010079	SSA:0002142	1	T036Bs	group	matriline
SSA:0010080	SSA:0000002	2	Bigg's	group	ecotype
SSA:0010080	SSA:0000900	3	Orcinus orca	taxon	
SSA:0010080	SSA:0002016	1	T036s	group	matriline
SSA:0010080	SSA:0002142	1	T036Bs	group	matriline
SSA:0010081	SSA:0000002	2	Bigg's	group	ecotype
SSA:0010081	SSA:0000900	3	Orcinus orca	taxon	
SSA:0010081	SSA:0002016	1	T036s	group	matriline
SSA:0010081	SSA:0002142	1	T036Bs	group	matriline
SSA:0010082	SSA:0000002	2	Bigg's	group	ecotype
SSA:0010082	SSA:0000900	3	Orcinus orca	taxon	
SSA:0010082	SSA:0002017	1	T037s	group	matriline
SSA:0010083	SSA:0000002	2	Bigg's	group	ecotype
SSA:0010083	SSA:0000900	3	Orcinus orca	taxon	
SSA:0010083	SSA:0002017	1	T037s	group	matriline
SSA:0010083	SSA:0002144	1	T037As	group	matriline
SSA:0010084	SSA:0000002	2	Bigg's	group	ecotype
SSA:0010084	SSA:0000900	3	Orcinus orca	taxon	
SSA:0010084	SSA:0002017	1	T037s	group	matriline
SSA:0010084	SSA:0002144	1	T037As	group	matriline
SSA:0010085	SSA:0000002	2	Bigg's	group	ecotype
SSA:0010085	SSA:0000900	3	Orcinus orca	taxon	
SSA:0010085	SSA:0002017	1	T037s	group	matriline
SSA:0010085	SSA:0002144	1	T037As	group	matriline
SSA:0010086	SSA:0000002	2	Bigg's	group	ecotype
SSA:0010086	SSA:0000900	3	Orcinus orca	taxon	
SSA:0010086	SSA:0002017	1	T037s	group	matriline
SSA:0010086	SSA:0002144	1	T037As	group	matriline
SSA:0010087	SSA:0000002	2	Bigg's	group	ecotype
SSA:0010087	SSA:0000900	3	Orcinus orca	taxon	
SSA:0010087	SSA:0002017	1	T037s	group	matriline
SSA:0010087	SSA:0002144	1	T037As	group	matriline
SSA:0010088	SSA:0000002	2	Bigg's	group	ecotype
SSA:0010088	SSA:0000900	3	Orcinus orca	taxon	
SSA:0010088	SSA:0002017	1	T037s	group	matriline
SSA:0010088	SSA:0002144	1	T037As	group	matriline
SSA:0010089	SSA:0000002	2	Bigg's	group	ecotype
SSA:0010089	SSA:0000900	3	Orcinus orca	taxon	
SSA:0010089	SSA:0002017	1	T037s	group	matriline
SSA:0010089	SSA:0002145	1	T037Bs	group	matriline
SSA:0010090	SSA:0000002	2	Bigg's	group	ecotype
SSA:0010090	SSA:0000900	3	Orcinus orca	taxon	
SSA:0010090	SSA:0002017	1	T037s	group	matriline
SSA:0010090	SSA:0002145	1	T037Bs	group	matriline
SSA:0010091	SSA:0000002	2	Bigg's	group	ecotype
SSA:0010091	SSA:0000900	3	Orcinus orca	taxon	
SSA:0010091	SSA:0002017	1	T037s	group	matriline
SSA:0010091	SSA:0002145	1	T037Bs	group	matriline
SSA:0010092	SSA:0000002	2	Bigg's	group	ecotype
SSA:0010092	SSA:0000900	3	Orcinus orca	taxon	
SSA:0010092	SSA:0002017	1	T037s	group	matriline
SSA:0010092	SSA:0002145	1	T037Bs	group	matriline
SSA:0010093	SSA:0000002	2	Bigg's	group	ecotype
SSA:0010093	SSA:0000900	3	Orcinus orca	taxon	
SSA:0010093	SSA:0002018	1	T038s	group	matriline
SSA:0010094	SSA:0000002	2	Bigg's	group	ecotype
SSA:0010094	SSA:0000900	3	Orcinus orca	taxon	
SSA:0010094	SSA:0002018	1	T038s	group	matriline
SSA:0010094	SSA:0002146	1	T038As	group	matriline
SSA:0010095	SSA:0000002	2	Bigg's	group	ecotype
SSA:0010095	SSA:0000900	3	Orcinus orca	taxon	
SSA:0010095	SSA:0002018	1	T038s	group	matriline
SSA:0010095	SSA:0002146	1	T038As	group	matriline
SSA:0010096	SSA:0000002	2	Bigg's	group	ecotype
SSA:0010096	SSA:0000900	3	Orcinus orca	taxon	
SSA:0010096	SSA:0002018	1	T038s	group	matriline
SSA:0010096	SSA:0002146	1	T038As	group	matriline
SSA:0010097	SSA:0000002	2	Bigg's	group	ecotype
SSA:0010097	SSA:0000900	3	Orcinus orca	taxon	
SSA:0010097	SSA:0002018	1	T038s	group	matriline
SSA:0010097	SSA:0002146	1	T038As	group	matriline
SSA:0010098	SSA:0000002	2	Bigg's	group	ecotype
SSA:0010098	SSA:0000900	3	Orcinus orca	taxon	
SSA:0010098	SSA:0002018	1	T038s	group	matriline
SSA:0010098	SSA:0002147	1	T038Bs	group	matriline
SSA:0010099	SSA:0000002	2	Bigg's	group	ecotype
SSA:0010099	SSA:0000900	3	Orcinus orca	taxon	
SSA:0010099	SSA:0002018	1	T038s	group	matriline
SSA:0010099	SSA:0002147	1	T038Bs	group	matriline
SSA:0010100	SSA:0000002	2	Bigg's	group	ecotype
SSA:0010100	SSA:0000900	3	Orcinus orca	taxon	
SSA:0010100	SSA:0002018	1	T038s	group	matriline
SSA:0010100	SSA:0002147	1	T038Bs	group	matriline
SSA:0010101	SSA:0000002	2	Bigg's	group	ecotype
SSA:0010101	SSA:0000900	3	Orcinus orca	taxon	
SSA:0010101	SSA:0002018	1	T038s	group	matriline
SSA:0010102	SSA:0000002	2	Bigg's	group	ecotype
SSA:0010102	SSA:0000900	3	Orcinus orca	taxon	
SSA:0010102	SSA:0002018	1	T038s	group	matriline
SSA:0010103	SSA:0000002	2	Bigg's	group	ecotype
SSA:0010103	SSA:0000900	3	Orcinus orca	taxon	
SSA:0010103	SSA:0002018	1	T038s	group	matriline
SSA:0010104	SSA:0000002	2	Bigg's	group	ecotype
SSA:0010104	SSA:0000900	3	Orcinus orca	taxon	
SSA:0010104	SSA:0002018	1	T038s	group	matriline
SSA:0010105	SSA:0000002	2	Bigg's	group	ecotype
SSA:0010105	SSA:0000900	3	Orcinus orca	taxon	
SSA:0010105	SSA:0002019	1	T040s	group	matriline
SSA:0010106	SSA:0000002	2	Bigg's	group	ecotype
SSA:0010106	SSA:0000900	3	Orcinus orca	taxon	
SSA:0010106	SSA:0002020	1	T041s	group	matriline
SSA:0010107	SSA:0000002	2	Bigg's	group	ecotype
SSA:0010107	SSA:0000900	3	Orcinus orca	taxon	
SSA:0010107	SSA:0002020	1	T041s	group	matriline
SSA:0010107	SSA:0002148	1	T041As	group	matriline
SSA:0010108	SSA:0000002	2	Bigg's	group	ecotype
SSA:0010108	SSA:0000900	3	Orcinus orca	taxon	
SSA:0010108	SSA:0002020	1	T041s	group	matriline
SSA:0010108	SSA:0002148	1	T041As	group	matriline
SSA:0010109	SSA:0000002	2	Bigg's	group	ecotype
SSA:0010109	SSA:0000900	3	Orcinus orca	taxon	
SSA:0010109	SSA:0002020	1	T041s	group	matriline
SSA:0010109	SSA:0002148	1	T041As	group	matriline
SSA:0010110	SSA:0000002	2	Bigg's	group	ecotype
SSA:0010110	SSA:0000900	3	Orcinus orca	taxon	
SSA:0010110	SSA:0002020	1	T041s	group	matriline
SSA:0010110	SSA:0002148	1	T041As	group	matriline
SSA:0010111	SSA:0000002	2	Bigg's	group	ecotype
SSA:0010111	SSA:0000900	3	Orcinus orca	taxon	
SSA:0010111	SSA:0002021	1	T046s	group	matriline
SSA:0010112	SSA:0000002	2	Bigg's	group	ecotype
SSA:0010112	SSA:0000900	3	Orcinus orca	taxon	
SSA:0010112	SSA:0002021	1	T046s	group	matriline
SSA:0010112	SSA:0002149	1	T046Bs	group	matriline
SSA:0010113	SSA:0000002	2	Bigg's	group	ecotype
SSA:0010113	SSA:0000900	3	Orcinus orca	taxon	
SSA:0010113	SSA:0002021	1	T046s	group	matriline
SSA:0010113	SSA:0002149	2	T046Bs	group	matriline
SSA:0010113	SSA:0002150	1	T046B1s	group	matriline
SSA:0010114	SSA:0000002	2	Bigg's	group	ecotype
SSA:0010114	SSA:0000900	3	Orcinus orca	taxon	
SSA:0010114	SSA:0002021	1	T046s	group	matriline
SSA:0010114	SSA:0002149	2	T046Bs	group	matriline
SSA:0010114	SSA:0002150	1	T046B1s	group	matriline
SSA:0010115	SSA:0000002	2	Bigg's	group	ecotype
SSA:0010115	SSA:0000900	3	Orcinus orca	taxon	
SSA:0010115	SSA:0002021	1	T046s	group	matriline
SSA:0010115	SSA:0002149	2	T046Bs	group	matriline
SSA:0010115	SSA:0002150	1	T046B1s	group	matriline
SSA:0010116	SSA:0000002	2	Bigg's	group	ecotype
SSA:0010116	SSA:0000900	3	Orcinus orca	taxon	
SSA:0010116	SSA:0002021	1	T046s	group	matriline
SSA:0010116	SSA:0002149	2	T046Bs	group	matriline
SSA:0010116	SSA:0002150	1	T046B1s	group	matriline
SSA:0010117	SSA:0000002	2	Bigg's	group	ecotype
SSA:0010117	SSA:0000900	3	Orcinus orca	taxon	
SSA:0010117	SSA:0002021	1	T046s	group	matriline
SSA:0010117	SSA:0002149	2	T046Bs	group	matriline
SSA:0010117	SSA:0002151	1	T046B2s	group	matriline
SSA:0010118	SSA:0000002	2	Bigg's	group	ecotype
SSA:0010118	SSA:0000900	3	Orcinus orca	taxon	
SSA:0010118	SSA:0002021	1	T046s	group	matriline
SSA:0010118	SSA:0002149	2	T046Bs	group	matriline
SSA:0010118	SSA:0002151	1	T046B2s	group	matriline
SSA:0010119	SSA:0000002	2	Bigg's	group	ecotype
SSA:0010119	SSA:0000900	3	Orcinus orca	taxon	
SSA:0010119	SSA:0002021	1	T046s	group	matriline
SSA:0010119	SSA:0002149	2	T046Bs	group	matriline
SSA:0010119	SSA:0002151	1	T046B2s	group	matriline
SSA:0010120	SSA:0000002	2	Bigg's	group	ecotype
SSA:0010120	SSA:0000900	3	Orcinus orca	taxon	
SSA:0010120	SSA:0002021	1	T046s	group	matriline
SSA:0010120	SSA:0002149	2	T046Bs	group	matriline
SSA:0010120	SSA:0002152	1	T046B3s	group	matriline
SSA:0010121	SSA:0000002	2	Bigg's	group	ecotype
SSA:0010121	SSA:0000900	3	Orcinus orca	taxon	
SSA:0010121	SSA:0002021	1	T046s	group	matriline
SSA:0010121	SSA:0002149	2	T046Bs	group	matriline
SSA:0010121	SSA:0002152	1	T046B3s	group	matriline
SSA:0010122	SSA:0000002	2	Bigg's	group	ecotype
SSA:0010122	SSA:0000900	3	Orcinus orca	taxon	
SSA:0010122	SSA:0002021	1	T046s	group	matriline
SSA:0010122	SSA:0002149	1	T046Bs	group	matriline
SSA:0010123	SSA:0000002	2	Bigg's	group	ecotype
SSA:0010123	SSA:0000900	3	Orcinus orca	taxon	
SSA:0010123	SSA:0002021	1	T046s	group	matriline
SSA:0010123	SSA:0002149	1	T046Bs	group	matriline
SSA:0010124	SSA:0000002	2	Bigg's	group	ecotype
SSA:0010124	SSA:0000900	3	Orcinus orca	taxon	
SSA:0010124	SSA:0002021	1	T046s	group	matriline
SSA:0010124	SSA:0002149	1	T046Bs	group	matriline
SSA:0010125	SSA:0000002	2	Bigg's	group	ecotype
SSA:0010125	SSA:0000900	3	Orcinus orca	taxon	
SSA:0010125	SSA:0002021	1	T046s	group	matriline
SSA:0010125	SSA:0002149	1	T046Bs	group	matriline
SSA:0010126	SSA:0000002	2	Bigg's	group	ecotype
SSA:0010126	SSA:0000900	3	Orcinus orca	taxon	
SSA:0010126	SSA:0002021	1	T046s	group	matriline
SSA:0010126	SSA:0002153	1	T046Cs	group	matriline
SSA:0010127	SSA:0000002	2	Bigg's	group	ecotype
SSA:0010127	SSA:0000900	3	Orcinus orca	taxon	
SSA:0010127	SSA:0002021	1	T046s	group	matriline
SSA:0010127	SSA:0002153	1	T046Cs	group	matriline
SSA:0010128	SSA:0000002	2	Bigg's	group	ecotype
SSA:0010128	SSA:0000900	3	Orcinus orca	taxon	
SSA:0010128	SSA:0002021	1	T046s	group	matriline
SSA:0010128	SSA:0002153	1	T046Cs	group	matriline
SSA:0010129	SSA:0000002	2	Bigg's	group	ecotype
SSA:0010129	SSA:0000900	3	Orcinus orca	taxon	
SSA:0010129	SSA:0002021	1	T046s	group	matriline
SSA:0010129	SSA:0002153	1	T046Cs	group	matriline
SSA:0010130	SSA:0000002	2	Bigg's	group	ecotype
SSA:0010130	SSA:0000900	3	Orcinus orca	taxon	
SSA:0010130	SSA:0002021	1	T046s	group	matriline
SSA:0010130	SSA:0002153	1	T046Cs	group	matriline
SSA:0010131	SSA:0000002	2	Bigg's	group	ecotype
SSA:0010131	SSA:0000900	3	Orcinus orca	taxon	
SSA:0010131	SSA:0002021	1	T046s	group	matriline
SSA:0010131	SSA:0002153	1	T046Cs	group	matriline
SSA:0010132	SSA:0000002	2	Bigg's	group	ecotype
SSA:0010132	SSA:0000900	3	Orcinus orca	taxon	
SSA:0010132	SSA:0002021	1	T046s	group	matriline
SSA:0010133	SSA:0000002	2	Bigg's	group	ecotype
SSA:0010133	SSA:0000900	3	Orcinus orca	taxon	
SSA:0010133	SSA:0002021	1	T046s	group	matriline
SSA:0010134	SSA:0000002	2	Bigg's	group	ecotype
SSA:0010134	SSA:0000900	3	Orcinus orca	taxon	
SSA:0010134	SSA:0002021	1	T046s	group	matriline
SSA:0010135	SSA:0000002	2	Bigg's	group	ecotype
SSA:0010135	SSA:0000900	3	Orcinus orca	taxon	
SSA:0010135	SSA:0002022	1	T049s	group	matriline
SSA:0010135	SSA:0002154	1	T049As	group	matriline
SSA:0010136	SSA:0000002	2	Bigg's	group	ecotype
SSA:0010136	SSA:0000900	3	Orcinus orca	taxon	
SSA:0010136	SSA:0002022	1	T049s	group	matriline
SSA:0010136	SSA:0002154	1	T049As	group	matriline
SSA:0010137	SSA:0000002	2	Bigg's	group	ecotype
SSA:0010137	SSA:0000900	3	Orcinus orca	taxon	
SSA:0010137	SSA:0002022	1	T049s	group	matriline
SSA:0010137	SSA:0002154	1	T049As	group	matriline
SSA:0010138	SSA:0000002	2	Bigg's	group	ecotype
SSA:0010138	SSA:0000900	3	Orcinus orca	taxon	
SSA:0010138	SSA:0002022	1	T049s	group	matriline
SSA:0010138	SSA:0002154	1	T049As	group	matriline
SSA:0010139	SSA:0000002	2	Bigg's	group	ecotype
SSA:0010139	SSA:0000900	3	Orcinus orca	taxon	
SSA:0010139	SSA:0002022	1	T049s	group	matriline
SSA:0010139	SSA:0002154	1	T049As	group	matriline
SSA:0010140	SSA:0000002	2	Bigg's	group	ecotype
SSA:0010140	SSA:0000900	3	Orcinus orca	taxon	
SSA:0010140	SSA:0002022	1	T049s	group	matriline
SSA:0010140	SSA:0002154	1	T049As	group	matriline
SSA:0010141	SSA:0000002	2	Bigg's	group	ecotype
SSA:0010141	SSA:0000900	3	Orcinus orca	taxon	
SSA:0010141	SSA:0002022	1	T049s	group	matriline
SSA:0010141	SSA:0002154	1	T049As	group	matriline
SSA:0010142	SSA:0000002	2	Bigg's	group	ecotype
SSA:0010142	SSA:0000900	3	Orcinus orca	taxon	
SSA:0010142	SSA:0002022	1	T049s	group	matriline
SSA:0010142	SSA:0002155	1	T049Bs	group	matriline
SSA:0010143	SSA:0000002	2	Bigg's	group	ecotype
SSA:0010143	SSA:0000900	3	Orcinus orca	taxon	
SSA:0010143	SSA:0002022	1	T049s	group	matriline
SSA:0010143	SSA:0002155	1	T049Bs	group	matriline
SSA:0010144	SSA:0000002	2	Bigg's	group	ecotype
SSA:0010144	SSA:0000900	3	Orcinus orca	taxon	
SSA:0010144	SSA:0002022	1	T049s	group	matriline
SSA:0010144	SSA:0002155	1	T049Bs	group	matriline
SSA:0010145	SSA:0000002	2	Bigg's	group	ecotype
SSA:0010145	SSA:0000900	3	Orcinus orca	taxon	
SSA:0010145	SSA:0002022	1	T049s	group	matriline
SSA:0010145	SSA:0002155	1	T049Bs	group	matriline
SSA:0010146	SSA:0000002	2	Bigg's	group	ecotype
SSA:0010146	SSA:0000900	3	Orcinus orca	taxon	
SSA:0010146	SSA:0002022	1	T049s	group	matriline
SSA:0010146	SSA:0002155	1	T049Bs	group	matriline
SSA:0010147	SSA:0000002	2	Bigg's	group	ecotype
SSA:0010147	SSA:0000900	3	Orcinus orca	taxon	
SSA:0010147	SSA:0002022	1	T049s	group	matriline
SSA:0010147	SSA:0002155	1	T049Bs	group	matriline
SSA:0010148	SSA:0000002	2	Bigg's	group	ecotype
SSA:0010148	SSA:0000900	3	Orcinus orca	taxon	
SSA:0010148	SSA:0002022	1	T049s	group	matriline
SSA:0010149	SSA:0000002	2	Bigg's	group	ecotype
SSA:0010149	SSA:0000900	3	Orcinus orca	taxon	
SSA:0010149	SSA:0002023	1	T050s	group	matriline
SSA:0010150	SSA:0000002	2	Bigg's	group	ecotype
SSA:0010150	SSA:0000900	3	Orcinus orca	taxon	
SSA:0010150	SSA:0002023	1	T050s	group	matriline
SSA:0010151	SSA:0000002	2	Bigg's	group	ecotype
SSA:0010151	SSA:0000900	3	Orcinus orca	taxon	
SSA:0010151	SSA:0002023	1	T050s	group	matriline
SSA:0010151	SSA:0002156	1	T050Bs	group	matriline
SSA:0010152	SSA:0000002	2	Bigg's	group	ecotype
SSA:0010152	SSA:0000900	3	Orcinus orca	taxon	
SSA:0010152	SSA:0002023	1	T050s	group	matriline
SSA:0010152	SSA:0002156	1	T050Bs	group	matriline
SSA:0010153	SSA:0000002	2	Bigg's	group	ecotype
SSA:0010153	SSA:0000900	3	Orcinus orca	taxon	
SSA:0010153	SSA:0002023	1	T050s	group	matriline
SSA:0010153	SSA:0002156	1	T050Bs	group	matriline
SSA:0010154	SSA:0000002	2	Bigg's	group	ecotype
SSA:0010154	SSA:0000900	3	Orcinus orca	taxon	
SSA:0010154	SSA:0002023	1	T050s	group	matriline
SSA:0010155	SSA:0000002	2	Bigg's	group	ecotype
SSA:0010155	SSA:0000900	3	Orcinus orca	taxon	
SSA:0010155	SSA:0002023	1	T050s	group	matriline
SSA:0010156	SSA:0000002	2	Bigg's	group	ecotype
SSA:0010156	SSA:0000900	3	Orcinus orca	taxon	
SSA:0010156	SSA:0002023	1	T050s	group	matriline
SSA:0010157	SSA:0000002	2	Bigg's	group	ecotype
SSA:0010157	SSA:0000900	3	Orcinus orca	taxon	
SSA:0010157	SSA:0002024	1	T051s	group	matriline
SSA:0010158	SSA:0000002	2	Bigg's	group	ecotype
SSA:0010158	SSA:0000900	3	Orcinus orca	taxon	
SSA:0010158	SSA:0002025	1	T054s	group	matriline
SSA:0010159	SSA:0000002	2	Bigg's	group	ecotype
SSA:0010159	SSA:0000900	3	Orcinus orca	taxon	
SSA:0010159	SSA:0002026	1	T055s	group	matriline
SSA:0010160	SSA:0000002	2	Bigg's	group	ecotype
SSA:0010160	SSA:0000900	3	Orcinus orca	taxon	
SSA:0010160	SSA:0002026	1	T055s	group	matriline
SSA:0010161	SSA:0000002	2	Bigg's	group	ecotype
SSA:0010161	SSA:0000900	3	Orcinus orca	taxon	
SSA:0010161	SSA:0002026	1	T055s	group	matriline
SSA:0010161	SSA:0002157	1	T055Bs	group	matriline
SSA:0010162	SSA:0000002	2	Bigg's	group	ecotype
SSA:0010162	SSA:0000900	3	Orcinus orca	taxon	
SSA:0010162	SSA:0002026	1	T055s	group	matriline
SSA:0010162	SSA:0002157	1	T055Bs	group	matriline
SSA:0010163	SSA:0000002	2	Bigg's	group	ecotype
SSA:0010163	SSA:0000900	3	Orcinus orca	taxon	
SSA:0010163	SSA:0002026	1	T055s	group	matriline
SSA:0010164	SSA:0000002	2	Bigg's	group	ecotype
SSA:0010164	SSA:0000900	3	Orcinus orca	taxon	
SSA:0010164	SSA:0002027	1	T057s	group	matriline
SSA:0010165	SSA:0000002	2	Bigg's	group	ecotype
SSA:0010165	SSA:0000900	3	Orcinus orca	taxon	
SSA:0010165	SSA:0002027	1	T057s	group	matriline
SSA:0010166	SSA:0000002	2	Bigg's	group	ecotype
SSA:0010166	SSA:0000900	3	Orcinus orca	taxon	
SSA:0010166	SSA:0002028	1	T058s	group	matriline
SSA:0010167	SSA:0000002	2	Bigg's	group	ecotype
SSA:0010167	SSA:0000900	3	Orcinus orca	taxon	
SSA:0010167	SSA:0002029	1	T059s	group	matriline
SSA:0010168	SSA:0000002	2	Bigg's	group	ecotype
SSA:0010168	SSA:0000900	3	Orcinus orca	taxon	
SSA:0010168	SSA:0002029	1	T059s	group	matriline
SSA:0010168	SSA:0002158	1	T059As	group	matriline
SSA:0010169	SSA:0000002	2	Bigg's	group	ecotype
SSA:0010169	SSA:0000900	3	Orcinus orca	taxon	
SSA:0010169	SSA:0002029	1	T059s	group	matriline
SSA:0010169	SSA:0002158	2	T059As	group	matriline
SSA:0010169	SSA:0002159	1	T059A1s	group	matriline
SSA:0010170	SSA:0000002	2	Bigg's	group	ecotype
SSA:0010170	SSA:0000900	3	Orcinus orca	taxon	
SSA:0010170	SSA:0002029	1	T059s	group	matriline
SSA:0010170	SSA:0002158	2	T059As	group	matriline
SSA:0010170	SSA:0002159	1	T059A1s	group	matriline
SSA:0010171	SSA:0000002	2	Bigg's	group	ecotype
SSA:0010171	SSA:0000900	3	Orcinus orca	taxon	
SSA:0010171	SSA:0002029	1	T059s	group	matriline
SSA:0010171	SSA:0002158	1	T059As	group	matriline
SSA:0010172	SSA:0000002	2	Bigg's	group	ecotype
SSA:0010172	SSA:0000900	3	Orcinus orca	taxon	
SSA:0010172	SSA:0002029	1	T059s	group	matriline
SSA:0010172	SSA:0002158	1	T059As	group	matriline
SSA:0010173	SSA:0000002	2	Bigg's	group	ecotype
SSA:0010173	SSA:0000900	3	Orcinus orca	taxon	
SSA:0010173	SSA:0002029	1	T059s	group	matriline
SSA:0010173	SSA:0002158	1	T059As	group	matriline
SSA:0010174	SSA:0000002	2	Bigg's	group	ecotype
SSA:0010174	SSA:0000900	3	Orcinus orca	taxon	
SSA:0010174	SSA:0002029	1	T059s	group	matriline
SSA:0010174	SSA:0002158	1	T059As	group	matriline
SSA:0010175	SSA:0000002	2	Bigg's	group	ecotype
SSA:0010175	SSA:0000900	3	Orcinus orca	taxon	
SSA:0010175	SSA:0002030	1	T060s	group	matriline
SSA:0010176	SSA:0000002	2	Bigg's	group	ecotype
SSA:0010176	SSA:0000900	3	Orcinus orca	taxon	
SSA:0010176	SSA:0002030	1	T060s	group	matriline
SSA:0010177	SSA:0000002	2	Bigg's	group	ecotype
SSA:0010177	SSA:0000900	3	Orcinus orca	taxon	
SSA:0010177	SSA:0002030	1	T060s	group	matriline
SSA:0010178	SSA:0000002	2	Bigg's	group	ecotype
SSA:0010178	SSA:0000900	3	Orcinus orca	taxon	
SSA:0010178	SSA:0002030	1	T060s	group	matriline
SSA:0010179	SSA:0000002	2	Bigg's	group	ecotype
SSA:0010179	SSA:0000900	3	Orcinus orca	taxon	
SSA:0010179	SSA:0002030	1	T060s	group	matriline
SSA:0010180	SSA:0000002	2	Bigg's	group	ecotype
SSA:0010180	SSA:0000900	3	Orcinus orca	taxon	
SSA:0010180	SSA:0002030	1	T060s	group	matriline
SSA:0010181	SSA:0000002	2	Bigg's	group	ecotype
SSA:0010181	SSA:0000900	3	Orcinus orca	taxon	
SSA:0010181	SSA:0002031	1	T063s	group	matriline
SSA:0010182	SSA:0000002	2	Bigg's	group	ecotype
SSA:0010182	SSA:0000900	3	Orcinus orca	taxon	
SSA:0010182	SSA:0002032	1	T064s	group	matriline
SSA:0010183	SSA:0000002	2	Bigg's	group	ecotype
SSA:0010183	SSA:0000900	3	Orcinus orca	taxon	
SSA:0010183	SSA:0002032	1	T064s	group	matriline
SSA:0010183	SSA:0002160	1	T064As	group	matriline
SSA:0010184	SSA:0000002	2	Bigg's	group	ecotype
SSA:0010184	SSA:0000900	3	Orcinus orca	taxon	
SSA:0010184	SSA:0002032	1	T064s	group	matriline
SSA:0010184	SSA:0002160	1	T064As	group	matriline
SSA:0010185	SSA:0000002	2	Bigg's	group	ecotype
SSA:0010185	SSA:0000900	3	Orcinus orca	taxon	
SSA:0010185	SSA:0002032	1	T064s	group	matriline
SSA:0010185	SSA:0002160	1	T064As	group	matriline
SSA:0010186	SSA:0000002	2	Bigg's	group	ecotype
SSA:0010186	SSA:0000900	3	Orcinus orca	taxon	
SSA:0010186	SSA:0002032	1	T064s	group	matriline
SSA:0010186	SSA:0002160	1	T064As	group	matriline
SSA:0010187	SSA:0000002	2	Bigg's	group	ecotype
SSA:0010187	SSA:0000900	3	Orcinus orca	taxon	
SSA:0010187	SSA:0002032	1	T064s	group	matriline
SSA:0010187	SSA:0002160	1	T064As	group	matriline
SSA:0010188	SSA:0000002	2	Bigg's	group	ecotype
SSA:0010188	SSA:0000900	3	Orcinus orca	taxon	
SSA:0010188	SSA:0002032	1	T064s	group	matriline
SSA:0010188	SSA:0002161	1	T064Bs	group	matriline
SSA:0010189	SSA:0000002	2	Bigg's	group	ecotype
SSA:0010189	SSA:0000900	3	Orcinus orca	taxon	
SSA:0010189	SSA:0002032	1	T064s	group	matriline
SSA:0010189	SSA:0002161	2	T064Bs	group	matriline
SSA:0010189	SSA:0002162	1	T064B1s	group	matriline
SSA:0010190	SSA:0000002	2	Bigg's	group	ecotype
SSA:0010190	SSA:0000900	3	Orcinus orca	taxon	
SSA:0010190	SSA:0002032	1	T064s	group	matriline
SSA:0010190	SSA:0002161	2	T064Bs	group	matriline
SSA:0010190	SSA:0002162	1	T064B1s	group	matriline
SSA:0010191	SSA:0000002	2	Bigg's	group	ecotype
SSA:0010191	SSA:0000900	3	Orcinus orca	taxon	
SSA:0010191	SSA:0002032	1	T064s	group	matriline
SSA:0010191	SSA:0002161	1	T064Bs	group	matriline
SSA:0010192	SSA:0000002	2	Bigg's	group	ecotype
SSA:0010192	SSA:0000900	3	Orcinus orca	taxon	
SSA:0010192	SSA:0002033	1	T065s	group	matriline
SSA:0010193	SSA:0000002	2	Bigg's	group	ecotype
SSA:0010193	SSA:0000900	3	Orcinus orca	taxon	
SSA:0010193	SSA:0002033	1	T065s	group	matriline
SSA:0010193	SSA:0002163	1	T065As	group	matriline
SSA:0010194	SSA:0000002	2	Bigg's	group	ecotype
SSA:0010194	SSA:0000900	3	Orcinus orca	taxon	
SSA:0010194	SSA:0002033	1	T065s	group	matriline
SSA:0010194	SSA:0002163	1	T065As	group	matriline
SSA:0010195	SSA:0000002	2	Bigg's	group	ecotype
SSA:0010195	SSA:0000900	3	Orcinus orca	taxon	
SSA:0010195	SSA:0002033	1	T065s	group	matriline
SSA:0010195	SSA:0002163	1	T065As	group	matriline
SSA:0010196	SSA:0000002	2	Bigg's	group	ecotype
SSA:0010196	SSA:0000900	3	Orcinus orca	taxon	
SSA:0010196	SSA:0002033	1	T065s	group	matriline
SSA:0010196	SSA:0002163	1	T065As	group	matriline
SSA:0010197	SSA:0000002	2	Bigg's	group	ecotype
SSA:0010197	SSA:0000900	3	Orcinus orca	taxon	
SSA:0010197	SSA:0002033	1	T065s	group	matriline
SSA:0010197	SSA:0002163	1	T065As	group	matriline
SSA:0010198	SSA:0000002	2	Bigg's	group	ecotype
SSA:0010198	SSA:0000900	3	Orcinus orca	taxon	
SSA:0010198	SSA:0002033	1	T065s	group	matriline
SSA:0010198	SSA:0002163	1	T065As	group	matriline
SSA:0010199	SSA:0000002	2	Bigg's	group	ecotype
SSA:0010199	SSA:0000900	3	Orcinus orca	taxon	
SSA:0010199	SSA:0002033	1	T065s	group	matriline
SSA:0010199	SSA:0002164	1	T065Bs	group	matriline
SSA:0010200	SSA:0000002	2	Bigg's	group	ecotype
SSA:0010200	SSA:0000900	3	Orcinus orca	taxon	
SSA:0010200	SSA:0002033	1	T065s	group	matriline
SSA:0010200	SSA:0002164	1	T065Bs	group	matriline
SSA:0010201	SSA:0000002	2	Bigg's	group	ecotype
SSA:0010201	SSA:0000900	3	Orcinus orca	taxon	
SSA:0010201	SSA:0002033	1	T065s	group	matriline
SSA:0010201	SSA:0002164	1	T065Bs	group	matriline
SSA:0010202	SSA:0000002	2	Bigg's	group	ecotype
SSA:0010202	SSA:0000900	3	Orcinus orca	taxon	
SSA:0010202	SSA:0002033	1	T065s	group	matriline
SSA:0010202	SSA:0002164	1	T065Bs	group	matriline
SSA:0010203	SSA:0000002	2	Bigg's	group	ecotype
SSA:0010203	SSA:0000900	3	Orcinus orca	taxon	
SSA:0010203	SSA:0002034	1	T068s	group	matriline
SSA:0010204	SSA:0000002	2	Bigg's	group	ecotype
SSA:0010204	SSA:0000900	3	Orcinus orca	taxon	
SSA:0010204	SSA:0002034	1	T068s	group	matriline
SSA:0010205	SSA:0000002	2	Bigg's	group	ecotype
SSA:0010205	SSA:0000900	3	Orcinus orca	taxon	
SSA:0010205	SSA:0002034	1	T068s	group	matriline
SSA:0010205	SSA:0002165	1	T068Bs	group	matriline
SSA:0010206	SSA:0000002	2	Bigg's	group	ecotype
SSA:0010206	SSA:0000900	3	Orcinus orca	taxon	
SSA:0010206	SSA:0002034	1	T068s	group	matriline
SSA:0010206	SSA:0002165	2	T068Bs	group	matriline
SSA:0010206	SSA:0002166	1	T068B1s	group	matriline
SSA:0010207	SSA:0000002	2	Bigg's	group	ecotype
SSA:0010207	SSA:0000900	3	Orcinus orca	taxon	
SSA:0010207	SSA:0002034	1	T068s	group	matriline
SSA:0010207	SSA:0002165	2	T068Bs	group	matriline
SSA:0010207	SSA:0002166	1	T068B1s	group	matriline
SSA:0010208	SSA:0000002	2	Bigg's	group	ecotype
SSA:0010208	SSA:0000900	3	Orcinus orca	taxon	
SSA:0010208	SSA:0002034	1	T068s	group	matriline
SSA:0010208	SSA:0002165	2	T068Bs	group	matriline
SSA:0010208	SSA:0002166	1	T068B1s	group	matriline
SSA:0010209	SSA:0000002	2	Bigg's	group	ecotype
SSA:0010209	SSA:0000900	3	Orcinus orca	taxon	
SSA:0010209	SSA:0002034	1	T068s	group	matriline
SSA:0010209	SSA:0002165	2	T068Bs	group	matriline
SSA:0010209	SSA:0002166	1	T068B1s	group	matriline
SSA:0010210	SSA:0000002	2	Bigg's	group	ecotype
SSA:0010210	SSA:0000900	3	Orcinus orca	taxon	
SSA:0010210	SSA:0002034	1	T068s	group	matriline
SSA:0010210	SSA:0002165	1	T068Bs	group	matriline
SSA:0010211	SSA:0000002	2	Bigg's	group	ecotype
SSA:0010211	SSA:0000900	3	Orcinus orca	taxon	
SSA:0010211	SSA:0002034	1	T068s	group	matriline
SSA:0010211	SSA:0002165	1	T068Bs	group	matriline
SSA:0010212	SSA:0000002	2	Bigg's	group	ecotype
SSA:0010212	SSA:0000900	3	Orcinus orca	taxon	
SSA:0010212	SSA:0002034	1	T068s	group	matriline
SSA:0010212	SSA:0002165	1	T068Bs	group	matriline
SSA:0010213	SSA:0000002	2	Bigg's	group	ecotype
SSA:0010213	SSA:0000900	3	Orcinus orca	taxon	
SSA:0010213	SSA:0002034	1	T068s	group	matriline
SSA:0010213	SSA:0002165	1	T068Bs	group	matriline
SSA:0010214	SSA:0000002	2	Bigg's	group	ecotype
SSA:0010214	SSA:0000900	3	Orcinus orca	taxon	
SSA:0010214	SSA:0002034	1	T068s	group	matriline
SSA:0010214	SSA:0002167	1	T068Cs	group	matriline
SSA:0010215	SSA:0000002	2	Bigg's	group	ecotype
SSA:0010215	SSA:0000900	3	Orcinus orca	taxon	
SSA:0010215	SSA:0002034	1	T068s	group	matriline
SSA:0010215	SSA:0002167	1	T068Cs	group	matriline
SSA:0010216	SSA:0000002	2	Bigg's	group	ecotype
SSA:0010216	SSA:0000900	3	Orcinus orca	taxon	
SSA:0010216	SSA:0002034	1	T068s	group	matriline
SSA:0010216	SSA:0002167	2	T068Cs	group	matriline
SSA:0010216	SSA:0002168	1	T068C3s	group	matriline
SSA:0010217	SSA:0000002	2	Bigg's	group	ecotype
SSA:0010217	SSA:0000900	3	Orcinus orca	taxon	
SSA:0010217	SSA:0002034	1	T068s	group	matriline
SSA:0010217	SSA:0002167	2	T068Cs	group	matriline
SSA:0010217	SSA:0002168	1	T068C3s	group	matriline
SSA:0010218	SSA:0000002	2	Bigg's	group	ecotype
SSA:0010218	SSA:0000900	3	Orcinus orca	taxon	
SSA:0010218	SSA:0002034	1	T068s	group	matriline
SSA:0010218	SSA:0002167	1	T068Cs	group	matriline
SSA:0010219	SSA:0000002	2	Bigg's	group	ecotype
SSA:0010219	SSA:0000900	3	Orcinus orca	taxon	
SSA:0010219	SSA:0002034	1	T068s	group	matriline
SSA:0010219	SSA:0002167	1	T068Cs	group	matriline
SSA:0010220	SSA:0000002	2	Bigg's	group	ecotype
SSA:0010220	SSA:0000900	3	Orcinus orca	taxon	
SSA:0010220	SSA:0002034	1	T068s	group	matriline
SSA:0010220	SSA:0002167	1	T068Cs	group	matriline
SSA:0010221	SSA:0000002	2	Bigg's	group	ecotype
SSA:0010221	SSA:0000900	3	Orcinus orca	taxon	
SSA:0010221	SSA:0002035	1	T069s	group	matriline
SSA:0010222	SSA:0000002	2	Bigg's	group	ecotype
SSA:0010222	SSA:0000900	3	Orcinus orca	taxon	
SSA:0010222	SSA:0002035	1	T069s	group	matriline
SSA:0010222	SSA:0002169	1	T069As	group	matriline
SSA:0010223	SSA:0000002	2	Bigg's	group	ecotype
SSA:0010223	SSA:0000900	3	Orcinus orca	taxon	
SSA:0010223	SSA:0002035	1	T069s	group	matriline
SSA:0010223	SSA:0002169	1	T069As	group	matriline
SSA:0010224	SSA:0000002	2	Bigg's	group	ecotype
SSA:0010224	SSA:0000900	3	Orcinus orca	taxon	
SSA:0010224	SSA:0002035	1	T069s	group	matriline
SSA:0010224	SSA:0002169	1	T069As	group	matriline
SSA:0010225	SSA:0000002	2	Bigg's	group	ecotype
SSA:0010225	SSA:0000900	3	Orcinus orca	taxon	
SSA:0010225	SSA:0002035	1	T069s	group	matriline
SSA:0010225	SSA:0002169	1	T069As	group	matriline
SSA:0010226	SSA:0000002	2	Bigg's	group	ecotype
SSA:0010226	SSA:0000900	3	Orcinus orca	taxon	
SSA:0010226	SSA:0002035	1	T069s	group	matriline
SSA:0010226	SSA:0002169	1	T069As	group	matriline
SSA:0010227	SSA:0000002	2	Bigg's	group	ecotype
SSA:0010227	SSA:0000900	3	Orcinus orca	taxon	
SSA:0010227	SSA:0002035	1	T069s	group	matriline
SSA:0010227	SSA:0002169	1	T069As	group	matriline
SSA:0010228	SSA:0000002	2	Bigg's	group	ecotype
SSA:0010228	SSA:0000900	3	Orcinus orca	taxon	
SSA:0010228	SSA:0002035	1	T069s	group	matriline
SSA:0010229	SSA:0000002	2	Bigg's	group	ecotype
SSA:0010229	SSA:0000900	3	Orcinus orca	taxon	
SSA:0010229	SSA:0002035	1	T069s	group	matriline
SSA:0010229	SSA:0002170	1	T069Ds	group	matriline
SSA:0010230	SSA:0000002	2	Bigg's	group	ecotype
SSA:0010230	SSA:0000900	3	Orcinus orca	taxon	
SSA:0010230	SSA:0002035	1	T069s	group	matriline
SSA:0010230	SSA:0002170	1	T069Ds	group	matriline
SSA:0010231	SSA:0000002	2	Bigg's	group	ecotype
SSA:0010231	SSA:0000900	3	Orcinus orca	taxon	
SSA:0010231	SSA:0002035	1	T069s	group	matriline
SSA:0010231	SSA:0002170	1	T069Ds	group	matriline
SSA:0010232	SSA:0000002	2	Bigg's	group	ecotype
SSA:0010232	SSA:0000900	3	Orcinus orca	taxon	
SSA:0010232	SSA:0002035	1	T069s	group	matriline
SSA:0010232	SSA:0002170	1	T069Ds	group	matriline
SSA:0010233	SSA:0000002	2	Bigg's	group	ecotype
SSA:0010233	SSA:0000900	3	Orcinus orca	taxon	
SSA:0010233	SSA:0002035	1	T069s	group	matriline
SSA:0010233	SSA:0002170	1	T069Ds	group	matriline
SSA:0010234	SSA:0000002	2	Bigg's	group	ecotype
SSA:0010234	SSA:0000900	3	Orcinus orca	taxon	
SSA:0010234	SSA:0002035	1	T069s	group	matriline
SSA:0010235	SSA:0000002	2	Bigg's	group	ecotype
SSA:0010235	SSA:0000900	3	Orcinus orca	taxon	
SSA:0010235	SSA:0002035	1	T069s	group	matriline
SSA:0010236	SSA:0000002	2	Bigg's	group	ecotype
SSA:0010236	SSA:0000900	3	Orcinus orca	taxon	
SSA:0010236	SSA:0002036	1	T070s	group	matriline
SSA:0010237	SSA:0000002	2	Bigg's	group	ecotype
SSA:0010237	SSA:0000900	3	Orcinus orca	taxon	
SSA:0010237	SSA:0002037	1	T071s	group	matriline
SSA:0010238	SSA:0000002	2	Bigg's	group	ecotype
SSA:0010238	SSA:0000900	3	Orcinus orca	taxon	
SSA:0010238	SSA:0002037	1	T071s	group	matriline
SSA:0010239	SSA:0000002	2	Bigg's	group	ecotype
SSA:0010239	SSA:0000900	3	Orcinus orca	taxon	
SSA:0010239	SSA:0002037	1	T071s	group	matriline
SSA:0010239	SSA:0002171	1	T071Bs	group	matriline
SSA:0010240	SSA:0000002	2	Bigg's	group	ecotype
SSA:0010240	SSA:0000900	3	Orcinus orca	taxon	
SSA:0010240	SSA:0002037	1	T071s	group	matriline
SSA:0010240	SSA:0002171	1	T071Bs	group	matriline
SSA:0010241	SSA:0000002	2	Bigg's	group	ecotype
SSA:0010241	SSA:0000900	3	Orcinus orca	taxon	
SSA:0010241	SSA:0002037	1	T071s	group	matriline
SSA:0010241	SSA:0002171	1	T071Bs	group	matriline
SSA:0010242	SSA:0000002	2	Bigg's	group	ecotype
SSA:0010242	SSA:0000900	3	Orcinus orca	taxon	
SSA:0010242	SSA:0002037	1	T071s	group	matriline
SSA:0010242	SSA:0002171	1	T071Bs	group	matriline
SSA:0010243	SSA:0000002	2	Bigg's	group	ecotype
SSA:0010243	SSA:0000900	3	Orcinus orca	taxon	
SSA:0010243	SSA:0002037	1	T071s	group	matriline
SSA:0010244	SSA:0000002	2	Bigg's	group	ecotype
SSA:0010244	SSA:0000900	3	Orcinus orca	taxon	
SSA:0010244	SSA:0002037	1	T071s	group	matriline
SSA:0010245	SSA:0000002	2	Bigg's	group	ecotype
SSA:0010245	SSA:0000900	3	Orcinus orca	taxon	
SSA:0010245	SSA:0002037	1	T071s	group	matriline
SSA:0010246	SSA:0000002	2	Bigg's	group	ecotype
SSA:0010246	SSA:0000900	3	Orcinus orca	taxon	
SSA:0010246	SSA:0002038	1	T072s	group	matriline
SSA:0010247	SSA:0000002	2	Bigg's	group	ecotype
SSA:0010247	SSA:0000900	3	Orcinus orca	taxon	
SSA:0010247	SSA:0002039	1	T073s	group	matriline
SSA:0010248	SSA:0000002	2	Bigg's	group	ecotype
SSA:0010248	SSA:0000900	3	Orcinus orca	taxon	
SSA:0010248	SSA:0002039	1	T073s	group	matriline
SSA:0010248	SSA:0002172	1	T073As	group	matriline
SSA:0010249	SSA:0000002	2	Bigg's	group	ecotype
SSA:0010249	SSA:0000900	3	Orcinus orca	taxon	
SSA:0010249	SSA:0002039	1	T073s	group	matriline
SSA:0010249	SSA:0002172	1	T073As	group	matriline
SSA:0010250	SSA:0000002	2	Bigg's	group	ecotype
SSA:0010250	SSA:0000900	3	Orcinus orca	taxon	
SSA:0010250	SSA:0002039	1	T073s	group	matriline
SSA:0010250	SSA:0002172	1	T073As	group	matriline
SSA:0010251	SSA:0000002	2	Bigg's	group	ecotype
SSA:0010251	SSA:0000900	3	Orcinus orca	taxon	
SSA:0010251	SSA:0002039	1	T073s	group	matriline
SSA:0010251	SSA:0002172	1	T073As	group	matriline
SSA:0010252	SSA:0000002	2	Bigg's	group	ecotype
SSA:0010252	SSA:0000900	3	Orcinus orca	taxon	
SSA:0010252	SSA:0002039	1	T073s	group	matriline
SSA:0010253	SSA:0000002	2	Bigg's	group	ecotype
SSA:0010253	SSA:0000900	3	Orcinus orca	taxon	
SSA:0010253	SSA:0002039	1	T073s	group	matriline
SSA:0010253	SSA:0002173	1	T073Cs	group	matriline
SSA:0010254	SSA:0000002	2	Bigg's	group	ecotype
SSA:0010254	SSA:0000900	3	Orcinus orca	taxon	
SSA:0010254	SSA:0002039	1	T073s	group	matriline
SSA:0010254	SSA:0002173	1	T073Cs	group	matriline
SSA:0010255	SSA:0000002	2	Bigg's	group	ecotype
SSA:0010255	SSA:0000900	3	Orcinus orca	taxon	
SSA:0010255	SSA:0002039	1	T073s	group	matriline
SSA:0010255	SSA:0002173	1	T073Cs	group	matriline
SSA:0010256	SSA:0000002	2	Bigg's	group	ecotype
SSA:0010256	SSA:0000900	3	Orcinus orca	taxon	
SSA:0010256	SSA:0002039	1	T073s	group	matriline
SSA:0010257	SSA:0000002	2	Bigg's	group	ecotype
SSA:0010257	SSA:0000900	3	Orcinus orca	taxon	
SSA:0010257	SSA:0002040	1	T074s	group	matriline
SSA:0010258	SSA:0000002	2	Bigg's	group	ecotype
SSA:0010258	SSA:0000900	3	Orcinus orca	taxon	
SSA:0010258	SSA:0002041	1	T075s	group	matriline
SSA:0010259	SSA:0000002	2	Bigg's	group	ecotype
SSA:0010259	SSA:0000900	3	Orcinus orca	taxon	
SSA:0010259	SSA:0002041	1	T075s	group	matriline
SSA:0010260	SSA:0000002	2	Bigg's	group	ecotype
SSA:0010260	SSA:0000900	3	Orcinus orca	taxon	
SSA:0010260	SSA:0002041	1	T075s	group	matriline
SSA:0010260	SSA:0002174	1	T075Bs	group	matriline
SSA:0010261	SSA:0000002	2	Bigg's	group	ecotype
SSA:0010261	SSA:0000900	3	Orcinus orca	taxon	
SSA:0010261	SSA:0002041	1	T075s	group	matriline
SSA:0010261	SSA:0002174	1	T075Bs	group	matriline
SSA:0010262	SSA:0000002	2	Bigg's	group	ecotype
SSA:0010262	SSA:0000900	3	Orcinus orca	taxon	
SSA:0010262	SSA:0002041	1	T075s	group	matriline
SSA:0010262	SSA:0002174	1	T075Bs	group	matriline
SSA:0010263	SSA:0000002	2	Bigg's	group	ecotype
SSA:0010263	SSA:0000900	3	Orcinus orca	taxon	
SSA:0010263	SSA:0002041	1	T075s	group	matriline
SSA:0010263	SSA:0002174	1	T075Bs	group	matriline
SSA:0010264	SSA:0000002	2	Bigg's	group	ecotype
SSA:0010264	SSA:0000900	3	Orcinus orca	taxon	
SSA:0010264	SSA:0002041	1	T075s	group	matriline
SSA:0010264	SSA:0002174	1	T075Bs	group	matriline
SSA:0010265	SSA:0000002	2	Bigg's	group	ecotype
SSA:0010265	SSA:0000900	3	Orcinus orca	taxon	
SSA:0010265	SSA:0002041	1	T075s	group	matriline
SSA:0010265	SSA:0002175	1	T075Cs	group	matriline
SSA:0010266	SSA:0000002	2	Bigg's	group	ecotype
SSA:0010266	SSA:0000900	3	Orcinus orca	taxon	
SSA:0010266	SSA:0002041	1	T075s	group	matriline
SSA:0010266	SSA:0002175	1	T075Cs	group	matriline
SSA:0010267	SSA:0000002	2	Bigg's	group	ecotype
SSA:0010267	SSA:0000900	3	Orcinus orca	taxon	
SSA:0010267	SSA:0002041	1	T075s	group	matriline
SSA:0010267	SSA:0002175	1	T075Cs	group	matriline
SSA:0010268	SSA:0000002	2	Bigg's	group	ecotype
SSA:0010268	SSA:0000900	3	Orcinus orca	taxon	
SSA:0010268	SSA:0002041	1	T075s	group	matriline
SSA:0010268	SSA:0002175	1	T075Cs	group	matriline
SSA:0010269	SSA:0000002	2	Bigg's	group	ecotype
SSA:0010269	SSA:0000900	3	Orcinus orca	taxon	
SSA:0010269	SSA:0002041	1	T075s	group	matriline
SSA:0010269	SSA:0002175	1	T075Cs	group	matriline
SSA:0010270	SSA:0000002	2	Bigg's	group	ecotype
SSA:0010270	SSA:0000900	3	Orcinus orca	taxon	
SSA:0010270	SSA:0002042	1	T077s	group	matriline
SSA:0010271	SSA:0000002	2	Bigg's	group	ecotype
SSA:0010271	SSA:0000900	3	Orcinus orca	taxon	
SSA:0010271	SSA:0002042	1	T077s	group	matriline
SSA:0010272	SSA:0000002	2	Bigg's	group	ecotype
SSA:0010272	SSA:0000900	3	Orcinus orca	taxon	
SSA:0010272	SSA:0002042	1	T077s	group	matriline
SSA:0010273	SSA:0000002	2	Bigg's	group	ecotype
SSA:0010273	SSA:0000900	3	Orcinus orca	taxon	
SSA:0010273	SSA:0002042	1	T077s	group	matriline
SSA:0010274	SSA:0000002	2	Bigg's	group	ecotype
SSA:0010274	SSA:0000900	3	Orcinus orca	taxon	
SSA:0010274	SSA:0002042	1	T077s	group	matriline
SSA:0010275	SSA:0000002	2	Bigg's	group	ecotype
SSA:0010275	SSA:0000900	3	Orcinus orca	taxon	
SSA:0010275	SSA:0002042	1	T077s	group	matriline
SSA:0010276	SSA:0000002	2	Bigg's	group	ecotype
SSA:0010276	SSA:0000900	3	Orcinus orca	taxon	
SSA:0010276	SSA:0002043	1	T085s	group	matriline
SSA:0010277	SSA:0000002	2	Bigg's	group	ecotype
SSA:0010277	SSA:0000900	3	Orcinus orca	taxon	
SSA:0010277	SSA:0002043	1	T085s	group	matriline
SSA:0010278	SSA:0000002	2	Bigg's	group	ecotype
SSA:0010278	SSA:0000900	3	Orcinus orca	taxon	
SSA:0010278	SSA:0002043	1	T085s	group	matriline
SSA:0010279	SSA:0000002	2	Bigg's	group	ecotype
SSA:0010279	SSA:0000900	3	Orcinus orca	taxon	
SSA:0010279	SSA:0002043	1	T085s	group	matriline
SSA:0010280	SSA:0000002	2	Bigg's	group	ecotype
SSA:0010280	SSA:0000900	3	Orcinus orca	taxon	
SSA:0010280	SSA:0002043	1	T085s	group	matriline
SSA:0010281	SSA:0000002	2	Bigg's	group	ecotype
SSA:0010281	SSA:0000900	3	Orcinus orca	taxon	
SSA:0010281	SSA:0002044	1	T086s	group	matriline
SSA:0010281	SSA:0002176	1	T086As	group	matriline
SSA:0010282	SSA:0000002	2	Bigg's	group	ecotype
SSA:0010282	SSA:0000900	3	Orcinus orca	taxon	
SSA:0010282	SSA:0002044	1	T086s	group	matriline
SSA:0010282	SSA:0002176	2	T086As	group	matriline
SSA:0010282	SSA:0002177	1	T086A1s	group	matriline
SSA:0010283	SSA:0000002	2	Bigg's	group	ecotype
SSA:0010283	SSA:0000900	3	Orcinus orca	taxon	
SSA:0010283	SSA:0002044	1	T086s	group	matriline
SSA:0010283	SSA:0002176	2	T086As	group	matriline
SSA:0010283	SSA:0002177	1	T086A1s	group	matriline
SSA:0010284	SSA:0000002	2	Bigg's	group	ecotype
SSA:0010284	SSA:0000900	3	Orcinus orca	taxon	
SSA:0010284	SSA:0002044	1	T086s	group	matriline
SSA:0010284	SSA:0002176	2	T086As	group	matriline
SSA:0010284	SSA:0002177	1	T086A1s	group	matriline
SSA:0010285	SSA:0000002	2	Bigg's	group	ecotype
SSA:0010285	SSA:0000900	3	Orcinus orca	taxon	
SSA:0010285	SSA:0002044	1	T086s	group	matriline
SSA:0010285	SSA:0002176	2	T086As	group	matriline
SSA:0010285	SSA:0002178	1	T086A3s	group	matriline
SSA:0010286	SSA:0000002	2	Bigg's	group	ecotype
SSA:0010286	SSA:0000900	3	Orcinus orca	taxon	
SSA:0010286	SSA:0002044	1	T086s	group	matriline
SSA:0010286	SSA:0002176	2	T086As	group	matriline
SSA:0010286	SSA:0002178	1	T086A3s	group	matriline
SSA:0010287	SSA:0000002	2	Bigg's	group	ecotype
SSA:0010287	SSA:0000900	3	Orcinus orca	taxon	
SSA:0010287	SSA:0002044	1	T086s	group	matriline
SSA:0010287	SSA:0002176	1	T086As	group	matriline
SSA:0010288	SSA:0000002	2	Bigg's	group	ecotype
SSA:0010288	SSA:0000900	3	Orcinus orca	taxon	
SSA:0010288	SSA:0002044	1	T086s	group	matriline
SSA:0010288	SSA:0002176	1	T086As	group	matriline
SSA:0010289	SSA:0000002	2	Bigg's	group	ecotype
SSA:0010289	SSA:0000900	3	Orcinus orca	taxon	
SSA:0010289	SSA:0002045	1	T087s	group	matriline
SSA:0010290	SSA:0000002	2	Bigg's	group	ecotype
SSA:0010290	SSA:0000040	1	T090s	group	matriline
SSA:0010290	SSA:0000900	3	Orcinus orca	taxon	
SSA:0010291	SSA:0000002	2	Bigg's	group	ecotype
SSA:0010291	SSA:0000040	1	T090s	group	matriline
SSA:0010291	SSA:0000900	3	Orcinus orca	taxon	
SSA:0010292	SSA:0000002	2	Bigg's	group	ecotype
SSA:0010292	SSA:0000040	1	T090s	group	matriline
SSA:0010292	SSA:0000900	3	Orcinus orca	taxon	
SSA:0010293	SSA:0000002	2	Bigg's	group	ecotype
SSA:0010293	SSA:0000040	1	T090s	group	matriline
SSA:0010293	SSA:0000900	3	Orcinus orca	taxon	
SSA:0010294	SSA:0000002	2	Bigg's	group	ecotype
SSA:0010294	SSA:0000900	3	Orcinus orca	taxon	
SSA:0010294	SSA:0002046	1	T091s	group	matriline
SSA:0010295	SSA:0000002	2	Bigg's	group	ecotype
SSA:0010295	SSA:0000900	3	Orcinus orca	taxon	
SSA:0010295	SSA:0002047	1	T093s	group	matriline
SSA:0010296	SSA:0000002	2	Bigg's	group	ecotype
SSA:0010296	SSA:0000900	3	Orcinus orca	taxon	
SSA:0010296	SSA:0002048	1	T097s	group	matriline
SSA:0010297	SSA:0000002	2	Bigg's	group	ecotype
SSA:0010297	SSA:0000900	3	Orcinus orca	taxon	
SSA:0010297	SSA:0002049	1	T099s	group	matriline
SSA:0010298	SSA:0000002	2	Bigg's	group	ecotype
SSA:0010298	SSA:0000900	3	Orcinus orca	taxon	
SSA:0010298	SSA:0002049	1	T099s	group	matriline
SSA:0010299	SSA:0000002	2	Bigg's	group	ecotype
SSA:0010299	SSA:0000900	3	Orcinus orca	taxon	
SSA:0010299	SSA:0002049	1	T099s	group	matriline
SSA:0010299	SSA:0002179	1	T099Bs	group	matriline
SSA:0010300	SSA:0000002	2	Bigg's	group	ecotype
SSA:0010300	SSA:0000900	3	Orcinus orca	taxon	
SSA:0010300	SSA:0002049	1	T099s	group	matriline
SSA:0010300	SSA:0002179	1	T099Bs	group	matriline
SSA:0010301	SSA:0000002	2	Bigg's	group	ecotype
SSA:0010301	SSA:0000900	3	Orcinus orca	taxon	
SSA:0010301	SSA:0002049	1	T099s	group	matriline
SSA:0010302	SSA:0000002	2	Bigg's	group	ecotype
SSA:0010302	SSA:0000900	3	Orcinus orca	taxon	
SSA:0010302	SSA:0002049	1	T099s	group	matriline
SSA:0010303	SSA:0000002	2	Bigg's	group	ecotype
SSA:0010303	SSA:0000900	3	Orcinus orca	taxon	
SSA:0010303	SSA:0002049	1	T099s	group	matriline
SSA:0010304	SSA:0000002	2	Bigg's	group	ecotype
SSA:0010304	SSA:0000900	3	Orcinus orca	taxon	
SSA:0010304	SSA:0002050	1	T100s	group	matriline
SSA:0010305	SSA:0000002	2	Bigg's	group	ecotype
SSA:0010305	SSA:0000900	3	Orcinus orca	taxon	
SSA:0010305	SSA:0002050	1	T100s	group	matriline
SSA:0010305	SSA:0002180	1	T100Bs	group	matriline
SSA:0010306	SSA:0000002	2	Bigg's	group	ecotype
SSA:0010306	SSA:0000900	3	Orcinus orca	taxon	
SSA:0010306	SSA:0002050	1	T100s	group	matriline
SSA:0010306	SSA:0002180	1	T100Bs	group	matriline
SSA:0010307	SSA:0000002	2	Bigg's	group	ecotype
SSA:0010307	SSA:0000900	3	Orcinus orca	taxon	
SSA:0010307	SSA:0002050	1	T100s	group	matriline
SSA:0010307	SSA:0002180	1	T100Bs	group	matriline
SSA:0010308	SSA:0000002	2	Bigg's	group	ecotype
SSA:0010308	SSA:0000900	3	Orcinus orca	taxon	
SSA:0010308	SSA:0002050	1	T100s	group	matriline
SSA:0010308	SSA:0002180	1	T100Bs	group	matriline
SSA:0010309	SSA:0000002	2	Bigg's	group	ecotype
SSA:0010309	SSA:0000900	3	Orcinus orca	taxon	
SSA:0010309	SSA:0002050	1	T100s	group	matriline
SSA:0010310	SSA:0000002	2	Bigg's	group	ecotype
SSA:0010310	SSA:0000900	3	Orcinus orca	taxon	
SSA:0010310	SSA:0002050	1	T100s	group	matriline
SSA:0010311	SSA:0000002	2	Bigg's	group	ecotype
SSA:0010311	SSA:0000900	3	Orcinus orca	taxon	
SSA:0010311	SSA:0002050	1	T100s	group	matriline
SSA:0010312	SSA:0000002	2	Bigg's	group	ecotype
SSA:0010312	SSA:0000900	3	Orcinus orca	taxon	
SSA:0010312	SSA:0002051	1	T101s	group	matriline
SSA:0010313	SSA:0000002	2	Bigg's	group	ecotype
SSA:0010313	SSA:0000900	3	Orcinus orca	taxon	
SSA:0010313	SSA:0002051	1	T101s	group	matriline
SSA:0010314	SSA:0000002	2	Bigg's	group	ecotype
SSA:0010314	SSA:0000900	3	Orcinus orca	taxon	
SSA:0010314	SSA:0002051	1	T101s	group	matriline
SSA:0010315	SSA:0000002	2	Bigg's	group	ecotype
SSA:0010315	SSA:0000900	3	Orcinus orca	taxon	
SSA:0010315	SSA:0002052	1	T102s	group	matriline
SSA:0010316	SSA:0000002	2	Bigg's	group	ecotype
SSA:0010316	SSA:0000900	3	Orcinus orca	taxon	
SSA:0010316	SSA:0002053	1	T103s	group	matriline
SSA:0010317	SSA:0000002	2	Bigg's	group	ecotype
SSA:0010317	SSA:0000900	3	Orcinus orca	taxon	
SSA:0010317	SSA:0002054	1	T109s	group	matriline
SSA:0010318	SSA:0000002	2	Bigg's	group	ecotype
SSA:0010318	SSA:0000900	3	Orcinus orca	taxon	
SSA:0010318	SSA:0002054	1	T109s	group	matriline
SSA:0010318	SSA:0002181	1	T109As	group	matriline
SSA:0010319	SSA:0000002	2	Bigg's	group	ecotype
SSA:0010319	SSA:0000900	3	Orcinus orca	taxon	
SSA:0010319	SSA:0002054	1	T109s	group	matriline
SSA:0010319	SSA:0002181	2	T109As	group	matriline
SSA:0010319	SSA:0002182	1	T109A2s	group	matriline
SSA:0010320	SSA:0000002	2	Bigg's	group	ecotype
SSA:0010320	SSA:0000900	3	Orcinus orca	taxon	
SSA:0010320	SSA:0002054	1	T109s	group	matriline
SSA:0010320	SSA:0002181	2	T109As	group	matriline
SSA:0010320	SSA:0002182	1	T109A2s	group	matriline
SSA:0010321	SSA:0000002	2	Bigg's	group	ecotype
SSA:0010321	SSA:0000900	3	Orcinus orca	taxon	
SSA:0010321	SSA:0002054	1	T109s	group	matriline
SSA:0010321	SSA:0002181	2	T109As	group	matriline
SSA:0010321	SSA:0002182	1	T109A2s	group	matriline
SSA:0010322	SSA:0000002	2	Bigg's	group	ecotype
SSA:0010322	SSA:0000900	3	Orcinus orca	taxon	
SSA:0010322	SSA:0002054	1	T109s	group	matriline
SSA:0010322	SSA:0002181	2	T109As	group	matriline
SSA:0010322	SSA:0002182	1	T109A2s	group	matriline
SSA:0010323	SSA:0000002	2	Bigg's	group	ecotype
SSA:0010323	SSA:0000900	3	Orcinus orca	taxon	
SSA:0010323	SSA:0002054	1	T109s	group	matriline
SSA:0010323	SSA:0002181	2	T109As	group	matriline
SSA:0010323	SSA:0002182	1	T109A2s	group	matriline
SSA:0010324	SSA:0000002	2	Bigg's	group	ecotype
SSA:0010324	SSA:0000900	3	Orcinus orca	taxon	
SSA:0010324	SSA:0002054	1	T109s	group	matriline
SSA:0010324	SSA:0002181	2	T109As	group	matriline
SSA:0010324	SSA:0002183	1	T109A3s	group	matriline
SSA:0010325	SSA:0000002	2	Bigg's	group	ecotype
SSA:0010325	SSA:0000900	3	Orcinus orca	taxon	
SSA:0010325	SSA:0002054	1	T109s	group	matriline
SSA:0010325	SSA:0002181	2	T109As	group	matriline
SSA:0010325	SSA:0002183	1	T109A3s	group	matriline
SSA:0010326	SSA:0000002	2	Bigg's	group	ecotype
SSA:0010326	SSA:0000900	3	Orcinus orca	taxon	
SSA:0010326	SSA:0002054	1	T109s	group	matriline
SSA:0010326	SSA:0002181	1	T109As	group	matriline
SSA:0010327	SSA:0000002	2	Bigg's	group	ecotype
SSA:0010327	SSA:0000900	3	Orcinus orca	taxon	
SSA:0010327	SSA:0002054	1	T109s	group	matriline
SSA:0010327	SSA:0002181	1	T109As	group	matriline
SSA:0010328	SSA:0000002	2	Bigg's	group	ecotype
SSA:0010328	SSA:0000900	3	Orcinus orca	taxon	
SSA:0010328	SSA:0002054	1	T109s	group	matriline
SSA:0010328	SSA:0002181	1	T109As	group	matriline
SSA:0010329	SSA:0000002	2	Bigg's	group	ecotype
SSA:0010329	SSA:0000900	3	Orcinus orca	taxon	
SSA:0010329	SSA:0002054	1	T109s	group	matriline
SSA:0010329	SSA:0002181	1	T109As	group	matriline
SSA:0010330	SSA:0000002	2	Bigg's	group	ecotype
SSA:0010330	SSA:0000900	3	Orcinus orca	taxon	
SSA:0010330	SSA:0002054	1	T109s	group	matriline
SSA:0010330	SSA:0002181	1	T109As	group	matriline
SSA:0010331	SSA:0000002	2	Bigg's	group	ecotype
SSA:0010331	SSA:0000900	3	Orcinus orca	taxon	
SSA:0010331	SSA:0002054	1	T109s	group	matriline
SSA:0010331	SSA:0002184	1	T109Bs	group	matriline
SSA:0010332	SSA:0000002	2	Bigg's	group	ecotype
SSA:0010332	SSA:0000900	3	Orcinus orca	taxon	
SSA:0010332	SSA:0002054	1	T109s	group	matriline
SSA:0010332	SSA:0002184	1	T109Bs	group	matriline
SSA:0010333	SSA:0000002	2	Bigg's	group	ecotype
SSA:0010333	SSA:0000900	3	Orcinus orca	taxon	
SSA:0010333	SSA:0002054	1	T109s	group	matriline
SSA:0010333	SSA:0002184	1	T109Bs	group	matriline
SSA:0010334	SSA:0000002	2	Bigg's	group	ecotype
SSA:0010334	SSA:0000900	3	Orcinus orca	taxon	
SSA:0010334	SSA:0002054	1	T109s	group	matriline
SSA:0010334	SSA:0002184	1	T109Bs	group	matriline
SSA:0010335	SSA:0000002	2	Bigg's	group	ecotype
SSA:0010335	SSA:0000900	3	Orcinus orca	taxon	
SSA:0010335	SSA:0002054	1	T109s	group	matriline
SSA:0010335	SSA:0002184	1	T109Bs	group	matriline
SSA:0010336	SSA:0000002	2	Bigg's	group	ecotype
SSA:0010336	SSA:0000900	3	Orcinus orca	taxon	
SSA:0010336	SSA:0002054	1	T109s	group	matriline
SSA:0010336	SSA:0002185	1	T109Cs	group	matriline
SSA:0010337	SSA:0000002	2	Bigg's	group	ecotype
SSA:0010337	SSA:0000900	3	Orcinus orca	taxon	
SSA:0010337	SSA:0002054	1	T109s	group	matriline
SSA:0010337	SSA:0002185	1	T109Cs	group	matriline
SSA:0010338	SSA:0000002	2	Bigg's	group	ecotype
SSA:0010338	SSA:0000900	3	Orcinus orca	taxon	
SSA:0010338	SSA:0002054	1	T109s	group	matriline
SSA:0010338	SSA:0002185	1	T109Cs	group	matriline
SSA:0010339	SSA:0000002	2	Bigg's	group	ecotype
SSA:0010339	SSA:0000900	3	Orcinus orca	taxon	
SSA:0010339	SSA:0002054	1	T109s	group	matriline
SSA:0010339	SSA:0002185	1	T109Cs	group	matriline
SSA:0010340	SSA:0000002	2	Bigg's	group	ecotype
SSA:0010340	SSA:0000900	3	Orcinus orca	taxon	
SSA:0010340	SSA:0002054	1	T109s	group	matriline
SSA:0010340	SSA:0002186	1	T109Ds	group	matriline
SSA:0010341	SSA:0000002	2	Bigg's	group	ecotype
SSA:0010341	SSA:0000900	3	Orcinus orca	taxon	
SSA:0010341	SSA:0002054	1	T109s	group	matriline
SSA:0010341	SSA:0002186	1	T109Ds	group	matriline
SSA:0010342	SSA:0000002	2	Bigg's	group	ecotype
SSA:0010342	SSA:0000900	3	Orcinus orca	taxon	
SSA:0010342	SSA:0002054	1	T109s	group	matriline
SSA:0010342	SSA:0002186	1	T109Ds	group	matriline
SSA:0010343	SSA:0000002	2	Bigg's	group	ecotype
SSA:0010343	SSA:0000900	3	Orcinus orca	taxon	
SSA:0010343	SSA:0002054	1	T109s	group	matriline
SSA:0010344	SSA:0000002	2	Bigg's	group	ecotype
SSA:0010344	SSA:0000900	3	Orcinus orca	taxon	
SSA:0010344	SSA:0002055	1	T111s	group	matriline
SSA:0010345	SSA:0000002	2	Bigg's	group	ecotype
SSA:0010345	SSA:0000900	3	Orcinus orca	taxon	
SSA:0010345	SSA:0002055	1	T111s	group	matriline
SSA:0010345	SSA:0002187	1	T111As	group	matriline
SSA:0010346	SSA:0000002	2	Bigg's	group	ecotype
SSA:0010346	SSA:0000900	3	Orcinus orca	taxon	
SSA:0010346	SSA:0002055	1	T111s	group	matriline
SSA:0010346	SSA:0002187	1	T111As	group	matriline
SSA:0010347	SSA:0000002	2	Bigg's	group	ecotype
SSA:0010347	SSA:0000900	3	Orcinus orca	taxon	
SSA:0010347	SSA:0002055	1	T111s	group	matriline
SSA:0010347	SSA:0002188	1	T111Bs	group	matriline
SSA:0010348	SSA:0000002	2	Bigg's	group	ecotype
SSA:0010348	SSA:0000900	3	Orcinus orca	taxon	
SSA:0010348	SSA:0002055	1	T111s	group	matriline
SSA:0010348	SSA:0002188	1	T111Bs	group	matriline
SSA:0010349	SSA:0000002	2	Bigg's	group	ecotype
SSA:0010349	SSA:0000900	3	Orcinus orca	taxon	
SSA:0010349	SSA:0002055	1	T111s	group	matriline
SSA:0010349	SSA:0002188	1	T111Bs	group	matriline
SSA:0010350	SSA:0000002	2	Bigg's	group	ecotype
SSA:0010350	SSA:0000900	3	Orcinus orca	taxon	
SSA:0010350	SSA:0002055	1	T111s	group	matriline
SSA:0010351	SSA:0000002	2	Bigg's	group	ecotype
SSA:0010351	SSA:0000900	3	Orcinus orca	taxon	
SSA:0010351	SSA:0002056	1	T112s	group	matriline
SSA:0010352	SSA:0000002	2	Bigg's	group	ecotype
SSA:0010352	SSA:0000900	3	Orcinus orca	taxon	
SSA:0010352	SSA:0002057	1	T113s	group	matriline
SSA:0010353	SSA:0000002	2	Bigg's	group	ecotype
SSA:0010353	SSA:0000900	3	Orcinus orca	taxon	
SSA:0010353	SSA:0002058	1	T114s	group	matriline
SSA:0010354	SSA:0000002	2	Bigg's	group	ecotype
SSA:0010354	SSA:0000900	3	Orcinus orca	taxon	
SSA:0010354	SSA:0002059	1	T115s	group	matriline
SSA:0010355	SSA:0000002	2	Bigg's	group	ecotype
SSA:0010355	SSA:0000900	3	Orcinus orca	taxon	
SSA:0010355	SSA:0002060	1	T116s	group	matriline
SSA:0010356	SSA:0000002	2	Bigg's	group	ecotype
SSA:0010356	SSA:0000900	3	Orcinus orca	taxon	
SSA:0010356	SSA:0002060	1	T116s	group	matriline
SSA:0010357	SSA:0000002	2	Bigg's	group	ecotype
SSA:0010357	SSA:0000900	3	Orcinus orca	taxon	
SSA:0010357	SSA:0002060	1	T116s	group	matriline
SSA:0010358	SSA:0000002	2	Bigg's	group	ecotype
SSA:0010358	SSA:0000900	3	Orcinus orca	taxon	
SSA:0010358	SSA:0002061	1	T117s	group	matriline
SSA:0010359	SSA:0000002	2	Bigg's	group	ecotype
SSA:0010359	SSA:0000900	3	Orcinus orca	taxon	
SSA:0010359	SSA:0002061	1	T117s	group	matriline
SSA:0010360	SSA:0000002	2	Bigg's	group	ecotype
SSA:0010360	SSA:0000900	3	Orcinus orca	taxon	
SSA:0010360	SSA:0002061	1	T117s	group	matriline
SSA:0010360	SSA:0002189	1	T117Bs	group	matriline
SSA:0010361	SSA:0000002	2	Bigg's	group	ecotype
SSA:0010361	SSA:0000900	3	Orcinus orca	taxon	
SSA:0010361	SSA:0002061	1	T117s	group	matriline
SSA:0010361	SSA:0002189	1	T117Bs	group	matriline
SSA:0010362	SSA:0000002	2	Bigg's	group	ecotype
SSA:0010362	SSA:0000900	3	Orcinus orca	taxon	
SSA:0010362	SSA:0002062	1	T118s	group	matriline
SSA:0010363	SSA:0000002	2	Bigg's	group	ecotype
SSA:0010363	SSA:0000900	3	Orcinus orca	taxon	
SSA:0010363	SSA:0002063	1	T120s	group	matriline
SSA:0010364	SSA:0000002	2	Bigg's	group	ecotype
SSA:0010364	SSA:0000900	3	Orcinus orca	taxon	
SSA:0010364	SSA:0002064	1	T121s	group	matriline
SSA:0010364	SSA:0002190	1	T121As	group	matriline
SSA:0010365	SSA:0000002	2	Bigg's	group	ecotype
SSA:0010365	SSA:0000900	3	Orcinus orca	taxon	
SSA:0010365	SSA:0002064	1	T121s	group	matriline
SSA:0010365	SSA:0002190	1	T121As	group	matriline
SSA:0010366	SSA:0000002	2	Bigg's	group	ecotype
SSA:0010366	SSA:0000900	3	Orcinus orca	taxon	
SSA:0010366	SSA:0002064	1	T121s	group	matriline
SSA:0010366	SSA:0002190	1	T121As	group	matriline
SSA:0010367	SSA:0000002	2	Bigg's	group	ecotype
SSA:0010367	SSA:0000900	3	Orcinus orca	taxon	
SSA:0010367	SSA:0002064	1	T121s	group	matriline
SSA:0010367	SSA:0002190	1	T121As	group	matriline
SSA:0010368	SSA:0000002	2	Bigg's	group	ecotype
SSA:0010368	SSA:0000900	3	Orcinus orca	taxon	
SSA:0010368	SSA:0002065	1	T122s	group	matriline
SSA:0010369	SSA:0000002	2	Bigg's	group	ecotype
SSA:0010369	SSA:0000900	3	Orcinus orca	taxon	
SSA:0010369	SSA:0002066	1	T123s	group	matriline
SSA:0010370	SSA:0000002	2	Bigg's	group	ecotype
SSA:0010370	SSA:0000900	3	Orcinus orca	taxon	
SSA:0010370	SSA:0002066	1	T123s	group	matriline
SSA:0010371	SSA:0000002	2	Bigg's	group	ecotype
SSA:0010371	SSA:0000900	3	Orcinus orca	taxon	
SSA:0010371	SSA:0002066	1	T123s	group	matriline
SSA:0010372	SSA:0000002	2	Bigg's	group	ecotype
SSA:0010372	SSA:0000900	3	Orcinus orca	taxon	
SSA:0010372	SSA:0002066	1	T123s	group	matriline
SSA:0010373	SSA:0000002	2	Bigg's	group	ecotype
SSA:0010373	SSA:0000900	3	Orcinus orca	taxon	
SSA:0010373	SSA:0002067	1	T124s	group	matriline
SSA:0010374	SSA:0000002	2	Bigg's	group	ecotype
SSA:0010374	SSA:0000900	3	Orcinus orca	taxon	
SSA:0010374	SSA:0002067	1	T124s	group	matriline
SSA:0010374	SSA:0002191	1	T124As	group	matriline
SSA:0010375	SSA:0000002	2	Bigg's	group	ecotype
SSA:0010375	SSA:0000900	3	Orcinus orca	taxon	
SSA:0010375	SSA:0002067	1	T124s	group	matriline
SSA:0010375	SSA:0002191	2	T124As	group	matriline
SSA:0010375	SSA:0002192	1	T124A1s	group	matriline
SSA:0010376	SSA:0000002	2	Bigg's	group	ecotype
SSA:0010376	SSA:0000900	3	Orcinus orca	taxon	
SSA:0010376	SSA:0002067	1	T124s	group	matriline
SSA:0010376	SSA:0002191	2	T124As	group	matriline
SSA:0010376	SSA:0002192	1	T124A1s	group	matriline
SSA:0010377	SSA:0000002	2	Bigg's	group	ecotype
SSA:0010377	SSA:0000900	3	Orcinus orca	taxon	
SSA:0010377	SSA:0002067	1	T124s	group	matriline
SSA:0010377	SSA:0002191	2	T124As	group	matriline
SSA:0010377	SSA:0002193	1	T124A2s	group	matriline
SSA:0010378	SSA:0000002	2	Bigg's	group	ecotype
SSA:0010378	SSA:0000900	3	Orcinus orca	taxon	
SSA:0010378	SSA:0002067	1	T124s	group	matriline
SSA:0010378	SSA:0002191	2	T124As	group	matriline
SSA:0010378	SSA:0002193	1	T124A2s	group	matriline
SSA:0010379	SSA:0000002	2	Bigg's	group	ecotype
SSA:0010379	SSA:0000900	3	Orcinus orca	taxon	
SSA:0010379	SSA:0002067	1	T124s	group	matriline
SSA:0010379	SSA:0002191	2	T124As	group	matriline
SSA:0010379	SSA:0002193	1	T124A2s	group	matriline
SSA:0010380	SSA:0000002	2	Bigg's	group	ecotype
SSA:0010380	SSA:0000900	3	Orcinus orca	taxon	
SSA:0010380	SSA:0002067	1	T124s	group	matriline
SSA:0010380	SSA:0002191	2	T124As	group	matriline
SSA:0010380	SSA:0002194	1	T124A3s	group	matriline
SSA:0010381	SSA:0000002	2	Bigg's	group	ecotype
SSA:0010381	SSA:0000900	3	Orcinus orca	taxon	
SSA:0010381	SSA:0002067	1	T124s	group	matriline
SSA:0010381	SSA:0002191	2	T124As	group	matriline
SSA:0010381	SSA:0002194	1	T124A3s	group	matriline
SSA:0010382	SSA:0000002	2	Bigg's	group	ecotype
SSA:0010382	SSA:0000900	3	Orcinus orca	taxon	
SSA:0010382	SSA:0002067	1	T124s	group	matriline
SSA:0010382	SSA:0002191	2	T124As	group	matriline
SSA:0010382	SSA:0002195	1	T124A4s	group	matriline
SSA:0010383	SSA:0000002	2	Bigg's	group	ecotype
SSA:0010383	SSA:0000900	3	Orcinus orca	taxon	
SSA:0010383	SSA:0002067	1	T124s	group	matriline
SSA:0010383	SSA:0002191	2	T124As	group	matriline
SSA:0010383	SSA:0002195	1	T124A4s	group	matriline
SSA:0010384	SSA:0000002	2	Bigg's	group	ecotype
SSA:0010384	SSA:0000900	3	Orcinus orca	taxon	
SSA:0010384	SSA:0002067	1	T124s	group	matriline
SSA:0010384	SSA:0002191	1	T124As	group	matriline
SSA:0010385	SSA:0000002	2	Bigg's	group	ecotype
SSA:0010385	SSA:0000900	3	Orcinus orca	taxon	
SSA:0010385	SSA:0002067	1	T124s	group	matriline
SSA:0010385	SSA:0002191	1	T124As	group	matriline
SSA:0010386	SSA:0000002	2	Bigg's	group	ecotype
SSA:0010386	SSA:0000900	3	Orcinus orca	taxon	
SSA:0010386	SSA:0002067	1	T124s	group	matriline
SSA:0010387	SSA:0000002	2	Bigg's	group	ecotype
SSA:0010387	SSA:0000900	3	Orcinus orca	taxon	
SSA:0010387	SSA:0002067	1	T124s	group	matriline
SSA:0010387	SSA:0002196	1	T124Ds	group	matriline
SSA:0010388	SSA:0000002	2	Bigg's	group	ecotype
SSA:0010388	SSA:0000900	3	Orcinus orca	taxon	
SSA:0010388	SSA:0002067	1	T124s	group	matriline
SSA:0010388	SSA:0002196	1	T124Ds	group	matriline
SSA:0010389	SSA:0000002	2	Bigg's	group	ecotype
SSA:0010389	SSA:0000900	3	Orcinus orca	taxon	
SSA:0010389	SSA:0002067	1	T124s	group	matriline
SSA:0010389	SSA:0002196	1	T124Ds	group	matriline
SSA:0010390	SSA:0000002	2	Bigg's	group	ecotype
SSA:0010390	SSA:0000900	3	Orcinus orca	taxon	
SSA:0010390	SSA:0002067	1	T124s	group	matriline
SSA:0010390	SSA:0002196	1	T124Ds	group	matriline
SSA:0010391	SSA:0000002	2	Bigg's	group	ecotype
SSA:0010391	SSA:0000900	3	Orcinus orca	taxon	
SSA:0010391	SSA:0002067	1	T124s	group	matriline
SSA:0010391	SSA:0002196	1	T124Ds	group	matriline
SSA:0010392	SSA:0000002	2	Bigg's	group	ecotype
SSA:0010392	SSA:0000900	3	Orcinus orca	taxon	
SSA:0010392	SSA:0002067	1	T124s	group	matriline
SSA:0010393	SSA:0000002	2	Bigg's	group	ecotype
SSA:0010393	SSA:0000900	3	Orcinus orca	taxon	
SSA:0010393	SSA:0002068	1	T125s	group	matriline
SSA:0010394	SSA:0000002	2	Bigg's	group	ecotype
SSA:0010394	SSA:0000900	3	Orcinus orca	taxon	
SSA:0010394	SSA:0002068	1	T125s	group	matriline
SSA:0010395	SSA:0000002	2	Bigg's	group	ecotype
SSA:0010395	SSA:0000900	3	Orcinus orca	taxon	
SSA:0010395	SSA:0002069	1	T127s	group	matriline
SSA:0010396	SSA:0000002	2	Bigg's	group	ecotype
SSA:0010396	SSA:0000900	3	Orcinus orca	taxon	
SSA:0010396	SSA:0002070	1	T128s	group	matriline
SSA:0010397	SSA:0000002	2	Bigg's	group	ecotype
SSA:0010397	SSA:0000900	3	Orcinus orca	taxon	
SSA:0010397	SSA:0002071	1	T129s	group	matriline
SSA:0010398	SSA:0000002	2	Bigg's	group	ecotype
SSA:0010398	SSA:0000900	3	Orcinus orca	taxon	
SSA:0010398	SSA:0002072	1	T130s	group	matriline
SSA:0010399	SSA:0000002	2	Bigg's	group	ecotype
SSA:0010399	SSA:0000900	3	Orcinus orca	taxon	
SSA:0010399	SSA:0002073	1	T131s	group	matriline
SSA:0010400	SSA:0000002	2	Bigg's	group	ecotype
SSA:0010400	SSA:0000900	3	Orcinus orca	taxon	
SSA:0010400	SSA:0002074	1	T132s	group	matriline
SSA:0010401	SSA:0000002	2	Bigg's	group	ecotype
SSA:0010401	SSA:0000900	3	Orcinus orca	taxon	
SSA:0010401	SSA:0002075	1	T133s	group	matriline
SSA:0010402	SSA:0000002	2	Bigg's	group	ecotype
SSA:0010402	SSA:0000900	3	Orcinus orca	taxon	
SSA:0010402	SSA:0002076	1	T134s	group	matriline
SSA:0010403	SSA:0000002	2	Bigg's	group	ecotype
SSA:0010403	SSA:0000900	3	Orcinus orca	taxon	
SSA:0010403	SSA:0002077	1	T135s	group	matriline
SSA:0010404	SSA:0000002	2	Bigg's	group	ecotype
SSA:0010404	SSA:0000900	3	Orcinus orca	taxon	
SSA:0010404	SSA:0002078	1	T137s	group	matriline
SSA:0010405	SSA:0000002	2	Bigg's	group	ecotype
SSA:0010405	SSA:0000900	3	Orcinus orca	taxon	
SSA:0010405	SSA:0002078	1	T137s	group	matriline
SSA:0010406	SSA:0000002	2	Bigg's	group	ecotype
SSA:0010406	SSA:0000900	3	Orcinus orca	taxon	
SSA:0010406	SSA:0002078	1	T137s	group	matriline
SSA:0010407	SSA:0000002	2	Bigg's	group	ecotype
SSA:0010407	SSA:0000900	3	Orcinus orca	taxon	
SSA:0010407	SSA:0002078	1	T137s	group	matriline
SSA:0010408	SSA:0000002	2	Bigg's	group	ecotype
SSA:0010408	SSA:0000900	3	Orcinus orca	taxon	
SSA:0010408	SSA:0002079	1	T139s	group	matriline
SSA:0010409	SSA:0000002	2	Bigg's	group	ecotype
SSA:0010409	SSA:0000900	3	Orcinus orca	taxon	
SSA:0010409	SSA:0002080	1	T140s	group	matriline
SSA:0010410	SSA:0000002	2	Bigg's	group	ecotype
SSA:0010410	SSA:0000900	3	Orcinus orca	taxon	
SSA:0010410	SSA:0002080	1	T140s	group	matriline
SSA:0010411	SSA:0000002	2	Bigg's	group	ecotype
SSA:0010411	SSA:0000900	3	Orcinus orca	taxon	
SSA:0010411	SSA:0002080	1	T140s	group	matriline
SSA:0010412	SSA:0000002	2	Bigg's	group	ecotype
SSA:0010412	SSA:0000900	3	Orcinus orca	taxon	
SSA:0010412	SSA:0002081	1	T141s	group	matriline
SSA:0010413	SSA:0000002	2	Bigg's	group	ecotype
SSA:0010413	SSA:0000900	3	Orcinus orca	taxon	
SSA:0010413	SSA:0002081	1	T141s	group	matriline
SSA:0010414	SSA:0000002	2	Bigg's	group	ecotype
SSA:0010414	SSA:0000900	3	Orcinus orca	taxon	
SSA:0010414	SSA:0002081	1	T141s	group	matriline
SSA:0010415	SSA:0000002	2	Bigg's	group	ecotype
SSA:0010415	SSA:0000900	3	Orcinus orca	taxon	
SSA:0010415	SSA:0002081	1	T141s	group	matriline
SSA:0010416	SSA:0000002	2	Bigg's	group	ecotype
SSA:0010416	SSA:0000900	3	Orcinus orca	taxon	
SSA:0010416	SSA:0002082	1	T142s	group	matriline
SSA:0010417	SSA:0000002	2	Bigg's	group	ecotype
SSA:0010417	SSA:0000900	3	Orcinus orca	taxon	
SSA:0010417	SSA:0002083	1	T143s	group	matriline
SSA:0010418	SSA:0000002	2	Bigg's	group	ecotype
SSA:0010418	SSA:0000900	3	Orcinus orca	taxon	
SSA:0010418	SSA:0002084	1	T146s	group	matriline
SSA:0010419	SSA:0000002	2	Bigg's	group	ecotype
SSA:0010419	SSA:0000900	3	Orcinus orca	taxon	
SSA:0010419	SSA:0002084	1	T146s	group	matriline
SSA:0010419	SSA:0002197	1	T146As	group	matriline
SSA:0010420	SSA:0000002	2	Bigg's	group	ecotype
SSA:0010420	SSA:0000900	3	Orcinus orca	taxon	
SSA:0010420	SSA:0002084	1	T146s	group	matriline
SSA:0010420	SSA:0002197	1	T146As	group	matriline
SSA:0010421	SSA:0000002	2	Bigg's	group	ecotype
SSA:0010421	SSA:0000900	3	Orcinus orca	taxon	
SSA:0010421	SSA:0002084	1	T146s	group	matriline
SSA:0010421	SSA:0002197	1	T146As	group	matriline
SSA:0010422	SSA:0000002	2	Bigg's	group	ecotype
SSA:0010422	SSA:0000900	3	Orcinus orca	taxon	
SSA:0010422	SSA:0002084	1	T146s	group	matriline
SSA:0010423	SSA:0000002	2	Bigg's	group	ecotype
SSA:0010423	SSA:0000900	3	Orcinus orca	taxon	
SSA:0010423	SSA:0002084	1	T146s	group	matriline
SSA:0010423	SSA:0002198	1	T146Cs	group	matriline
SSA:0010424	SSA:0000002	2	Bigg's	group	ecotype
SSA:0010424	SSA:0000900	3	Orcinus orca	taxon	
SSA:0010424	SSA:0002084	1	T146s	group	matriline
SSA:0010424	SSA:0002198	1	T146Cs	group	matriline
SSA:0010425	SSA:0000002	2	Bigg's	group	ecotype
SSA:0010425	SSA:0000900	3	Orcinus orca	taxon	
SSA:0010425	SSA:0002084	1	T146s	group	matriline
SSA:0010426	SSA:0000002	2	Bigg's	group	ecotype
SSA:0010426	SSA:0000900	3	Orcinus orca	taxon	
SSA:0010426	SSA:0002084	1	T146s	group	matriline
SSA:0010427	SSA:0000002	2	Bigg's	group	ecotype
SSA:0010427	SSA:0000900	3	Orcinus orca	taxon	
SSA:0010427	SSA:0002085	1	T147s	group	matriline
SSA:0010428	SSA:0000002	2	Bigg's	group	ecotype
SSA:0010428	SSA:0000900	3	Orcinus orca	taxon	
SSA:0010428	SSA:0002086	1	T148s	group	matriline
SSA:0010429	SSA:0000002	2	Bigg's	group	ecotype
SSA:0010429	SSA:0000900	3	Orcinus orca	taxon	
SSA:0010429	SSA:0002087	1	T149s	group	matriline
SSA:0010430	SSA:0000002	2	Bigg's	group	ecotype
SSA:0010430	SSA:0000900	3	Orcinus orca	taxon	
SSA:0010430	SSA:0002088	1	T150s	group	matriline
SSA:0010431	SSA:0000002	2	Bigg's	group	ecotype
SSA:0010431	SSA:0000900	3	Orcinus orca	taxon	
SSA:0010431	SSA:0002089	1	T151s	group	matriline
SSA:0010432	SSA:0000002	2	Bigg's	group	ecotype
SSA:0010432	SSA:0000900	3	Orcinus orca	taxon	
SSA:0010432	SSA:0002089	1	T151s	group	matriline
SSA:0010432	SSA:0002199	1	T151As	group	matriline
SSA:0010433	SSA:0000002	2	Bigg's	group	ecotype
SSA:0010433	SSA:0000900	3	Orcinus orca	taxon	
SSA:0010433	SSA:0002089	1	T151s	group	matriline
SSA:0010433	SSA:0002199	1	T151As	group	matriline
SSA:0010434	SSA:0000002	2	Bigg's	group	ecotype
SSA:0010434	SSA:0000900	3	Orcinus orca	taxon	
SSA:0010434	SSA:0002089	1	T151s	group	matriline
SSA:0010435	SSA:0000002	2	Bigg's	group	ecotype
SSA:0010435	SSA:0000900	3	Orcinus orca	taxon	
SSA:0010435	SSA:0002089	1	T151s	group	matriline
SSA:0010436	SSA:0000002	2	Bigg's	group	ecotype
SSA:0010436	SSA:0000900	3	Orcinus orca	taxon	
SSA:0010436	SSA:0002089	1	T151s	group	matriline
SSA:0010437	SSA:0000002	2	Bigg's	group	ecotype
SSA:0010437	SSA:0000900	3	Orcinus orca	taxon	
SSA:0010437	SSA:0002090	1	T152s	group	matriline
SSA:0010438	SSA:0000002	2	Bigg's	group	ecotype
SSA:0010438	SSA:0000900	3	Orcinus orca	taxon	
SSA:0010438	SSA:0002090	1	T152s	group	matriline
SSA:0010439	SSA:0000002	2	Bigg's	group	ecotype
SSA:0010439	SSA:0000900	3	Orcinus orca	taxon	
SSA:0010439	SSA:0002090	1	T152s	group	matriline
SSA:0010440	SSA:0000002	2	Bigg's	group	ecotype
SSA:0010440	SSA:0000900	3	Orcinus orca	taxon	
SSA:0010440	SSA:0002090	1	T152s	group	matriline
SSA:0010441	SSA:0000002	2	Bigg's	group	ecotype
SSA:0010441	SSA:0000900	3	Orcinus orca	taxon	
SSA:0010441	SSA:0002091	1	T157s	group	matriline
SSA:0010442	SSA:0000002	2	Bigg's	group	ecotype
SSA:0010442	SSA:0000900	3	Orcinus orca	taxon	
SSA:0010442	SSA:0002092	1	T160s	group	matriline
SSA:0010443	SSA:0000002	2	Bigg's	group	ecotype
SSA:0010443	SSA:0000900	3	Orcinus orca	taxon	
SSA:0010443	SSA:0002093	1	T161s	group	matriline
SSA:0010444	SSA:0000002	2	Bigg's	group	ecotype
SSA:0010444	SSA:0000900	3	Orcinus orca	taxon	
SSA:0010444	SSA:0002094	1	T162s	group	matriline
SSA:0010445	SSA:0000002	2	Bigg's	group	ecotype
SSA:0010445	SSA:0000900	3	Orcinus orca	taxon	
SSA:0010445	SSA:0002095	1	T165s	group	matriline
SSA:0010446	SSA:0000002	2	Bigg's	group	ecotype
SSA:0010446	SSA:0000900	3	Orcinus orca	taxon	
SSA:0010446	SSA:0002096	1	T166s	group	matriline
SSA:0010447	SSA:0000002	2	Bigg's	group	ecotype
SSA:0010447	SSA:0000900	3	Orcinus orca	taxon	
SSA:0010447	SSA:0002096	1	T166s	group	matriline
SSA:0010447	SSA:0002200	1	T166As	group	matriline
SSA:0010448	SSA:0000002	2	Bigg's	group	ecotype
SSA:0010448	SSA:0000900	3	Orcinus orca	taxon	
SSA:0010448	SSA:0002096	1	T166s	group	matriline
SSA:0010448	SSA:0002200	1	T166As	group	matriline
SSA:0010449	SSA:0000002	2	Bigg's	group	ecotype
SSA:0010449	SSA:0000900	3	Orcinus orca	taxon	
SSA:0010449	SSA:0002097	1	T167s	group	matriline
SSA:0010450	SSA:0000002	2	Bigg's	group	ecotype
SSA:0010450	SSA:0000900	3	Orcinus orca	taxon	
SSA:0010450	SSA:0002097	1	T167s	group	matriline
SSA:0010451	SSA:0000002	2	Bigg's	group	ecotype
SSA:0010451	SSA:0000900	3	Orcinus orca	taxon	
SSA:0010451	SSA:0002097	1	T167s	group	matriline
SSA:0010452	SSA:0000002	2	Bigg's	group	ecotype
SSA:0010452	SSA:0000900	3	Orcinus orca	taxon	
SSA:0010452	SSA:0002097	1	T167s	group	matriline
SSA:0010453	SSA:0000002	2	Bigg's	group	ecotype
SSA:0010453	SSA:0000900	3	Orcinus orca	taxon	
SSA:0010453	SSA:0002098	1	T168s	group	matriline
SSA:0010453	SSA:0002201	1	T168As	group	matriline
SSA:0010454	SSA:0000002	2	Bigg's	group	ecotype
SSA:0010454	SSA:0000900	3	Orcinus orca	taxon	
SSA:0010454	SSA:0002098	1	T168s	group	matriline
SSA:0010454	SSA:0002201	1	T168As	group	matriline
SSA:0010455	SSA:0000002	2	Bigg's	group	ecotype
SSA:0010455	SSA:0000900	3	Orcinus orca	taxon	
SSA:0010455	SSA:0002098	1	T168s	group	matriline
SSA:0010455	SSA:0002201	1	T168As	group	matriline
SSA:0010456	SSA:0000002	2	Bigg's	group	ecotype
SSA:0010456	SSA:0000900	3	Orcinus orca	taxon	
SSA:0010456	SSA:0002099	1	T169s	group	matriline
SSA:0010457	SSA:0000002	2	Bigg's	group	ecotype
SSA:0010457	SSA:0000900	3	Orcinus orca	taxon	
SSA:0010457	SSA:0002100	1	T170s	group	matriline
SSA:0010458	SSA:0000002	2	Bigg's	group	ecotype
SSA:0010458	SSA:0000900	3	Orcinus orca	taxon	
SSA:0010458	SSA:0002101	1	T171s	group	matriline
SSA:0010459	SSA:0000002	2	Bigg's	group	ecotype
SSA:0010459	SSA:0000900	3	Orcinus orca	taxon	
SSA:0010459	SSA:0002102	1	T172s	group	matriline
SSA:0010460	SSA:0000002	2	Bigg's	group	ecotype
SSA:0010460	SSA:0000900	3	Orcinus orca	taxon	
SSA:0010460	SSA:0002103	1	T173s	group	matriline
SSA:0010461	SSA:0000002	2	Bigg's	group	ecotype
SSA:0010461	SSA:0000900	3	Orcinus orca	taxon	
SSA:0010461	SSA:0002104	1	T174s	group	matriline
SSA:0010462	SSA:0000002	2	Bigg's	group	ecotype
SSA:0010462	SSA:0000900	3	Orcinus orca	taxon	
SSA:0010462	SSA:0002104	1	T174s	group	matriline
SSA:0010462	SSA:0002202	1	T174As	group	matriline
SSA:0010463	SSA:0000002	2	Bigg's	group	ecotype
SSA:0010463	SSA:0000900	3	Orcinus orca	taxon	
SSA:0010463	SSA:0002104	1	T174s	group	matriline
SSA:0010463	SSA:0002202	1	T174As	group	matriline
SSA:0010464	SSA:0000002	2	Bigg's	group	ecotype
SSA:0010464	SSA:0000900	3	Orcinus orca	taxon	
SSA:0010464	SSA:0002104	1	T174s	group	matriline
SSA:0010464	SSA:0002202	1	T174As	group	matriline
SSA:0010465	SSA:0000002	2	Bigg's	group	ecotype
SSA:0010465	SSA:0000900	3	Orcinus orca	taxon	
SSA:0010465	SSA:0002104	1	T174s	group	matriline
SSA:0010465	SSA:0002203	1	T174Bs	group	matriline
SSA:0010466	SSA:0000002	2	Bigg's	group	ecotype
SSA:0010466	SSA:0000900	3	Orcinus orca	taxon	
SSA:0010466	SSA:0002104	1	T174s	group	matriline
SSA:0010466	SSA:0002203	1	T174Bs	group	matriline
SSA:0010467	SSA:0000002	2	Bigg's	group	ecotype
SSA:0010467	SSA:0000900	3	Orcinus orca	taxon	
SSA:0010467	SSA:0002104	1	T174s	group	matriline
SSA:0010468	SSA:0000002	2	Bigg's	group	ecotype
SSA:0010468	SSA:0000900	3	Orcinus orca	taxon	
SSA:0010468	SSA:0002105	1	T175s	group	matriline
SSA:0010469	SSA:0000002	2	Bigg's	group	ecotype
SSA:0010469	SSA:0000900	3	Orcinus orca	taxon	
SSA:0010469	SSA:0002106	1	T176s	group	matriline
SSA:0010470	SSA:0000002	2	Bigg's	group	ecotype
SSA:0010470	SSA:0000900	3	Orcinus orca	taxon	
SSA:0010470	SSA:0002106	1	T176s	group	matriline
SSA:0010471	SSA:0000002	2	Bigg's	group	ecotype
SSA:0010471	SSA:0000900	3	Orcinus orca	taxon	
SSA:0010471	SSA:0002106	1	T176s	group	matriline
SSA:0010472	SSA:0000002	2	Bigg's	group	ecotype
SSA:0010472	SSA:0000900	3	Orcinus orca	taxon	
SSA:0010472	SSA:0002107	1	T177s	group	matriline
SSA:0010473	SSA:0000002	2	Bigg's	group	ecotype
SSA:0010473	SSA:0000900	3	Orcinus orca	taxon	
SSA:0010473	SSA:0002108	1	T178s	group	matriline
SSA:0010474	SSA:0000002	2	Bigg's	group	ecotype
SSA:0010474	SSA:0000900	3	Orcinus orca	taxon	
SSA:0010474	SSA:0002109	1	T179s	group	matriline
SSA:0010475	SSA:0000002	2	Bigg's	group	ecotype
SSA:0010475	SSA:0000900	3	Orcinus orca	taxon	
SSA:0010475	SSA:0002109	1	T179s	group	matriline
SSA:0010476	SSA:0000002	2	Bigg's	group	ecotype
SSA:0010476	SSA:0000900	3	Orcinus orca	taxon	
SSA:0010476	SSA:0002109	1	T179s	group	matriline
SSA:0010477	SSA:0000002	2	Bigg's	group	ecotype
SSA:0010477	SSA:0000900	3	Orcinus orca	taxon	
SSA:0010477	SSA:0002110	1	T180s	group	matriline
SSA:0010478	SSA:0000002	2	Bigg's	group	ecotype
SSA:0010478	SSA:0000900	3	Orcinus orca	taxon	
SSA:0010478	SSA:0002111	1	T181s	group	matriline
SSA:0010479	SSA:0000002	2	Bigg's	group	ecotype
SSA:0010479	SSA:0000900	3	Orcinus orca	taxon	
SSA:0010479	SSA:0002111	1	T181s	group	matriline
SSA:0010480	SSA:0000002	2	Bigg's	group	ecotype
SSA:0010480	SSA:0000900	3	Orcinus orca	taxon	
SSA:0010480	SSA:0002112	1	T182s	group	matriline
SSA:0010481	SSA:0000002	2	Bigg's	group	ecotype
SSA:0010481	SSA:0000900	3	Orcinus orca	taxon	
SSA:0010481	SSA:0002113	1	T183s	group	matriline
SSA:0010482	SSA:0000002	2	Bigg's	group	ecotype
SSA:0010482	SSA:0000900	3	Orcinus orca	taxon	
SSA:0010482	SSA:0002113	1	T183s	group	matriline
SSA:0010483	SSA:0000002	2	Bigg's	group	ecotype
SSA:0010483	SSA:0000900	3	Orcinus orca	taxon	
SSA:0010483	SSA:0002114	1	T184s	group	matriline
SSA:0010484	SSA:0000002	2	Bigg's	group	ecotype
SSA:0010484	SSA:0000900	3	Orcinus orca	taxon	
SSA:0010484	SSA:0002115	1	T185s	group	matriline
SSA:0010485	SSA:0000002	2	Bigg's	group	ecotype
SSA:0010485	SSA:0000900	3	Orcinus orca	taxon	
SSA:0010485	SSA:0002115	1	T185s	group	matriline
SSA:0010486	SSA:0000002	2	Bigg's	group	ecotype
SSA:0010486	SSA:0000900	3	Orcinus orca	taxon	
SSA:0010486	SSA:0002116	1	T186s	group	matriline
SSA:0010487	SSA:0000002	2	Bigg's	group	ecotype
SSA:0010487	SSA:0000900	3	Orcinus orca	taxon	
SSA:0010487	SSA:0002117	1	T187s	group	matriline
SSA:0010488	SSA:0000002	2	Bigg's	group	ecotype
SSA:0010488	SSA:0000900	3	Orcinus orca	taxon	
SSA:0010488	SSA:0002118	1	T188s	group	matriline
SSA:0010489	SSA:0000002	2	Bigg's	group	ecotype
SSA:0010489	SSA:0000900	3	Orcinus orca	taxon	
SSA:0010489	SSA:0002118	1	T188s	group	matriline
SSA:0010490	SSA:0000002	2	Bigg's	group	ecotype
SSA:0010490	SSA:0000900	3	Orcinus orca	taxon	
SSA:0010490	SSA:0002119	1	T196s	group	matriline
SSA:0010491	SSA:0000002	2	Bigg's	group	ecotype
SSA:0010491	SSA:0000900	3	Orcinus orca	taxon	
SSA:0010491	SSA:0002120	1	T197s	group	matriline
SSA:0010492	SSA:0000002	2	Bigg's	group	ecotype
SSA:0010492	SSA:0000900	3	Orcinus orca	taxon	
SSA:0010492	SSA:0002121	1	T199s	group	matriline
SSA:0010493	SSA:0000002	2	Bigg's	group	ecotype
SSA:0010493	SSA:0000900	3	Orcinus orca	taxon	
SSA:0010493	SSA:0002121	1	T199s	group	matriline
SSA:0010494	SSA:0000002	2	Bigg's	group	ecotype
SSA:0010494	SSA:0000900	3	Orcinus orca	taxon	
SSA:0010494	SSA:0002121	1	T199s	group	matriline
SSA:0010495	SSA:0000002	2	Bigg's	group	ecotype
SSA:0010495	SSA:0000900	3	Orcinus orca	taxon	
SSA:0010495	SSA:0002121	1	T199s	group	matriline
SSA:0010496	SSA:0000002	2	Bigg's	group	ecotype
SSA:0010496	SSA:0000900	3	Orcinus orca	taxon	
SSA:0010496	SSA:0002122	1	T221s	group	matriline
SSA:0010497	SSA:0000002	2	Bigg's	group	ecotype
SSA:0010497	SSA:0000900	3	Orcinus orca	taxon	
SSA:0010497	SSA:0002123	1	T223s	group	matriline
SSA:0010498	SSA:0000002	2	Bigg's	group	ecotype
SSA:0010498	SSA:0000900	3	Orcinus orca	taxon	
SSA:0010498	SSA:0002124	1	T224s	group	matriline
SSA:0010499	SSA:0000002	2	Bigg's	group	ecotype
SSA:0010499	SSA:0000900	3	Orcinus orca	taxon	
SSA:0010499	SSA:0002124	1	T224s	group	matriline
SSA:0010500	SSA:0000002	2	Bigg's	group	ecotype
SSA:0010500	SSA:0000900	3	Orcinus orca	taxon	
SSA:0010500	SSA:0002124	1	T224s	group	matriline
SSA:0010501	SSA:0000002	2	Bigg's	group	ecotype
SSA:0010501	SSA:0000900	3	Orcinus orca	taxon	
SSA:0010501	SSA:0002125	1	T225s	group	matriline
SSA:0010502	SSA:0000002	2	Bigg's	group	ecotype
SSA:0010502	SSA:0000900	3	Orcinus orca	taxon	
SSA:0010502	SSA:0002126	1	T227s	group	matriline
SSA:0010503	SSA:0000002	2	Bigg's	group	ecotype
SSA:0010503	SSA:0000900	3	Orcinus orca	taxon	
SSA:0010503	SSA:0002127	1	T250s	group	matriline
SSA:0010504	SSA:0000002	2	Bigg's	group	ecotype
SSA:0010504	SSA:0000900	3	Orcinus orca	taxon	
SSA:0010504	SSA:0002127	1	T250s	group	matriline
SSA:0010505	SSA:0000002	2	Bigg's	group	ecotype
SSA:0010505	SSA:0000900	3	Orcinus orca	taxon	
SSA:0010505	SSA:0002127	1	T250s	group	matriline
SSA:0010506	SSA:0000002	2	Bigg's	group	ecotype
SSA:0010506	SSA:0000900	3	Orcinus orca	taxon	
SSA:0010506	SSA:0002128	1	T251s	group	matriline
SSA:0010507	SSA:0000002	2	Bigg's	group	ecotype
SSA:0010507	SSA:0000900	3	Orcinus orca	taxon	
SSA:0010507	SSA:0002129	1	T252s	group	matriline
SSA:0010508	SSA:0000002	2	Bigg's	group	ecotype
SSA:0010508	SSA:0000900	3	Orcinus orca	taxon	
SSA:0010508	SSA:0002130	1	T253s	group	matriline
SSA:0010509	SSA:0000002	2	Bigg's	group	ecotype
SSA:0010509	SSA:0000900	3	Orcinus orca	taxon	
SSA:0010509	SSA:0002130	1	T253s	group	matriline
SSA:0010510	SSA:0000002	1	Bigg's	group	ecotype
SSA:0010510	SSA:0000900	2	Orcinus orca	taxon	
SSA:0010511	SSA:0000002	1	Bigg's	group	ecotype
SSA:0010511	SSA:0000900	2	Orcinus orca	taxon	
SSA:0010512	SSA:0000002	1	Bigg's	group	ecotype
SSA:0010512	SSA:0000900	2	Orcinus orca	taxon	
SSA:0020000	SSA:0000003	4	Resident	group	ecotype
SSA:0020000	SSA:0000010	3	Southern Resident	group	community
SSA:0020000	SSA:0000011	2	J clan	group	clan
SSA:0020000	SSA:0000020	1	J pod	group	pod
SSA:0020000	SSA:0000900	5	Orcinus orca	taxon	
SSA:0020001	SSA:0000003	4	Resident	group	ecotype
SSA:0020001	SSA:0000010	3	Southern Resident	group	community
SSA:0020001	SSA:0000011	2	J clan	group	clan
SSA:0020001	SSA:0000020	1	J pod	group	pod
SSA:0020001	SSA:0000900	5	Orcinus orca	taxon	
SSA:0020002	SSA:0000003	4	Resident	group	ecotype
SSA:0020002	SSA:0000010	3	Southern Resident	group	community
SSA:0020002	SSA:0000011	2	J clan	group	clan
SSA:0020002	SSA:0000020	1	J pod	group	pod
SSA:0020002	SSA:0000900	5	Orcinus orca	taxon	
SSA:0020003	SSA:0000003	5	Resident	group	ecotype
SSA:0020003	SSA:0000010	4	Southern Resident	group	community
SSA:0020003	SSA:0000011	3	J clan	group	clan
SSA:0020003	SSA:0000020	2	J pod	group	pod
SSA:0020003	SSA:0000900	6	Orcinus orca	taxon	
SSA:0020003	SSA:0003000	1	J4s	group	matriline
SSA:0020004	SSA:0000003	5	Resident	group	ecotype
SSA:0020004	SSA:0000010	4	Southern Resident	group	community
SSA:0020004	SSA:0000011	3	J clan	group	clan
SSA:0020004	SSA:0000020	2	J pod	group	pod
SSA:0020004	SSA:0000900	6	Orcinus orca	taxon	
SSA:0020004	SSA:0003001	1	J5s	group	matriline
SSA:0020005	SSA:0000003	4	Resident	group	ecotype
SSA:0020005	SSA:0000010	3	Southern Resident	group	community
SSA:0020005	SSA:0000011	2	J clan	group	clan
SSA:0020005	SSA:0000020	1	J pod	group	pod
SSA:0020005	SSA:0000900	5	Orcinus orca	taxon	
SSA:0020006	SSA:0000003	4	Resident	group	ecotype
SSA:0020006	SSA:0000010	3	Southern Resident	group	community
SSA:0020006	SSA:0000011	2	J clan	group	clan
SSA:0020006	SSA:0000020	1	J pod	group	pod
SSA:0020006	SSA:0000900	5	Orcinus orca	taxon	
SSA:0020007	SSA:0000003	4	Resident	group	ecotype
SSA:0020007	SSA:0000010	3	Southern Resident	group	community
SSA:0020007	SSA:0000011	2	J clan	group	clan
SSA:0020007	SSA:0000020	1	J pod	group	pod
SSA:0020007	SSA:0000900	5	Orcinus orca	taxon	
SSA:0020008	SSA:0000003	4	Resident	group	ecotype
SSA:0020008	SSA:0000010	3	Southern Resident	group	community
SSA:0020008	SSA:0000011	2	J clan	group	clan
SSA:0020008	SSA:0000020	1	J pod	group	pod
SSA:0020008	SSA:0000900	5	Orcinus orca	taxon	
SSA:0020009	SSA:0000003	5	Resident	group	ecotype
SSA:0020009	SSA:0000010	4	Southern Resident	group	community
SSA:0020009	SSA:0000011	3	J clan	group	clan
SSA:0020009	SSA:0000020	2	J pod	group	pod
SSA:0020009	SSA:0000900	6	Orcinus orca	taxon	
SSA:0020009	SSA:0003002	1	J10s	group	matriline
SSA:0020010	SSA:0000003	6	Resident	group	ecotype
SSA:0020010	SSA:0000010	5	Southern Resident	group	community
SSA:0020010	SSA:0000011	4	J clan	group	clan
SSA:0020010	SSA:0000020	3	J pod	group	pod
SSA:0020010	SSA:0000900	7	Orcinus orca	taxon	
SSA:0020010	SSA:0003000	2	J4s	group	matriline
SSA:0020010	SSA:0003003	1	J11s	group	matriline
SSA:0020011	SSA:0000003	5	Resident	group	ecotype
SSA:0020011	SSA:0000010	4	Southern Resident	group	community
SSA:0020011	SSA:0000011	3	J clan	group	clan
SSA:0020011	SSA:0000020	2	J pod	group	pod
SSA:0020011	SSA:0000900	6	Orcinus orca	taxon	
SSA:0020011	SSA:0003004	1	J12s	group	matriline
SSA:0020012	SSA:0000003	5	Resident	group	ecotype
SSA:0020012	SSA:0000010	4	Southern Resident	group	community
SSA:0020012	SSA:0000011	3	J clan	group	clan
SSA:0020012	SSA:0000020	2	J pod	group	pod
SSA:0020012	SSA:0000900	6	Orcinus orca	taxon	
SSA:0020012	SSA:0003001	1	J5s	group	matriline
SSA:0020013	SSA:0000003	6	Resident	group	ecotype
SSA:0020013	SSA:0000010	5	Southern Resident	group	community
SSA:0020013	SSA:0000011	4	J clan	group	clan
SSA:0020013	SSA:0000020	3	J pod	group	pod
SSA:0020013	SSA:0000900	7	Orcinus orca	taxon	
SSA:0020013	SSA:0003004	2	J12s	group	matriline
SSA:0020013	SSA:0003005	1	J14s	group	matriline
SSA:0020014	SSA:0000003	5	Resident	group	ecotype
SSA:0020014	SSA:0000010	4	Southern Resident	group	community
SSA:0020014	SSA:0000011	3	J clan	group	clan
SSA:0020014	SSA:0000020	2	J pod	group	pod
SSA:0020014	SSA:0000900	6	Orcinus orca	taxon	
SSA:0020014	SSA:0003000	1	J4s	group	matriline
SSA:0020015	SSA:0000003	5	Resident	group	ecotype
SSA:0020015	SSA:0000010	4	Southern Resident	group	community
SSA:0020015	SSA:0000011	3	J clan	group	clan
SSA:0020015	SSA:0000020	2	J pod	group	pod
SSA:0020015	SSA:0000900	6	Orcinus orca	taxon	
SSA:0020015	SSA:0003006	1	J16s	group	matriline
SSA:0020016	SSA:0000003	5	Resident	group	ecotype
SSA:0020016	SSA:0000010	4	Southern Resident	group	community
SSA:0020016	SSA:0000011	3	J clan	group	clan
SSA:0020016	SSA:0000020	2	J pod	group	pod
SSA:0020016	SSA:0000900	6	Orcinus orca	taxon	
SSA:0020016	SSA:0003002	1	J10s	group	matriline
SSA:0020017	SSA:0000003	6	Resident	group	ecotype
SSA:0020017	SSA:0000010	5	Southern Resident	group	community
SSA:0020017	SSA:0000011	4	J clan	group	clan
SSA:0020017	SSA:0000020	3	J pod	group	pod
SSA:0020017	SSA:0000900	7	Orcinus orca	taxon	
SSA:0020017	SSA:0003000	2	J4s	group	matriline
SSA:0020017	SSA:0003007	1	J19s	group	matriline
SSA:0020018	SSA:0000003	6	Resident	group	ecotype
SSA:0020018	SSA:0000010	5	Southern Resident	group	community
SSA:0020018	SSA:0000011	4	J clan	group	clan
SSA:0020018	SSA:0000020	3	J pod	group	pod
SSA:0020018	SSA:0000900	7	Orcinus orca	taxon	
SSA:0020018	SSA:0003002	2	J10s	group	matriline
SSA:0020018	SSA:0003008	1	J20s	group	matriline
SSA:0020019	SSA:0000003	5	Resident	group	ecotype
SSA:0020019	SSA:0000010	4	Southern Resident	group	community
SSA:0020019	SSA:0000011	3	J clan	group	clan
SSA:0020019	SSA:0000020	2	J pod	group	pod
SSA:0020019	SSA:0000900	6	Orcinus orca	taxon	
SSA:0020019	SSA:0003000	1	J4s	group	matriline
SSA:0020020	SSA:0000003	6	Resident	group	ecotype
SSA:0020020	SSA:0000010	5	Southern Resident	group	community
SSA:0020020	SSA:0000011	4	J clan	group	clan
SSA:0020020	SSA:0000020	3	J pod	group	pod
SSA:0020020	SSA:0000900	7	Orcinus orca	taxon	
SSA:0020020	SSA:0003002	2	J10s	group	matriline
SSA:0020020	SSA:0003009	1	J22s	group	matriline
SSA:0020021	SSA:0000003	6	Resident	group	ecotype
SSA:0020021	SSA:0000010	5	Southern Resident	group	community
SSA:0020021	SSA:0000011	4	J clan	group	clan
SSA:0020021	SSA:0000020	3	J pod	group	pod
SSA:0020021	SSA:0000900	7	Orcinus orca	taxon	
SSA:0020021	SSA:0003004	2	J12s	group	matriline
SSA:0020021	SSA:0003005	1	J14s	group	matriline
SSA:0020022	SSA:0000003	5	Resident	group	ecotype
SSA:0020022	SSA:0000010	4	Southern Resident	group	community
SSA:0020022	SSA:0000011	3	J clan	group	clan
SSA:0020022	SSA:0000020	2	J pod	group	pod
SSA:0020022	SSA:0000900	6	Orcinus orca	taxon	
SSA:0020022	SSA:0003004	1	J12s	group	matriline
SSA:0020023	SSA:0000003	6	Resident	group	ecotype
SSA:0020023	SSA:0000010	5	Southern Resident	group	community
SSA:0020023	SSA:0000011	4	J clan	group	clan
SSA:0020023	SSA:0000020	3	J pod	group	pod
SSA:0020023	SSA:0000900	7	Orcinus orca	taxon	
SSA:0020023	SSA:0003000	2	J4s	group	matriline
SSA:0020023	SSA:0003003	1	J11s	group	matriline
SSA:0020024	SSA:0000003	5	Resident	group	ecotype
SSA:0020024	SSA:0000010	4	Southern Resident	group	community
SSA:0020024	SSA:0000011	3	J clan	group	clan
SSA:0020024	SSA:0000020	2	J pod	group	pod
SSA:0020024	SSA:0000900	6	Orcinus orca	taxon	
SSA:0020024	SSA:0003006	1	J16s	group	matriline
SSA:0020025	SSA:0000003	6	Resident	group	ecotype
SSA:0020025	SSA:0000010	5	Southern Resident	group	community
SSA:0020025	SSA:0000011	4	J clan	group	clan
SSA:0020025	SSA:0000020	3	J pod	group	pod
SSA:0020025	SSA:0000900	7	Orcinus orca	taxon	
SSA:0020025	SSA:0003000	2	J4s	group	matriline
SSA:0020025	SSA:0003003	1	J11s	group	matriline
SSA:0020026	SSA:0000003	7	Resident	group	ecotype
SSA:0020026	SSA:0000010	6	Southern Resident	group	community
SSA:0020026	SSA:0000011	5	J clan	group	clan
SSA:0020026	SSA:0000020	4	J pod	group	pod
SSA:0020026	SSA:0000030	2	J17s	group	matriline
SSA:0020026	SSA:0000900	8	Orcinus orca	taxon	
SSA:0020026	SSA:0003001	3	J5s	group	matriline
SSA:0020026	SSA:0003010	1	J28s	group	matriline
SSA:0020027	SSA:0000003	7	Resident	group	ecotype
SSA:0020027	SSA:0000010	6	Southern Resident	group	community
SSA:0020027	SSA:0000011	5	J clan	group	clan
SSA:0020027	SSA:0000020	4	J pod	group	pod
SSA:0020027	SSA:0000030	2	J17s	group	matriline
SSA:0020027	SSA:0000900	8	Orcinus orca	taxon	
SSA:0020027	SSA:0003001	3	J5s	group	matriline
SSA:0020027	SSA:0003010	1	J28s	group	matriline
SSA:0020028	SSA:0000003	6	Resident	group	ecotype
SSA:0020028	SSA:0000010	5	Southern Resident	group	community
SSA:0020028	SSA:0000011	4	J clan	group	clan
SSA:0020028	SSA:0000020	3	J pod	group	pod
SSA:0020028	SSA:0000900	7	Orcinus orca	taxon	
SSA:0020028	SSA:0003000	2	J4s	group	matriline
SSA:0020028	SSA:0003007	1	J19s	group	matriline
SSA:0020029	SSA:0000003	6	Resident	group	ecotype
SSA:0020029	SSA:0000010	5	Southern Resident	group	community
SSA:0020029	SSA:0000011	4	J clan	group	clan
SSA:0020029	SSA:0000020	3	J pod	group	pod
SSA:0020029	SSA:0000900	7	Orcinus orca	taxon	
SSA:0020029	SSA:0003004	2	J12s	group	matriline
SSA:0020029	SSA:0003005	1	J14s	group	matriline
SSA:0020030	SSA:0000003	7	Resident	group	ecotype
SSA:0020030	SSA:0000010	6	Southern Resident	group	community
SSA:0020030	SSA:0000011	5	J clan	group	clan
SSA:0020030	SSA:0000020	4	J pod	group	pod
SSA:0020030	SSA:0000900	8	Orcinus orca	taxon	
SSA:0020030	SSA:0003000	3	J4s	group	matriline
SSA:0020030	SSA:0003003	2	J11s	group	matriline
SSA:0020030	SSA:0003011	1	J31s	group	matriline
SSA:0020031	SSA:0000003	7	Resident	group	ecotype
SSA:0020031	SSA:0000010	6	Southern Resident	group	community
SSA:0020031	SSA:0000011	5	J clan	group	clan
SSA:0020031	SSA:0000020	4	J pod	group	pod
SSA:0020031	SSA:0000900	8	Orcinus orca	taxon	
SSA:0020031	SSA:0003000	3	J4s	group	matriline
SSA:0020031	SSA:0003003	2	J11s	group	matriline
SSA:0020031	SSA:0003011	1	J31s	group	matriline
SSA:0020032	SSA:0000003	6	Resident	group	ecotype
SSA:0020032	SSA:0000010	5	Southern Resident	group	community
SSA:0020032	SSA:0000011	4	J clan	group	clan
SSA:0020032	SSA:0000020	3	J pod	group	pod
SSA:0020032	SSA:0000900	7	Orcinus orca	taxon	
SSA:0020032	SSA:0003002	2	J10s	group	matriline
SSA:0020032	SSA:0003008	1	J20s	group	matriline
SSA:0020033	SSA:0000003	5	Resident	group	ecotype
SSA:0020033	SSA:0000010	4	Southern Resident	group	community
SSA:0020033	SSA:0000011	3	J clan	group	clan
SSA:0020033	SSA:0000020	2	J pod	group	pod
SSA:0020033	SSA:0000900	6	Orcinus orca	taxon	
SSA:0020033	SSA:0003006	1	J16s	group	matriline
SSA:0020034	SSA:0000003	6	Resident	group	ecotype
SSA:0020034	SSA:0000010	5	Southern Resident	group	community
SSA:0020034	SSA:0000011	4	J clan	group	clan
SSA:0020034	SSA:0000020	3	J pod	group	pod
SSA:0020034	SSA:0000900	7	Orcinus orca	taxon	
SSA:0020034	SSA:0003002	2	J10s	group	matriline
SSA:0020034	SSA:0003009	1	J22s	group	matriline
SSA:0020035	SSA:0000003	7	Resident	group	ecotype
SSA:0020035	SSA:0000010	6	Southern Resident	group	community
SSA:0020035	SSA:0000011	5	J clan	group	clan
SSA:0020035	SSA:0000020	4	J pod	group	pod
SSA:0020035	SSA:0000030	2	J17s	group	matriline
SSA:0020035	SSA:0000900	8	Orcinus orca	taxon	
SSA:0020035	SSA:0003001	3	J5s	group	matriline
SSA:0020035	SSA:0003012	1	J35s	group	matriline
SSA:0020036	SSA:0000003	6	Resident	group	ecotype
SSA:0020036	SSA:0000010	5	Southern Resident	group	community
SSA:0020036	SSA:0000011	4	J clan	group	clan
SSA:0020036	SSA:0000020	3	J pod	group	pod
SSA:0020036	SSA:0000900	7	Orcinus orca	taxon	
SSA:0020036	SSA:0003006	2	J16s	group	matriline
SSA:0020036	SSA:0003013	1	J36s	group	matriline
SSA:0020037	SSA:0000003	7	Resident	group	ecotype
SSA:0020037	SSA:0000010	6	Southern Resident	group	community
SSA:0020037	SSA:0000011	5	J clan	group	clan
SSA:0020037	SSA:0000020	4	J pod	group	pod
SSA:0020037	SSA:0000900	8	Orcinus orca	taxon	
SSA:0020037	SSA:0003004	3	J12s	group	matriline
SSA:0020037	SSA:0003005	2	J14s	group	matriline
SSA:0020037	SSA:0003014	1	J37s	group	matriline
SSA:0020038	SSA:0000003	6	Resident	group	ecotype
SSA:0020038	SSA:0000010	5	Southern Resident	group	community
SSA:0020038	SSA:0000011	4	J clan	group	clan
SSA:0020038	SSA:0000020	3	J pod	group	pod
SSA:0020038	SSA:0000900	7	Orcinus orca	taxon	
SSA:0020038	SSA:0003002	2	J10s	group	matriline
SSA:0020038	SSA:0003009	1	J22s	group	matriline
SSA:0020039	SSA:0000003	6	Resident	group	ecotype
SSA:0020039	SSA:0000010	5	Southern Resident	group	community
SSA:0020039	SSA:0000011	4	J clan	group	clan
SSA:0020039	SSA:0000020	3	J pod	group	pod
SSA:0020039	SSA:0000900	7	Orcinus orca	taxon	
SSA:0020039	SSA:0003000	2	J4s	group	matriline
SSA:0020039	SSA:0003003	1	J11s	group	matriline
SSA:0020040	SSA:0000003	7	Resident	group	ecotype
SSA:0020040	SSA:0000010	6	Southern Resident	group	community
SSA:0020040	SSA:0000011	5	J clan	group	clan
SSA:0020040	SSA:0000020	4	J pod	group	pod
SSA:0020040	SSA:0000900	8	Orcinus orca	taxon	
SSA:0020040	SSA:0003004	3	J12s	group	matriline
SSA:0020040	SSA:0003005	2	J14s	group	matriline
SSA:0020040	SSA:0003015	1	J40s	group	matriline
SSA:0020041	SSA:0000003	7	Resident	group	ecotype
SSA:0020041	SSA:0000010	6	Southern Resident	group	community
SSA:0020041	SSA:0000011	5	J clan	group	clan
SSA:0020041	SSA:0000020	4	J pod	group	pod
SSA:0020041	SSA:0000900	8	Orcinus orca	taxon	
SSA:0020041	SSA:0003000	3	J4s	group	matriline
SSA:0020041	SSA:0003007	2	J19s	group	matriline
SSA:0020041	SSA:0003016	1	J41s	group	matriline
SSA:0020042	SSA:0000003	6	Resident	group	ecotype
SSA:0020042	SSA:0000010	5	Southern Resident	group	community
SSA:0020042	SSA:0000011	4	J clan	group	clan
SSA:0020042	SSA:0000020	3	J pod	group	pod
SSA:0020042	SSA:0000900	7	Orcinus orca	taxon	
SSA:0020042	SSA:0003006	2	J16s	group	matriline
SSA:0020042	SSA:0003017	1	J42s	group	matriline
SSA:0020043	SSA:0000003	6	Resident	group	ecotype
SSA:0020043	SSA:0000010	5	Southern Resident	group	community
SSA:0020043	SSA:0000011	4	J clan	group	clan
SSA:0020043	SSA:0000020	3	J pod	group	pod
SSA:0020043	SSA:0000900	7	Orcinus orca	taxon	
SSA:0020043	SSA:0003004	2	J12s	group	matriline
SSA:0020043	SSA:0003005	1	J14s	group	matriline
SSA:0020044	SSA:0000003	6	Resident	group	ecotype
SSA:0020044	SSA:0000010	5	Southern Resident	group	community
SSA:0020044	SSA:0000011	4	J clan	group	clan
SSA:0020044	SSA:0000020	3	J pod	group	pod
SSA:0020044	SSA:0000030	1	J17s	group	matriline
SSA:0020044	SSA:0000900	7	Orcinus orca	taxon	
SSA:0020044	SSA:0003001	2	J5s	group	matriline
SSA:0020045	SSA:0000003	6	Resident	group	ecotype
SSA:0020045	SSA:0000010	5	Southern Resident	group	community
SSA:0020045	SSA:0000011	4	J clan	group	clan
SSA:0020045	SSA:0000020	3	J pod	group	pod
SSA:0020045	SSA:0000900	7	Orcinus orca	taxon	
SSA:0020045	SSA:0003004	2	J12s	group	matriline
SSA:0020045	SSA:0003005	1	J14s	group	matriline
SSA:0020046	SSA:0000003	7	Resident	group	ecotype
SSA:0020046	SSA:0000010	6	Southern Resident	group	community
SSA:0020046	SSA:0000011	5	J clan	group	clan
SSA:0020046	SSA:0000020	4	J pod	group	pod
SSA:0020046	SSA:0000030	2	J17s	group	matriline
SSA:0020046	SSA:0000900	8	Orcinus orca	taxon	
SSA:0020046	SSA:0003001	3	J5s	group	matriline
SSA:0020046	SSA:0003010	1	J28s	group	matriline
SSA:0020047	SSA:0000003	7	Resident	group	ecotype
SSA:0020047	SSA:0000010	6	Southern Resident	group	community
SSA:0020047	SSA:0000011	5	J clan	group	clan
SSA:0020047	SSA:0000020	4	J pod	group	pod
SSA:0020047	SSA:0000030	2	J17s	group	matriline
SSA:0020047	SSA:0000900	8	Orcinus orca	taxon	
SSA:0020047	SSA:0003001	3	J5s	group	matriline
SSA:0020047	SSA:0003012	1	J35s	group	matriline
SSA:0020048	SSA:0000003	5	Resident	group	ecotype
SSA:0020048	SSA:0000010	4	Southern Resident	group	community
SSA:0020048	SSA:0000011	3	J clan	group	clan
SSA:0020048	SSA:0000020	2	J pod	group	pod
SSA:0020048	SSA:0000900	6	Orcinus orca	taxon	
SSA:0020048	SSA:0003006	1	J16s	group	matriline
SSA:0020049	SSA:0000003	7	Resident	group	ecotype
SSA:0020049	SSA:0000010	6	Southern Resident	group	community
SSA:0020049	SSA:0000011	5	J clan	group	clan
SSA:0020049	SSA:0000020	4	J pod	group	pod
SSA:0020049	SSA:0000900	8	Orcinus orca	taxon	
SSA:0020049	SSA:0003004	3	J12s	group	matriline
SSA:0020049	SSA:0003005	2	J14s	group	matriline
SSA:0020049	SSA:0003014	1	J37s	group	matriline
SSA:0020050	SSA:0000003	7	Resident	group	ecotype
SSA:0020050	SSA:0000010	6	Southern Resident	group	community
SSA:0020050	SSA:0000011	5	J clan	group	clan
SSA:0020050	SSA:0000020	4	J pod	group	pod
SSA:0020050	SSA:0000900	8	Orcinus orca	taxon	
SSA:0020050	SSA:0003000	3	J4s	group	matriline
SSA:0020050	SSA:0003007	2	J19s	group	matriline
SSA:0020050	SSA:0003016	1	J41s	group	matriline
SSA:0020051	SSA:0000003	6	Resident	group	ecotype
SSA:0020051	SSA:0000010	5	Southern Resident	group	community
SSA:0020051	SSA:0000011	4	J clan	group	clan
SSA:0020051	SSA:0000020	3	J pod	group	pod
SSA:0020051	SSA:0000900	7	Orcinus orca	taxon	
SSA:0020051	SSA:0003006	2	J16s	group	matriline
SSA:0020051	SSA:0003013	1	J36s	group	matriline
SSA:0020052	SSA:0000003	6	Resident	group	ecotype
SSA:0020052	SSA:0000010	5	Southern Resident	group	community
SSA:0020052	SSA:0000011	4	J clan	group	clan
SSA:0020052	SSA:0000020	3	J pod	group	pod
SSA:0020052	SSA:0000030	1	J17s	group	matriline
SSA:0020052	SSA:0000900	7	Orcinus orca	taxon	
SSA:0020052	SSA:0003001	2	J5s	group	matriline
SSA:0020053	SSA:0000003	7	Resident	group	ecotype
SSA:0020053	SSA:0000010	6	Southern Resident	group	community
SSA:0020053	SSA:0000011	5	J clan	group	clan
SSA:0020053	SSA:0000020	4	J pod	group	pod
SSA:0020053	SSA:0000030	2	J17s	group	matriline
SSA:0020053	SSA:0000900	8	Orcinus orca	taxon	
SSA:0020053	SSA:0003001	3	J5s	group	matriline
SSA:0020053	SSA:0003010	1	J28s	group	matriline
SSA:0020054	SSA:0000003	7	Resident	group	ecotype
SSA:0020054	SSA:0000010	6	Southern Resident	group	community
SSA:0020054	SSA:0000011	5	J clan	group	clan
SSA:0020054	SSA:0000020	4	J pod	group	pod
SSA:0020054	SSA:0000900	8	Orcinus orca	taxon	
SSA:0020054	SSA:0003004	3	J12s	group	matriline
SSA:0020054	SSA:0003005	2	J14s	group	matriline
SSA:0020054	SSA:0003014	1	J37s	group	matriline
SSA:0020055	SSA:0000003	7	Resident	group	ecotype
SSA:0020055	SSA:0000010	6	Southern Resident	group	community
SSA:0020055	SSA:0000011	5	J clan	group	clan
SSA:0020055	SSA:0000020	4	J pod	group	pod
SSA:0020055	SSA:0000900	8	Orcinus orca	taxon	
SSA:0020055	SSA:0003000	3	J4s	group	matriline
SSA:0020055	SSA:0003003	2	J11s	group	matriline
SSA:0020055	SSA:0003011	1	J31s	group	matriline
SSA:0020056	SSA:0000003	7	Resident	group	ecotype
SSA:0020056	SSA:0000010	6	Southern Resident	group	community
SSA:0020056	SSA:0000011	5	J clan	group	clan
SSA:0020056	SSA:0000020	4	J pod	group	pod
SSA:0020056	SSA:0000900	8	Orcinus orca	taxon	
SSA:0020056	SSA:0003000	3	J4s	group	matriline
SSA:0020056	SSA:0003007	2	J19s	group	matriline
SSA:0020056	SSA:0003016	1	J41s	group	matriline
SSA:0020057	SSA:0000003	7	Resident	group	ecotype
SSA:0020057	SSA:0000010	6	Southern Resident	group	community
SSA:0020057	SSA:0000011	5	J clan	group	clan
SSA:0020057	SSA:0000020	4	J pod	group	pod
SSA:0020057	SSA:0000900	8	Orcinus orca	taxon	
SSA:0020057	SSA:0003004	3	J12s	group	matriline
SSA:0020057	SSA:0003005	2	J14s	group	matriline
SSA:0020057	SSA:0003014	1	J37s	group	matriline
SSA:0020058	SSA:0000003	7	Resident	group	ecotype
SSA:0020058	SSA:0000010	6	Southern Resident	group	community
SSA:0020058	SSA:0000011	5	J clan	group	clan
SSA:0020058	SSA:0000020	4	J pod	group	pod
SSA:0020058	SSA:0000030	2	J17s	group	matriline
SSA:0020058	SSA:0000900	8	Orcinus orca	taxon	
SSA:0020058	SSA:0003001	3	J5s	group	matriline
SSA:0020058	SSA:0003012	1	J35s	group	matriline
SSA:0020059	SSA:0000003	7	Resident	group	ecotype
SSA:0020059	SSA:0000010	6	Southern Resident	group	community
SSA:0020059	SSA:0000011	5	J clan	group	clan
SSA:0020059	SSA:0000020	4	J pod	group	pod
SSA:0020059	SSA:0000900	8	Orcinus orca	taxon	
SSA:0020059	SSA:0003000	3	J4s	group	matriline
SSA:0020059	SSA:0003007	2	J19s	group	matriline
SSA:0020059	SSA:0003016	1	J41s	group	matriline
SSA:0020060	SSA:0000003	7	Resident	group	ecotype
SSA:0020060	SSA:0000010	6	Southern Resident	group	community
SSA:0020060	SSA:0000011	5	J clan	group	clan
SSA:0020060	SSA:0000020	4	J pod	group	pod
SSA:0020060	SSA:0000900	8	Orcinus orca	taxon	
SSA:0020060	SSA:0003004	3	J12s	group	matriline
SSA:0020060	SSA:0003005	2	J14s	group	matriline
SSA:0020060	SSA:0003015	1	J40s	group	matriline
SSA:0020061	SSA:0000003	6	Resident	group	ecotype
SSA:0020061	SSA:0000010	5	Southern Resident	group	community
SSA:0020061	SSA:0000011	4	J clan	group	clan
SSA:0020061	SSA:0000020	3	J pod	group	pod
SSA:0020061	SSA:0000900	7	Orcinus orca	taxon	
SSA:0020061	SSA:0003006	2	J16s	group	matriline
SSA:0020061	SSA:0003017	1	J42s	group	matriline
SSA:0020062	SSA:0000003	5	Resident	group	ecotype
SSA:0020062	SSA:0000010	4	Southern Resident	group	community
SSA:0020062	SSA:0000011	3	J clan	group	clan
SSA:0020062	SSA:0000021	2	K pod	group	pod
SSA:0020062	SSA:0000900	6	Orcinus orca	taxon	
SSA:0020062	SSA:0003020	1	K7s	group	matriline
SSA:0020063	SSA:0000003	5	Resident	group	ecotype
SSA:0020063	SSA:0000010	4	Southern Resident	group	community
SSA:0020063	SSA:0000011	3	J clan	group	clan
SSA:0020063	SSA:0000021	2	K pod	group	pod
SSA:0020063	SSA:0000900	6	Orcinus orca	taxon	
SSA:0020063	SSA:0003020	1	K7s	group	matriline
SSA:0020064	SSA:0000003	6	Resident	group	ecotype
SSA:0020064	SSA:0000010	5	Southern Resident	group	community
SSA:0020064	SSA:0000011	4	J clan	group	clan
SSA:0020064	SSA:0000021	3	K pod	group	pod
SSA:0020064	SSA:0000900	7	Orcinus orca	taxon	
SSA:0020064	SSA:0003018	1	K3s	group	matriline
SSA:0020064	SSA:0003021	2	K8s	group	matriline
SSA:0020065	SSA:0000003	5	Resident	group	ecotype
SSA:0020065	SSA:0000010	4	Southern Resident	group	community
SSA:0020065	SSA:0000011	3	J clan	group	clan
SSA:0020065	SSA:0000021	2	K pod	group	pod
SSA:0020065	SSA:0000900	6	Orcinus orca	taxon	
SSA:0020065	SSA:0003019	1	K4s	group	matriline
SSA:0020066	SSA:0000003	5	Resident	group	ecotype
SSA:0020066	SSA:0000010	4	Southern Resident	group	community
SSA:0020066	SSA:0000011	3	J clan	group	clan
SSA:0020066	SSA:0000021	2	K pod	group	pod
SSA:0020066	SSA:0000900	6	Orcinus orca	taxon	
SSA:0020066	SSA:0003021	1	K8s	group	matriline
SSA:0020067	SSA:0000003	5	Resident	group	ecotype
SSA:0020067	SSA:0000010	4	Southern Resident	group	community
SSA:0020067	SSA:0000011	3	J clan	group	clan
SSA:0020067	SSA:0000021	2	K pod	group	pod
SSA:0020067	SSA:0000900	6	Orcinus orca	taxon	
SSA:0020067	SSA:0003020	1	K7s	group	matriline
SSA:0020068	SSA:0000003	5	Resident	group	ecotype
SSA:0020068	SSA:0000010	4	Southern Resident	group	community
SSA:0020068	SSA:0000011	3	J clan	group	clan
SSA:0020068	SSA:0000021	2	K pod	group	pod
SSA:0020068	SSA:0000900	6	Orcinus orca	taxon	
SSA:0020068	SSA:0003021	1	K8s	group	matriline
SSA:0020069	SSA:0000003	6	Resident	group	ecotype
SSA:0020069	SSA:0000010	5	Southern Resident	group	community
SSA:0020069	SSA:0000011	4	J clan	group	clan
SSA:0020069	SSA:0000021	3	K pod	group	pod
SSA:0020069	SSA:0000900	7	Orcinus orca	taxon	
SSA:0020069	SSA:0003020	2	K7s	group	matriline
SSA:0020069	SSA:0003022	1	K11s	group	matriline
SSA:0020070	SSA:0000003	6	Resident	group	ecotype
SSA:0020070	SSA:0000010	5	Southern Resident	group	community
SSA:0020070	SSA:0000011	4	J clan	group	clan
SSA:0020070	SSA:0000021	3	K pod	group	pod
SSA:0020070	SSA:0000900	7	Orcinus orca	taxon	
SSA:0020070	SSA:0003019	2	K4s	group	matriline
SSA:0020070	SSA:0003023	1	K12s	group	matriline
SSA:0020071	SSA:0000003	7	Resident	group	ecotype
SSA:0020071	SSA:0000010	6	Southern Resident	group	community
SSA:0020071	SSA:0000011	5	J clan	group	clan
SSA:0020071	SSA:0000021	4	K pod	group	pod
SSA:0020071	SSA:0000900	8	Orcinus orca	taxon	
SSA:0020071	SSA:0003020	3	K7s	group	matriline
SSA:0020071	SSA:0003022	2	K11s	group	matriline
SSA:0020071	SSA:0003024	1	K13s	group	matriline
SSA:0020072	SSA:0000003	7	Resident	group	ecotype
SSA:0020072	SSA:0000010	6	Southern Resident	group	community
SSA:0020072	SSA:0000011	5	J clan	group	clan
SSA:0020072	SSA:0000021	4	K pod	group	pod
SSA:0020072	SSA:0000900	8	Orcinus orca	taxon	
SSA:0020072	SSA:0003018	2	K3s	group	matriline
SSA:0020072	SSA:0003021	3	K8s	group	matriline
SSA:0020072	SSA:0003025	1	K14s	group	matriline
SSA:0020073	SSA:0000003	6	Resident	group	ecotype
SSA:0020073	SSA:0000010	5	Southern Resident	group	community
SSA:0020073	SSA:0000011	4	J clan	group	clan
SSA:0020073	SSA:0000021	3	K pod	group	pod
SSA:0020073	SSA:0000900	7	Orcinus orca	taxon	
SSA:0020073	SSA:0003018	1	K3s	group	matriline
SSA:0020073	SSA:0003021	2	K8s	group	matriline
SSA:0020074	SSA:0000003	7	Resident	group	ecotype
SSA:0020074	SSA:0000010	6	Southern Resident	group	community
SSA:0020074	SSA:0000011	5	J clan	group	clan
SSA:0020074	SSA:0000021	4	K pod	group	pod
SSA:0020074	SSA:0000900	8	Orcinus orca	taxon	
SSA:0020074	SSA:0003018	2	K3s	group	matriline
SSA:0020074	SSA:0003021	3	K8s	group	matriline
SSA:0020074	SSA:0003026	1	K16s	group	matriline
SSA:0020075	SSA:0000003	5	Resident	group	ecotype
SSA:0020075	SSA:0000010	4	Southern Resident	group	community
SSA:0020075	SSA:0000011	3	J clan	group	clan
SSA:0020075	SSA:0000021	2	K pod	group	pod
SSA:0020075	SSA:0000900	6	Orcinus orca	taxon	
SSA:0020075	SSA:0003027	1	K18s	group	matriline
SSA:0020076	SSA:0000003	5	Resident	group	ecotype
SSA:0020076	SSA:0000010	4	Southern Resident	group	community
SSA:0020076	SSA:0000011	3	J clan	group	clan
SSA:0020076	SSA:0000021	2	K pod	group	pod
SSA:0020076	SSA:0000900	6	Orcinus orca	taxon	
SSA:0020076	SSA:0003027	1	K18s	group	matriline
SSA:0020077	SSA:0000003	4	Resident	group	ecotype
SSA:0020077	SSA:0000010	3	Southern Resident	group	community
SSA:0020077	SSA:0000011	2	J clan	group	clan
SSA:0020077	SSA:0000021	1	K pod	group	pod
SSA:0020077	SSA:0000900	5	Orcinus orca	taxon	
SSA:0020078	SSA:0000003	8	Resident	group	ecotype
SSA:0020078	SSA:0000010	7	Southern Resident	group	community
SSA:0020078	SSA:0000011	6	J clan	group	clan
SSA:0020078	SSA:0000021	5	K pod	group	pod
SSA:0020078	SSA:0000900	9	Orcinus orca	taxon	
SSA:0020078	SSA:0003020	4	K7s	group	matriline
SSA:0020078	SSA:0003022	3	K11s	group	matriline
SSA:0020078	SSA:0003024	2	K13s	group	matriline
SSA:0020078	SSA:0003028	1	K20s	group	matriline
SSA:0020079	SSA:0000003	5	Resident	group	ecotype
SSA:0020079	SSA:0000010	4	Southern Resident	group	community
SSA:0020079	SSA:0000011	3	J clan	group	clan
SSA:0020079	SSA:0000021	2	K pod	group	pod
SSA:0020079	SSA:0000900	6	Orcinus orca	taxon	
SSA:0020079	SSA:0003027	1	K18s	group	matriline
SSA:0020080	SSA:0000003	7	Resident	group	ecotype
SSA:0020080	SSA:0000010	6	Southern Resident	group	community
SSA:0020080	SSA:0000011	5	J clan	group	clan
SSA:0020080	SSA:0000021	4	K pod	group	pod
SSA:0020080	SSA:0000900	8	Orcinus orca	taxon	
SSA:0020080	SSA:0003019	3	K4s	group	matriline
SSA:0020080	SSA:0003023	2	K12s	group	matriline
SSA:0020080	SSA:0003029	1	K22s	group	matriline
SSA:0020081	SSA:0000003	7	Resident	group	ecotype
SSA:0020081	SSA:0000010	6	Southern Resident	group	community
SSA:0020081	SSA:0000011	5	J clan	group	clan
SSA:0020081	SSA:0000021	4	K pod	group	pod
SSA:0020081	SSA:0000900	8	Orcinus orca	taxon	
SSA:0020081	SSA:0003018	2	K3s	group	matriline
SSA:0020081	SSA:0003021	3	K8s	group	matriline
SSA:0020081	SSA:0003025	1	K14s	group	matriline
SSA:0020082	SSA:0000003	7	Resident	group	ecotype
SSA:0020082	SSA:0000010	6	Southern Resident	group	community
SSA:0020082	SSA:0000011	5	J clan	group	clan
SSA:0020082	SSA:0000021	4	K pod	group	pod
SSA:0020082	SSA:0000900	8	Orcinus orca	taxon	
SSA:0020082	SSA:0003018	2	K3s	group	matriline
SSA:0020082	SSA:0003021	3	K8s	group	matriline
SSA:0020082	SSA:0003025	1	K14s	group	matriline
SSA:0020083	SSA:0000003	7	Resident	group	ecotype
SSA:0020083	SSA:0000010	6	Southern Resident	group	community
SSA:0020083	SSA:0000011	5	J clan	group	clan
SSA:0020083	SSA:0000021	4	K pod	group	pod
SSA:0020083	SSA:0000900	8	Orcinus orca	taxon	
SSA:0020083	SSA:0003020	3	K7s	group	matriline
SSA:0020083	SSA:0003022	2	K11s	group	matriline
SSA:0020083	SSA:0003024	1	K13s	group	matriline
SSA:0020084	SSA:0000003	7	Resident	group	ecotype
SSA:0020084	SSA:0000010	6	Southern Resident	group	community
SSA:0020084	SSA:0000011	5	J clan	group	clan
SSA:0020084	SSA:0000021	4	K pod	group	pod
SSA:0020084	SSA:0000900	8	Orcinus orca	taxon	
SSA:0020084	SSA:0003018	2	K3s	group	matriline
SSA:0020084	SSA:0003021	3	K8s	group	matriline
SSA:0020084	SSA:0003025	1	K14s	group	matriline
SSA:0020085	SSA:0000003	8	Resident	group	ecotype
SSA:0020085	SSA:0000010	7	Southern Resident	group	community
SSA:0020085	SSA:0000011	6	J clan	group	clan
SSA:0020085	SSA:0000021	5	K pod	group	pod
SSA:0020085	SSA:0000900	9	Orcinus orca	taxon	
SSA:0020085	SSA:0003020	4	K7s	group	matriline
SSA:0020085	SSA:0003022	3	K11s	group	matriline
SSA:0020085	SSA:0003024	2	K13s	group	matriline
SSA:0020085	SSA:0003030	1	K27s	group	matriline
SSA:0020086	SSA:0000003	7	Resident	group	ecotype
SSA:0020086	SSA:0000010	6	Southern Resident	group	community
SSA:0020086	SSA:0000011	5	J clan	group	clan
SSA:0020086	SSA:0000021	4	K pod	group	pod
SSA:0020086	SSA:0000900	8	Orcinus orca	taxon	
SSA:0020086	SSA:0003019	3	K4s	group	matriline
SSA:0020086	SSA:0003023	2	K12s	group	matriline
SSA:0020086	SSA:0003031	1	K28s	group	matriline
SSA:0020087	SSA:0000003	6	Resident	group	ecotype
SSA:0020087	SSA:0000010	5	Southern Resident	group	community
SSA:0020087	SSA:0000011	4	J clan	group	clan
SSA:0020087	SSA:0000021	3	K pod	group	pod
SSA:0020087	SSA:0000900	7	Orcinus orca	taxon	
SSA:0020087	SSA:0003018	1	K3s	group	matriline
SSA:0020087	SSA:0003021	2	K8s	group	matriline
SSA:0020088	SSA:0000003	4	Resident	group	ecotype
SSA:0020088	SSA:0000010	3	Southern Resident	group	community
SSA:0020088	SSA:0000011	2	J clan	group	clan
SSA:0020088	SSA:0000021	1	K pod	group	pod
SSA:0020088	SSA:0000900	5	Orcinus orca	taxon	
SSA:0020089	SSA:0000003	6	Resident	group	ecotype
SSA:0020089	SSA:0000010	5	Southern Resident	group	community
SSA:0020089	SSA:0000011	4	J clan	group	clan
SSA:0020089	SSA:0000021	3	K pod	group	pod
SSA:0020089	SSA:0000900	7	Orcinus orca	taxon	
SSA:0020089	SSA:0003019	2	K4s	group	matriline
SSA:0020089	SSA:0003023	1	K12s	group	matriline
SSA:0020090	SSA:0000003	7	Resident	group	ecotype
SSA:0020090	SSA:0000010	6	Southern Resident	group	community
SSA:0020090	SSA:0000011	5	J clan	group	clan
SSA:0020090	SSA:0000021	4	K pod	group	pod
SSA:0020090	SSA:0000900	8	Orcinus orca	taxon	
SSA:0020090	SSA:0003018	2	K3s	group	matriline
SSA:0020090	SSA:0003021	3	K8s	group	matriline
SSA:0020090	SSA:0003026	1	K16s	group	matriline
SSA:0020091	SSA:0000003	7	Resident	group	ecotype
SSA:0020091	SSA:0000010	6	Southern Resident	group	community
SSA:0020091	SSA:0000011	5	J clan	group	clan
SSA:0020091	SSA:0000021	4	K pod	group	pod
SSA:0020091	SSA:0000900	8	Orcinus orca	taxon	
SSA:0020091	SSA:0003019	3	K4s	group	matriline
SSA:0020091	SSA:0003023	2	K12s	group	matriline
SSA:0020091	SSA:0003029	1	K22s	group	matriline
SSA:0020092	SSA:0000003	7	Resident	group	ecotype
SSA:0020092	SSA:0000010	6	Southern Resident	group	community
SSA:0020092	SSA:0000011	5	J clan	group	clan
SSA:0020092	SSA:0000021	4	K pod	group	pod
SSA:0020092	SSA:0000900	8	Orcinus orca	taxon	
SSA:0020092	SSA:0003020	3	K7s	group	matriline
SSA:0020092	SSA:0003022	2	K11s	group	matriline
SSA:0020092	SSA:0003024	1	K13s	group	matriline
SSA:0020093	SSA:0000003	7	Resident	group	ecotype
SSA:0020093	SSA:0000010	6	Southern Resident	group	community
SSA:0020093	SSA:0000011	5	J clan	group	clan
SSA:0020093	SSA:0000021	4	K pod	group	pod
SSA:0020093	SSA:0000900	8	Orcinus orca	taxon	
SSA:0020093	SSA:0003018	2	K3s	group	matriline
SSA:0020093	SSA:0003021	3	K8s	group	matriline
SSA:0020093	SSA:0003026	1	K16s	group	matriline
SSA:0020094	SSA:0000003	8	Resident	group	ecotype
SSA:0020094	SSA:0000010	7	Southern Resident	group	community
SSA:0020094	SSA:0000011	6	J clan	group	clan
SSA:0020094	SSA:0000021	5	K pod	group	pod
SSA:0020094	SSA:0000900	9	Orcinus orca	taxon	
SSA:0020094	SSA:0003018	3	K3s	group	matriline
SSA:0020094	SSA:0003021	4	K8s	group	matriline
SSA:0020094	SSA:0003025	2	K14s	group	matriline
SSA:0020094	SSA:0003032	1	K36s	group	matriline
SSA:0020095	SSA:0000003	6	Resident	group	ecotype
SSA:0020095	SSA:0000010	5	Southern Resident	group	community
SSA:0020095	SSA:0000011	4	J clan	group	clan
SSA:0020095	SSA:0000021	3	K pod	group	pod
SSA:0020095	SSA:0000900	7	Orcinus orca	taxon	
SSA:0020095	SSA:0003019	2	K4s	group	matriline
SSA:0020095	SSA:0003023	1	K12s	group	matriline
SSA:0020096	SSA:0000003	8	Resident	group	ecotype
SSA:0020096	SSA:0000010	7	Southern Resident	group	community
SSA:0020096	SSA:0000011	6	J clan	group	clan
SSA:0020096	SSA:0000021	5	K pod	group	pod
SSA:0020096	SSA:0000900	9	Orcinus orca	taxon	
SSA:0020096	SSA:0003020	4	K7s	group	matriline
SSA:0020096	SSA:0003022	3	K11s	group	matriline
SSA:0020096	SSA:0003024	2	K13s	group	matriline
SSA:0020096	SSA:0003028	1	K20s	group	matriline
SSA:0020097	SSA:0000003	4	Resident	group	ecotype
SSA:0020097	SSA:0000010	3	Southern Resident	group	community
SSA:0020097	SSA:0000011	2	J clan	group	clan
SSA:0020097	SSA:0000021	1	K pod	group	pod
SSA:0020097	SSA:0000900	5	Orcinus orca	taxon	
SSA:0020098	SSA:0000003	4	Resident	group	ecotype
SSA:0020098	SSA:0000010	3	Southern Resident	group	community
SSA:0020098	SSA:0000011	2	J clan	group	clan
SSA:0020098	SSA:0000021	1	K pod	group	pod
SSA:0020098	SSA:0000900	5	Orcinus orca	taxon	
SSA:0020099	SSA:0000003	4	Resident	group	ecotype
SSA:0020099	SSA:0000010	3	Southern Resident	group	community
SSA:0020099	SSA:0000011	2	J clan	group	clan
SSA:0020099	SSA:0000021	1	K pod	group	pod
SSA:0020099	SSA:0000900	5	Orcinus orca	taxon	
SSA:0020100	SSA:0000003	7	Resident	group	ecotype
SSA:0020100	SSA:0000010	6	Southern Resident	group	community
SSA:0020100	SSA:0000011	5	J clan	group	clan
SSA:0020100	SSA:0000021	4	K pod	group	pod
SSA:0020100	SSA:0000900	8	Orcinus orca	taxon	
SSA:0020100	SSA:0003018	2	K3s	group	matriline
SSA:0020100	SSA:0003021	3	K8s	group	matriline
SSA:0020100	SSA:0003025	1	K14s	group	matriline
SSA:0020101	SSA:0000003	6	Resident	group	ecotype
SSA:0020101	SSA:0000010	5	Southern Resident	group	community
SSA:0020101	SSA:0000011	4	J clan	group	clan
SSA:0020101	SSA:0000021	3	K pod	group	pod
SSA:0020101	SSA:0000900	7	Orcinus orca	taxon	
SSA:0020101	SSA:0003019	2	K4s	group	matriline
SSA:0020101	SSA:0003023	1	K12s	group	matriline
SSA:0020102	SSA:0000003	8	Resident	group	ecotype
SSA:0020102	SSA:0000010	7	Southern Resident	group	community
SSA:0020102	SSA:0000011	6	J clan	group	clan
SSA:0020102	SSA:0000021	5	K pod	group	pod
SSA:0020102	SSA:0000900	9	Orcinus orca	taxon	
SSA:0020102	SSA:0003020	4	K7s	group	matriline
SSA:0020102	SSA:0003022	3	K11s	group	matriline
SSA:0020102	SSA:0003024	2	K13s	group	matriline
SSA:0020102	SSA:0003030	1	K27s	group	matriline
SSA:0020103	SSA:0000003	8	Resident	group	ecotype
SSA:0020103	SSA:0000010	7	Southern Resident	group	community
SSA:0020103	SSA:0000011	6	J clan	group	clan
SSA:0020103	SSA:0000021	5	K pod	group	pod
SSA:0020103	SSA:0000900	9	Orcinus orca	taxon	
SSA:0020103	SSA:0003020	4	K7s	group	matriline
SSA:0020103	SSA:0003022	3	K11s	group	matriline
SSA:0020103	SSA:0003024	2	K13s	group	matriline
SSA:0020103	SSA:0003028	1	K20s	group	matriline
SSA:0020104	SSA:0000003	5	Resident	group	ecotype
SSA:0020104	SSA:0000010	4	Southern Resident	group	community
SSA:0020104	SSA:0000011	3	J clan	group	clan
SSA:0020104	SSA:0000021	2	K pod	group	pod
SSA:0020104	SSA:0000900	6	Orcinus orca	taxon	
SSA:0020104	SSA:0003027	1	K18s	group	matriline
SSA:0020105	SSA:0000003	8	Resident	group	ecotype
SSA:0020105	SSA:0000010	7	Southern Resident	group	community
SSA:0020105	SSA:0000011	6	J clan	group	clan
SSA:0020105	SSA:0000021	5	K pod	group	pod
SSA:0020105	SSA:0000900	9	Orcinus orca	taxon	
SSA:0020105	SSA:0003018	3	K3s	group	matriline
SSA:0020105	SSA:0003021	4	K8s	group	matriline
SSA:0020105	SSA:0003025	2	K14s	group	matriline
SSA:0020105	SSA:0003032	1	K36s	group	matriline
SSA:0020106	SSA:0000003	4	Resident	group	ecotype
SSA:0020106	SSA:0000010	3	Southern Resident	group	community
SSA:0020106	SSA:0000011	2	J clan	group	clan
SSA:0020106	SSA:0000022	1	L pod	group	pod
SSA:0020106	SSA:0000900	5	Orcinus orca	taxon	
SSA:0020107	SSA:0000003	5	Resident	group	ecotype
SSA:0020107	SSA:0000010	4	Southern Resident	group	community
SSA:0020107	SSA:0000011	3	J clan	group	clan
SSA:0020107	SSA:0000022	2	L pod	group	pod
SSA:0020107	SSA:0000900	6	Orcinus orca	taxon	
SSA:0020107	SSA:0003033	1	L2s	group	matriline
SSA:0020108	SSA:0000003	5	Resident	group	ecotype
SSA:0020108	SSA:0000010	4	Southern Resident	group	community
SSA:0020108	SSA:0000011	3	J clan	group	clan
SSA:0020108	SSA:0000022	2	L pod	group	pod
SSA:0020108	SSA:0000900	6	Orcinus orca	taxon	
SSA:0020108	SSA:0003034	1	L3s	group	matriline
SSA:0020109	SSA:0000003	5	Resident	group	ecotype
SSA:0020109	SSA:0000010	4	Southern Resident	group	community
SSA:0020109	SSA:0000011	3	J clan	group	clan
SSA:0020109	SSA:0000022	2	L pod	group	pod
SSA:0020109	SSA:0000900	6	Orcinus orca	taxon	
SSA:0020109	SSA:0003035	1	L4s	group	matriline
SSA:0020110	SSA:0000003	5	Resident	group	ecotype
SSA:0020110	SSA:0000010	4	Southern Resident	group	community
SSA:0020110	SSA:0000011	3	J clan	group	clan
SSA:0020110	SSA:0000022	2	L pod	group	pod
SSA:0020110	SSA:0000900	6	Orcinus orca	taxon	
SSA:0020110	SSA:0003036	1	L5s	group	matriline
SSA:0020111	SSA:0000003	4	Resident	group	ecotype
SSA:0020111	SSA:0000010	3	Southern Resident	group	community
SSA:0020111	SSA:0000011	2	J clan	group	clan
SSA:0020111	SSA:0000022	1	L pod	group	pod
SSA:0020111	SSA:0000900	5	Orcinus orca	taxon	
SSA:0020112	SSA:0000003	5	Resident	group	ecotype
SSA:0020112	SSA:0000010	4	Southern Resident	group	community
SSA:0020112	SSA:0000011	3	J clan	group	clan
SSA:0020112	SSA:0000022	2	L pod	group	pod
SSA:0020112	SSA:0000900	6	Orcinus orca	taxon	
SSA:0020112	SSA:0003037	1	L7s	group	matriline
SSA:0020113	SSA:0000003	4	Resident	group	ecotype
SSA:0020113	SSA:0000010	3	Southern Resident	group	community
SSA:0020113	SSA:0000011	2	J clan	group	clan
SSA:0020113	SSA:0000022	1	L pod	group	pod
SSA:0020113	SSA:0000900	5	Orcinus orca	taxon	
SSA:0020114	SSA:0000003	4	Resident	group	ecotype
SSA:0020114	SSA:0000010	3	Southern Resident	group	community
SSA:0020114	SSA:0000011	2	J clan	group	clan
SSA:0020114	SSA:0000022	1	L pod	group	pod
SSA:0020114	SSA:0000900	5	Orcinus orca	taxon	
SSA:0020115	SSA:0000003	5	Resident	group	ecotype
SSA:0020115	SSA:0000010	4	Southern Resident	group	community
SSA:0020115	SSA:0000011	3	J clan	group	clan
SSA:0020115	SSA:0000022	2	L pod	group	pod
SSA:0020115	SSA:0000900	6	Orcinus orca	taxon	
SSA:0020115	SSA:0003039	1	L12s	group	matriline
SSA:0020116	SSA:0000003	5	Resident	group	ecotype
SSA:0020116	SSA:0000010	4	Southern Resident	group	community
SSA:0020116	SSA:0000011	3	J clan	group	clan
SSA:0020116	SSA:0000022	2	L pod	group	pod
SSA:0020116	SSA:0000900	6	Orcinus orca	taxon	
SSA:0020116	SSA:0003038	1	L11s	group	matriline
SSA:0020117	SSA:0000003	5	Resident	group	ecotype
SSA:0020117	SSA:0000010	4	Southern Resident	group	community
SSA:0020117	SSA:0000011	3	J clan	group	clan
SSA:0020117	SSA:0000022	2	L pod	group	pod
SSA:0020117	SSA:0000900	6	Orcinus orca	taxon	
SSA:0020117	SSA:0003039	1	L12s	group	matriline
SSA:0020118	SSA:0000003	4	Resident	group	ecotype
SSA:0020118	SSA:0000010	3	Southern Resident	group	community
SSA:0020118	SSA:0000011	2	J clan	group	clan
SSA:0020118	SSA:0000022	1	L pod	group	pod
SSA:0020118	SSA:0000900	5	Orcinus orca	taxon	
SSA:0020119	SSA:0000003	5	Resident	group	ecotype
SSA:0020119	SSA:0000010	4	Southern Resident	group	community
SSA:0020119	SSA:0000011	3	J clan	group	clan
SSA:0020119	SSA:0000022	2	L pod	group	pod
SSA:0020119	SSA:0000900	6	Orcinus orca	taxon	
SSA:0020119	SSA:0003043	1	L23s	group	matriline
SSA:0020120	SSA:0000003	5	Resident	group	ecotype
SSA:0020120	SSA:0000010	4	Southern Resident	group	community
SSA:0020120	SSA:0000011	3	J clan	group	clan
SSA:0020120	SSA:0000022	2	L pod	group	pod
SSA:0020120	SSA:0000900	6	Orcinus orca	taxon	
SSA:0020120	SSA:0003040	1	L15s	group	matriline
SSA:0020121	SSA:0000003	4	Resident	group	ecotype
SSA:0020121	SSA:0000010	3	Southern Resident	group	community
SSA:0020121	SSA:0000011	2	J clan	group	clan
SSA:0020121	SSA:0000022	1	L pod	group	pod
SSA:0020121	SSA:0000900	5	Orcinus orca	taxon	
SSA:0020122	SSA:0000003	5	Resident	group	ecotype
SSA:0020122	SSA:0000010	4	Southern Resident	group	community
SSA:0020122	SSA:0000011	3	J clan	group	clan
SSA:0020122	SSA:0000022	2	L pod	group	pod
SSA:0020122	SSA:0000900	6	Orcinus orca	taxon	
SSA:0020122	SSA:0003040	1	L15s	group	matriline
SSA:0020123	SSA:0000003	5	Resident	group	ecotype
SSA:0020123	SSA:0000010	4	Southern Resident	group	community
SSA:0020123	SSA:0000011	3	J clan	group	clan
SSA:0020123	SSA:0000022	2	L pod	group	pod
SSA:0020123	SSA:0000900	6	Orcinus orca	taxon	
SSA:0020123	SSA:0003041	1	L21s	group	matriline
SSA:0020124	SSA:0000003	6	Resident	group	ecotype
SSA:0020124	SSA:0000010	5	Southern Resident	group	community
SSA:0020124	SSA:0000011	4	J clan	group	clan
SSA:0020124	SSA:0000022	3	L pod	group	pod
SSA:0020124	SSA:0000031	2	L32s	group	matriline
SSA:0020124	SSA:0000900	7	Orcinus orca	taxon	
SSA:0020124	SSA:0003042	1	L22s	group	matriline
SSA:0020125	SSA:0000003	5	Resident	group	ecotype
SSA:0020125	SSA:0000010	4	Southern Resident	group	community
SSA:0020125	SSA:0000011	3	J clan	group	clan
SSA:0020125	SSA:0000022	2	L pod	group	pod
SSA:0020125	SSA:0000900	6	Orcinus orca	taxon	
SSA:0020125	SSA:0003043	1	L23s	group	matriline
SSA:0020126	SSA:0000003	4	Resident	group	ecotype
SSA:0020126	SSA:0000010	3	Southern Resident	group	community
SSA:0020126	SSA:0000011	2	J clan	group	clan
SSA:0020126	SSA:0000022	1	L pod	group	pod
SSA:0020126	SSA:0000900	5	Orcinus orca	taxon	
SSA:0020127	SSA:0000003	5	Resident	group	ecotype
SSA:0020127	SSA:0000010	4	Southern Resident	group	community
SSA:0020127	SSA:0000011	3	J clan	group	clan
SSA:0020127	SSA:0000022	2	L pod	group	pod
SSA:0020127	SSA:0000900	6	Orcinus orca	taxon	
SSA:0020127	SSA:0003044	1	L26s	group	matriline
SSA:0020128	SSA:0000003	5	Resident	group	ecotype
SSA:0020128	SSA:0000010	4	Southern Resident	group	community
SSA:0020128	SSA:0000011	3	J clan	group	clan
SSA:0020128	SSA:0000022	2	L pod	group	pod
SSA:0020128	SSA:0000900	6	Orcinus orca	taxon	
SSA:0020128	SSA:0003045	1	L27s	group	matriline
SSA:0020129	SSA:0000003	5	Resident	group	ecotype
SSA:0020129	SSA:0000010	4	Southern Resident	group	community
SSA:0020129	SSA:0000011	3	J clan	group	clan
SSA:0020129	SSA:0000022	2	L pod	group	pod
SSA:0020129	SSA:0000900	6	Orcinus orca	taxon	
SSA:0020129	SSA:0003046	1	L28s	group	matriline
SSA:0020130	SSA:0000003	5	Resident	group	ecotype
SSA:0020130	SSA:0000010	4	Southern Resident	group	community
SSA:0020130	SSA:0000011	3	J clan	group	clan
SSA:0020130	SSA:0000022	2	L pod	group	pod
SSA:0020130	SSA:0000031	1	L32s	group	matriline
SSA:0020130	SSA:0000900	6	Orcinus orca	taxon	
SSA:0020131	SSA:0000003	5	Resident	group	ecotype
SSA:0020131	SSA:0000010	4	Southern Resident	group	community
SSA:0020131	SSA:0000011	3	J clan	group	clan
SSA:0020131	SSA:0000022	2	L pod	group	pod
SSA:0020131	SSA:0000900	6	Orcinus orca	taxon	
SSA:0020131	SSA:0003034	1	L3s	group	matriline
SSA:0020132	SSA:0000003	5	Resident	group	ecotype
SSA:0020132	SSA:0000010	4	Southern Resident	group	community
SSA:0020132	SSA:0000011	3	J clan	group	clan
SSA:0020132	SSA:0000022	2	L pod	group	pod
SSA:0020132	SSA:0000900	6	Orcinus orca	taxon	
SSA:0020132	SSA:0003047	1	L35s	group	matriline
SSA:0020133	SSA:0000003	4	Resident	group	ecotype
SSA:0020133	SSA:0000010	3	Southern Resident	group	community
SSA:0020133	SSA:0000011	2	J clan	group	clan
SSA:0020133	SSA:0000022	1	L pod	group	pod
SSA:0020133	SSA:0000900	5	Orcinus orca	taxon	
SSA:0020134	SSA:0000003	5	Resident	group	ecotype
SSA:0020134	SSA:0000010	4	Southern Resident	group	community
SSA:0020134	SSA:0000011	3	J clan	group	clan
SSA:0020134	SSA:0000022	2	L pod	group	pod
SSA:0020134	SSA:0000900	6	Orcinus orca	taxon	
SSA:0020134	SSA:0003048	1	L37s	group	matriline
SSA:0020135	SSA:0000003	5	Resident	group	ecotype
SSA:0020135	SSA:0000010	4	Southern Resident	group	community
SSA:0020135	SSA:0000011	3	J clan	group	clan
SSA:0020135	SSA:0000022	2	L pod	group	pod
SSA:0020135	SSA:0000900	6	Orcinus orca	taxon	
SSA:0020135	SSA:0003046	1	L28s	group	matriline
SSA:0020136	SSA:0000003	5	Resident	group	ecotype
SSA:0020136	SSA:0000010	4	Southern Resident	group	community
SSA:0020136	SSA:0000011	3	J clan	group	clan
SSA:0020136	SSA:0000022	2	L pod	group	pod
SSA:0020136	SSA:0000900	6	Orcinus orca	taxon	
SSA:0020136	SSA:0003033	1	L2s	group	matriline
SSA:0020137	SSA:0000003	5	Resident	group	ecotype
SSA:0020137	SSA:0000010	4	Southern Resident	group	community
SSA:0020137	SSA:0000011	3	J clan	group	clan
SSA:0020137	SSA:0000022	2	L pod	group	pod
SSA:0020137	SSA:0000900	6	Orcinus orca	taxon	
SSA:0020137	SSA:0003038	1	L11s	group	matriline
SSA:0020138	SSA:0000003	5	Resident	group	ecotype
SSA:0020138	SSA:0000010	4	Southern Resident	group	community
SSA:0020138	SSA:0000011	3	J clan	group	clan
SSA:0020138	SSA:0000022	2	L pod	group	pod
SSA:0020138	SSA:0000900	6	Orcinus orca	taxon	
SSA:0020138	SSA:0003038	1	L11s	group	matriline
SSA:0020139	SSA:0000003	6	Resident	group	ecotype
SSA:0020139	SSA:0000010	5	Southern Resident	group	community
SSA:0020139	SSA:0000011	4	J clan	group	clan
SSA:0020139	SSA:0000022	3	L pod	group	pod
SSA:0020139	SSA:0000900	7	Orcinus orca	taxon	
SSA:0020139	SSA:0003048	2	L37s	group	matriline
SSA:0020139	SSA:0003049	1	L43s	group	matriline
SSA:0020140	SSA:0000003	5	Resident	group	ecotype
SSA:0020140	SSA:0000010	4	Southern Resident	group	community
SSA:0020140	SSA:0000011	3	J clan	group	clan
SSA:0020140	SSA:0000022	2	L pod	group	pod
SSA:0020140	SSA:0000031	1	L32s	group	matriline
SSA:0020140	SSA:0000900	6	Orcinus orca	taxon	
SSA:0020141	SSA:0000003	5	Resident	group	ecotype
SSA:0020141	SSA:0000010	4	Southern Resident	group	community
SSA:0020141	SSA:0000011	3	J clan	group	clan
SSA:0020141	SSA:0000022	2	L pod	group	pod
SSA:0020141	SSA:0000900	6	Orcinus orca	taxon	
SSA:0020141	SSA:0003050	1	L45s	group	matriline
SSA:0020142	SSA:0000003	6	Resident	group	ecotype
SSA:0020142	SSA:0000010	5	Southern Resident	group	community
SSA:0020142	SSA:0000011	4	J clan	group	clan
SSA:0020142	SSA:0000022	3	L pod	group	pod
SSA:0020142	SSA:0000900	7	Orcinus orca	taxon	
SSA:0020142	SSA:0003041	2	L21s	group	matriline
SSA:0020142	SSA:0003051	1	L47s	group	matriline
SSA:0020143	SSA:0000003	5	Resident	group	ecotype
SSA:0020143	SSA:0000010	4	Southern Resident	group	community
SSA:0020143	SSA:0000011	3	J clan	group	clan
SSA:0020143	SSA:0000022	2	L pod	group	pod
SSA:0020143	SSA:0000900	6	Orcinus orca	taxon	
SSA:0020143	SSA:0003041	1	L21s	group	matriline
SSA:0020144	SSA:0000003	5	Resident	group	ecotype
SSA:0020144	SSA:0000010	4	Southern Resident	group	community
SSA:0020144	SSA:0000011	3	J clan	group	clan
SSA:0020144	SSA:0000022	2	L pod	group	pod
SSA:0020144	SSA:0000900	6	Orcinus orca	taxon	
SSA:0020144	SSA:0003043	1	L23s	group	matriline
SSA:0020145	SSA:0000003	5	Resident	group	ecotype
SSA:0020145	SSA:0000010	4	Southern Resident	group	community
SSA:0020145	SSA:0000011	3	J clan	group	clan
SSA:0020145	SSA:0000022	2	L pod	group	pod
SSA:0020145	SSA:0000900	6	Orcinus orca	taxon	
SSA:0020145	SSA:0003047	1	L35s	group	matriline
SSA:0020146	SSA:0000003	6	Resident	group	ecotype
SSA:0020146	SSA:0000010	5	Southern Resident	group	community
SSA:0020146	SSA:0000011	4	J clan	group	clan
SSA:0020146	SSA:0000022	3	L pod	group	pod
SSA:0020146	SSA:0000900	7	Orcinus orca	taxon	
SSA:0020146	SSA:0003034	2	L3s	group	matriline
SSA:0020146	SSA:0003052	1	L51s	group	matriline
SSA:0020147	SSA:0000003	5	Resident	group	ecotype
SSA:0020147	SSA:0000010	4	Southern Resident	group	community
SSA:0020147	SSA:0000011	3	J clan	group	clan
SSA:0020147	SSA:0000022	2	L pod	group	pod
SSA:0020147	SSA:0000900	6	Orcinus orca	taxon	
SSA:0020147	SSA:0003044	1	L26s	group	matriline
SSA:0020148	SSA:0000003	5	Resident	group	ecotype
SSA:0020148	SSA:0000010	4	Southern Resident	group	community
SSA:0020148	SSA:0000011	3	J clan	group	clan
SSA:0020148	SSA:0000022	2	L pod	group	pod
SSA:0020148	SSA:0000900	6	Orcinus orca	taxon	
SSA:0020148	SSA:0003037	1	L7s	group	matriline
SSA:0020149	SSA:0000003	6	Resident	group	ecotype
SSA:0020149	SSA:0000010	5	Southern Resident	group	community
SSA:0020149	SSA:0000011	4	J clan	group	clan
SSA:0020149	SSA:0000022	3	L pod	group	pod
SSA:0020149	SSA:0000900	7	Orcinus orca	taxon	
SSA:0020149	SSA:0003047	2	L35s	group	matriline
SSA:0020149	SSA:0003053	1	L54s	group	matriline
SSA:0020150	SSA:0000003	6	Resident	group	ecotype
SSA:0020150	SSA:0000010	5	Southern Resident	group	community
SSA:0020150	SSA:0000011	4	J clan	group	clan
SSA:0020150	SSA:0000022	3	L pod	group	pod
SSA:0020150	SSA:0000900	7	Orcinus orca	taxon	
SSA:0020150	SSA:0003035	2	L4s	group	matriline
SSA:0020150	SSA:0003054	1	L55s	group	matriline
SSA:0020151	SSA:0000003	5	Resident	group	ecotype
SSA:0020151	SSA:0000010	4	Southern Resident	group	community
SSA:0020151	SSA:0000011	3	J clan	group	clan
SSA:0020151	SSA:0000022	2	L pod	group	pod
SSA:0020151	SSA:0000031	1	L32s	group	matriline
SSA:0020151	SSA:0000900	6	Orcinus orca	taxon	
SSA:0020152	SSA:0000003	5	Resident	group	ecotype
SSA:0020152	SSA:0000010	4	Southern Resident	group	community
SSA:0020152	SSA:0000011	3	J clan	group	clan
SSA:0020152	SSA:0000022	2	L pod	group	pod
SSA:0020152	SSA:0000900	6	Orcinus orca	taxon	
SSA:0020152	SSA:0003050	1	L45s	group	matriline
SSA:0020153	SSA:0000003	5	Resident	group	ecotype
SSA:0020153	SSA:0000010	4	Southern Resident	group	community
SSA:0020153	SSA:0000011	3	J clan	group	clan
SSA:0020153	SSA:0000022	2	L pod	group	pod
SSA:0020153	SSA:0000900	6	Orcinus orca	taxon	
SSA:0020153	SSA:0003036	1	L5s	group	matriline
SSA:0020154	SSA:0000003	5	Resident	group	ecotype
SSA:0020154	SSA:0000010	4	Southern Resident	group	community
SSA:0020154	SSA:0000011	3	J clan	group	clan
SSA:0020154	SSA:0000022	2	L pod	group	pod
SSA:0020154	SSA:0000900	6	Orcinus orca	taxon	
SSA:0020154	SSA:0003034	1	L3s	group	matriline
SSA:0020155	SSA:0000003	6	Resident	group	ecotype
SSA:0020155	SSA:0000010	5	Southern Resident	group	community
SSA:0020155	SSA:0000011	4	J clan	group	clan
SSA:0020155	SSA:0000022	3	L pod	group	pod
SSA:0020155	SSA:0000900	7	Orcinus orca	taxon	
SSA:0020155	SSA:0003044	2	L26s	group	matriline
SSA:0020155	SSA:0003055	1	L60s	group	matriline
SSA:0020156	SSA:0000003	5	Resident	group	ecotype
SSA:0020156	SSA:0000010	4	Southern Resident	group	community
SSA:0020156	SSA:0000011	3	J clan	group	clan
SSA:0020156	SSA:0000022	2	L pod	group	pod
SSA:0020156	SSA:0000900	6	Orcinus orca	taxon	
SSA:0020156	SSA:0003035	1	L4s	group	matriline
SSA:0020157	SSA:0000003	5	Resident	group	ecotype
SSA:0020157	SSA:0000010	4	Southern Resident	group	community
SSA:0020157	SSA:0000011	3	J clan	group	clan
SSA:0020157	SSA:0000022	2	L pod	group	pod
SSA:0020157	SSA:0000900	6	Orcinus orca	taxon	
SSA:0020157	SSA:0003045	1	L27s	group	matriline
SSA:0020158	SSA:0000003	5	Resident	group	ecotype
SSA:0020158	SSA:0000010	4	Southern Resident	group	community
SSA:0020158	SSA:0000011	3	J clan	group	clan
SSA:0020158	SSA:0000022	2	L pod	group	pod
SSA:0020158	SSA:0000031	1	L32s	group	matriline
SSA:0020158	SSA:0000900	6	Orcinus orca	taxon	
SSA:0020159	SSA:0000003	5	Resident	group	ecotype
SSA:0020159	SSA:0000010	4	Southern Resident	group	community
SSA:0020159	SSA:0000011	3	J clan	group	clan
SSA:0020159	SSA:0000022	2	L pod	group	pod
SSA:0020159	SSA:0000900	6	Orcinus orca	taxon	
SSA:0020159	SSA:0003038	1	L11s	group	matriline
SSA:0020160	SSA:0000003	5	Resident	group	ecotype
SSA:0020160	SSA:0000010	4	Southern Resident	group	community
SSA:0020160	SSA:0000011	3	J clan	group	clan
SSA:0020160	SSA:0000022	2	L pod	group	pod
SSA:0020160	SSA:0000900	6	Orcinus orca	taxon	
SSA:0020160	SSA:0003047	1	L35s	group	matriline
SSA:0020161	SSA:0000003	4	Resident	group	ecotype
SSA:0020161	SSA:0000010	3	Southern Resident	group	community
SSA:0020161	SSA:0000011	2	J clan	group	clan
SSA:0020161	SSA:0000022	1	L pod	group	pod
SSA:0020161	SSA:0000900	5	Orcinus orca	taxon	
SSA:0020162	SSA:0000003	6	Resident	group	ecotype
SSA:0020162	SSA:0000010	5	Southern Resident	group	community
SSA:0020162	SSA:0000011	4	J clan	group	clan
SSA:0020162	SSA:0000022	3	L pod	group	pod
SSA:0020162	SSA:0000900	7	Orcinus orca	taxon	
SSA:0020162	SSA:0003033	2	L2s	group	matriline
SSA:0020162	SSA:0003056	1	L67s	group	matriline
SSA:0020163	SSA:0000003	5	Resident	group	ecotype
SSA:0020163	SSA:0000010	4	Southern Resident	group	community
SSA:0020163	SSA:0000011	3	J clan	group	clan
SSA:0020163	SSA:0000022	2	L pod	group	pod
SSA:0020163	SSA:0000900	6	Orcinus orca	taxon	
SSA:0020163	SSA:0003045	1	L27s	group	matriline
SSA:0020164	SSA:0000003	5	Resident	group	ecotype
SSA:0020164	SSA:0000010	4	Southern Resident	group	community
SSA:0020164	SSA:0000011	3	J clan	group	clan
SSA:0020164	SSA:0000022	2	L pod	group	pod
SSA:0020164	SSA:0000900	6	Orcinus orca	taxon	
SSA:0020164	SSA:0003046	1	L28s	group	matriline
SSA:0020165	SSA:0000003	5	Resident	group	ecotype
SSA:0020165	SSA:0000010	4	Southern Resident	group	community
SSA:0020165	SSA:0000011	3	J clan	group	clan
SSA:0020165	SSA:0000022	2	L pod	group	pod
SSA:0020165	SSA:0000900	6	Orcinus orca	taxon	
SSA:0020165	SSA:0003044	1	L26s	group	matriline
SSA:0020166	SSA:0000003	7	Resident	group	ecotype
SSA:0020166	SSA:0000010	6	Southern Resident	group	community
SSA:0020166	SSA:0000011	5	J clan	group	clan
SSA:0020166	SSA:0000022	4	L pod	group	pod
SSA:0020166	SSA:0000900	8	Orcinus orca	taxon	
SSA:0020166	SSA:0003048	3	L37s	group	matriline
SSA:0020166	SSA:0003049	2	L43s	group	matriline
SSA:0020166	SSA:0003057	1	L72s	group	matriline
SSA:0020167	SSA:0000003	5	Resident	group	ecotype
SSA:0020167	SSA:0000010	4	Southern Resident	group	community
SSA:0020167	SSA:0000011	3	J clan	group	clan
SSA:0020167	SSA:0000022	2	L pod	group	pod
SSA:0020167	SSA:0000900	6	Orcinus orca	taxon	
SSA:0020167	SSA:0003036	1	L5s	group	matriline
SSA:0020168	SSA:0000003	5	Resident	group	ecotype
SSA:0020168	SSA:0000010	4	Southern Resident	group	community
SSA:0020168	SSA:0000011	3	J clan	group	clan
SSA:0020168	SSA:0000022	2	L pod	group	pod
SSA:0020168	SSA:0000900	6	Orcinus orca	taxon	
SSA:0020168	SSA:0003034	1	L3s	group	matriline
SSA:0020169	SSA:0000003	6	Resident	group	ecotype
SSA:0020169	SSA:0000010	5	Southern Resident	group	community
SSA:0020169	SSA:0000011	4	J clan	group	clan
SSA:0020169	SSA:0000022	3	L pod	group	pod
SSA:0020169	SSA:0000031	2	L32s	group	matriline
SSA:0020169	SSA:0000900	7	Orcinus orca	taxon	
SSA:0020169	SSA:0003042	1	L22s	group	matriline
SSA:0020170	SSA:0000003	5	Resident	group	ecotype
SSA:0020170	SSA:0000010	4	Southern Resident	group	community
SSA:0020170	SSA:0000011	3	J clan	group	clan
SSA:0020170	SSA:0000022	2	L pod	group	pod
SSA:0020170	SSA:0000900	6	Orcinus orca	taxon	
SSA:0020170	SSA:0003037	1	L7s	group	matriline
SSA:0020171	SSA:0000003	6	Resident	group	ecotype
SSA:0020171	SSA:0000010	5	Southern Resident	group	community
SSA:0020171	SSA:0000011	4	J clan	group	clan
SSA:0020171	SSA:0000022	3	L pod	group	pod
SSA:0020171	SSA:0000900	7	Orcinus orca	taxon	
SSA:0020171	SSA:0003038	2	L11s	group	matriline
SSA:0020171	SSA:0003058	1	L77s	group	matriline
SSA:0020172	SSA:0000003	5	Resident	group	ecotype
SSA:0020172	SSA:0000010	4	Southern Resident	group	community
SSA:0020172	SSA:0000011	3	J clan	group	clan
SSA:0020172	SSA:0000022	2	L pod	group	pod
SSA:0020172	SSA:0000900	6	Orcinus orca	taxon	
SSA:0020172	SSA:0003033	1	L2s	group	matriline
SSA:0020173	SSA:0000003	6	Resident	group	ecotype
SSA:0020173	SSA:0000010	5	Southern Resident	group	community
SSA:0020173	SSA:0000011	4	J clan	group	clan
SSA:0020173	SSA:0000022	3	L pod	group	pod
SSA:0020173	SSA:0000031	2	L32s	group	matriline
SSA:0020173	SSA:0000900	7	Orcinus orca	taxon	
SSA:0020173	SSA:0003042	1	L22s	group	matriline
SSA:0020174	SSA:0000003	5	Resident	group	ecotype
SSA:0020174	SSA:0000010	4	Southern Resident	group	community
SSA:0020174	SSA:0000011	3	J clan	group	clan
SSA:0020174	SSA:0000022	2	L pod	group	pod
SSA:0020174	SSA:0000900	6	Orcinus orca	taxon	
SSA:0020174	SSA:0003045	1	L27s	group	matriline
SSA:0020175	SSA:0000003	6	Resident	group	ecotype
SSA:0020175	SSA:0000010	5	Southern Resident	group	community
SSA:0020175	SSA:0000011	4	J clan	group	clan
SSA:0020175	SSA:0000022	3	L pod	group	pod
SSA:0020175	SSA:0000900	7	Orcinus orca	taxon	
SSA:0020175	SSA:0003044	2	L26s	group	matriline
SSA:0020175	SSA:0003055	1	L60s	group	matriline
SSA:0020176	SSA:0000003	7	Resident	group	ecotype
SSA:0020176	SSA:0000010	6	Southern Resident	group	community
SSA:0020176	SSA:0000011	5	J clan	group	clan
SSA:0020176	SSA:0000022	4	L pod	group	pod
SSA:0020176	SSA:0000900	8	Orcinus orca	taxon	
SSA:0020176	SSA:0003035	3	L4s	group	matriline
SSA:0020176	SSA:0003054	2	L55s	group	matriline
SSA:0020176	SSA:0003059	1	L82s	group	matriline
SSA:0020177	SSA:0000003	7	Resident	group	ecotype
SSA:0020177	SSA:0000010	6	Southern Resident	group	community
SSA:0020177	SSA:0000011	5	J clan	group	clan
SSA:0020177	SSA:0000022	4	L pod	group	pod
SSA:0020177	SSA:0000900	8	Orcinus orca	taxon	
SSA:0020177	SSA:0003041	3	L21s	group	matriline
SSA:0020177	SSA:0003051	2	L47s	group	matriline
SSA:0020177	SSA:0003060	1	L83s	group	matriline
SSA:0020178	SSA:0000003	6	Resident	group	ecotype
SSA:0020178	SSA:0000010	5	Southern Resident	group	community
SSA:0020178	SSA:0000011	4	J clan	group	clan
SSA:0020178	SSA:0000022	3	L pod	group	pod
SSA:0020178	SSA:0000900	7	Orcinus orca	taxon	
SSA:0020178	SSA:0003034	2	L3s	group	matriline
SSA:0020178	SSA:0003052	1	L51s	group	matriline
SSA:0020179	SSA:0000003	5	Resident	group	ecotype
SSA:0020179	SSA:0000010	4	Southern Resident	group	community
SSA:0020179	SSA:0000011	3	J clan	group	clan
SSA:0020179	SSA:0000022	2	L pod	group	pod
SSA:0020179	SSA:0000900	6	Orcinus orca	taxon	
SSA:0020179	SSA:0003046	1	L28s	group	matriline
SSA:0020180	SSA:0000003	6	Resident	group	ecotype
SSA:0020180	SSA:0000010	5	Southern Resident	group	community
SSA:0020180	SSA:0000011	4	J clan	group	clan
SSA:0020180	SSA:0000022	3	L pod	group	pod
SSA:0020180	SSA:0000900	7	Orcinus orca	taxon	
SSA:0020180	SSA:0003035	2	L4s	group	matriline
SSA:0020180	SSA:0003061	1	L86s	group	matriline
SSA:0020181	SSA:0000003	5	Resident	group	ecotype
SSA:0020181	SSA:0000010	4	Southern Resident	group	community
SSA:0020181	SSA:0000011	3	J clan	group	clan
SSA:0020181	SSA:0000022	2	L pod	group	pod
SSA:0020181	SSA:0000900	6	Orcinus orca	taxon	
SSA:0020181	SSA:0003033	1	L2s	group	matriline
SSA:0020182	SSA:0000003	6	Resident	group	ecotype
SSA:0020182	SSA:0000010	5	Southern Resident	group	community
SSA:0020182	SSA:0000011	4	J clan	group	clan
SSA:0020182	SSA:0000022	3	L pod	group	pod
SSA:0020182	SSA:0000031	2	L32s	group	matriline
SSA:0020182	SSA:0000900	7	Orcinus orca	taxon	
SSA:0020182	SSA:0003042	1	L22s	group	matriline
SSA:0020183	SSA:0000003	6	Resident	group	ecotype
SSA:0020183	SSA:0000010	5	Southern Resident	group	community
SSA:0020183	SSA:0000011	4	J clan	group	clan
SSA:0020183	SSA:0000022	3	L pod	group	pod
SSA:0020183	SSA:0000900	7	Orcinus orca	taxon	
SSA:0020183	SSA:0003044	2	L26s	group	matriline
SSA:0020183	SSA:0003062	1	L90s	group	matriline
SSA:0020184	SSA:0000003	7	Resident	group	ecotype
SSA:0020184	SSA:0000010	6	Southern Resident	group	community
SSA:0020184	SSA:0000011	5	J clan	group	clan
SSA:0020184	SSA:0000022	4	L pod	group	pod
SSA:0020184	SSA:0000900	8	Orcinus orca	taxon	
SSA:0020184	SSA:0003041	3	L21s	group	matriline
SSA:0020184	SSA:0003051	2	L47s	group	matriline
SSA:0020184	SSA:0003063	1	L91s	group	matriline
SSA:0020185	SSA:0000003	6	Resident	group	ecotype
SSA:0020185	SSA:0000010	5	Southern Resident	group	community
SSA:0020185	SSA:0000011	4	J clan	group	clan
SSA:0020185	SSA:0000022	3	L pod	group	pod
SSA:0020185	SSA:0000900	7	Orcinus orca	taxon	
SSA:0020185	SSA:0003044	2	L26s	group	matriline
SSA:0020185	SSA:0003055	1	L60s	group	matriline
SSA:0020186	SSA:0000003	5	Resident	group	ecotype
SSA:0020186	SSA:0000010	4	Southern Resident	group	community
SSA:0020186	SSA:0000011	3	J clan	group	clan
SSA:0020186	SSA:0000022	2	L pod	group	pod
SSA:0020186	SSA:0000900	6	Orcinus orca	taxon	
SSA:0020186	SSA:0003045	1	L27s	group	matriline
SSA:0020187	SSA:0000003	6	Resident	group	ecotype
SSA:0020187	SSA:0000010	5	Southern Resident	group	community
SSA:0020187	SSA:0000011	4	J clan	group	clan
SSA:0020187	SSA:0000022	3	L pod	group	pod
SSA:0020187	SSA:0000900	7	Orcinus orca	taxon	
SSA:0020187	SSA:0003038	2	L11s	group	matriline
SSA:0020187	SSA:0003064	1	L94s	group	matriline
SSA:0020188	SSA:0000003	6	Resident	group	ecotype
SSA:0020188	SSA:0000010	5	Southern Resident	group	community
SSA:0020188	SSA:0000011	4	J clan	group	clan
SSA:0020188	SSA:0000022	3	L pod	group	pod
SSA:0020188	SSA:0000900	7	Orcinus orca	taxon	
SSA:0020188	SSA:0003048	2	L37s	group	matriline
SSA:0020188	SSA:0003049	1	L43s	group	matriline
SSA:0020189	SSA:0000003	6	Resident	group	ecotype
SSA:0020189	SSA:0000010	5	Southern Resident	group	community
SSA:0020189	SSA:0000011	4	J clan	group	clan
SSA:0020189	SSA:0000022	3	L pod	group	pod
SSA:0020189	SSA:0000900	7	Orcinus orca	taxon	
SSA:0020189	SSA:0003035	2	L4s	group	matriline
SSA:0020189	SSA:0003054	1	L55s	group	matriline
SSA:0020190	SSA:0000003	6	Resident	group	ecotype
SSA:0020190	SSA:0000010	5	Southern Resident	group	community
SSA:0020190	SSA:0000011	4	J clan	group	clan
SSA:0020190	SSA:0000022	3	L pod	group	pod
SSA:0020190	SSA:0000900	7	Orcinus orca	taxon	
SSA:0020190	SSA:0003034	2	L3s	group	matriline
SSA:0020190	SSA:0003052	1	L51s	group	matriline
SSA:0020191	SSA:0000003	6	Resident	group	ecotype
SSA:0020191	SSA:0000010	5	Southern Resident	group	community
SSA:0020191	SSA:0000011	4	J clan	group	clan
SSA:0020191	SSA:0000022	3	L pod	group	pod
SSA:0020191	SSA:0000900	7	Orcinus orca	taxon	
SSA:0020191	SSA:0003033	2	L2s	group	matriline
SSA:0020191	SSA:0003056	1	L67s	group	matriline
SSA:0020192	SSA:0000003	6	Resident	group	ecotype
SSA:0020192	SSA:0000010	5	Southern Resident	group	community
SSA:0020192	SSA:0000011	4	J clan	group	clan
SSA:0020192	SSA:0000022	3	L pod	group	pod
SSA:0020192	SSA:0000900	7	Orcinus orca	taxon	
SSA:0020192	SSA:0003041	2	L21s	group	matriline
SSA:0020192	SSA:0003051	1	L47s	group	matriline
SSA:0020193	SSA:0000003	6	Resident	group	ecotype
SSA:0020193	SSA:0000010	5	Southern Resident	group	community
SSA:0020193	SSA:0000011	4	J clan	group	clan
SSA:0020193	SSA:0000022	3	L pod	group	pod
SSA:0020193	SSA:0000900	7	Orcinus orca	taxon	
SSA:0020193	SSA:0003047	2	L35s	group	matriline
SSA:0020193	SSA:0003053	1	L54s	group	matriline
SSA:0020194	SSA:0000003	6	Resident	group	ecotype
SSA:0020194	SSA:0000010	5	Southern Resident	group	community
SSA:0020194	SSA:0000011	4	J clan	group	clan
SSA:0020194	SSA:0000022	3	L pod	group	pod
SSA:0020194	SSA:0000900	7	Orcinus orca	taxon	
SSA:0020194	SSA:0003033	2	L2s	group	matriline
SSA:0020194	SSA:0003056	1	L67s	group	matriline
SSA:0020195	SSA:0000003	6	Resident	group	ecotype
SSA:0020195	SSA:0000010	5	Southern Resident	group	community
SSA:0020195	SSA:0000011	4	J clan	group	clan
SSA:0020195	SSA:0000022	3	L pod	group	pod
SSA:0020195	SSA:0000900	7	Orcinus orca	taxon	
SSA:0020195	SSA:0003041	2	L21s	group	matriline
SSA:0020195	SSA:0003051	1	L47s	group	matriline
SSA:0020196	SSA:0000003	7	Resident	group	ecotype
SSA:0020196	SSA:0000010	6	Southern Resident	group	community
SSA:0020196	SSA:0000011	5	J clan	group	clan
SSA:0020196	SSA:0000022	4	L pod	group	pod
SSA:0020196	SSA:0000900	8	Orcinus orca	taxon	
SSA:0020196	SSA:0003035	3	L4s	group	matriline
SSA:0020196	SSA:0003054	2	L55s	group	matriline
SSA:0020196	SSA:0003065	1	L103s	group	matriline
SSA:0020197	SSA:0000003	6	Resident	group	ecotype
SSA:0020197	SSA:0000010	5	Southern Resident	group	community
SSA:0020197	SSA:0000011	4	J clan	group	clan
SSA:0020197	SSA:0000022	3	L pod	group	pod
SSA:0020197	SSA:0000900	7	Orcinus orca	taxon	
SSA:0020197	SSA:0003048	2	L37s	group	matriline
SSA:0020197	SSA:0003049	1	L43s	group	matriline
SSA:0020198	SSA:0000003	7	Resident	group	ecotype
SSA:0020198	SSA:0000010	6	Southern Resident	group	community
SSA:0020198	SSA:0000011	5	J clan	group	clan
SSA:0020198	SSA:0000022	4	L pod	group	pod
SSA:0020198	SSA:0000900	8	Orcinus orca	taxon	
SSA:0020198	SSA:0003048	3	L37s	group	matriline
SSA:0020198	SSA:0003049	2	L43s	group	matriline
SSA:0020198	SSA:0003057	1	L72s	group	matriline
SSA:0020199	SSA:0000003	6	Resident	group	ecotype
SSA:0020199	SSA:0000010	5	Southern Resident	group	community
SSA:0020199	SSA:0000011	4	J clan	group	clan
SSA:0020199	SSA:0000022	3	L pod	group	pod
SSA:0020199	SSA:0000900	7	Orcinus orca	taxon	
SSA:0020199	SSA:0003035	2	L4s	group	matriline
SSA:0020199	SSA:0003061	1	L86s	group	matriline
SSA:0020200	SSA:0000003	6	Resident	group	ecotype
SSA:0020200	SSA:0000010	5	Southern Resident	group	community
SSA:0020200	SSA:0000011	4	J clan	group	clan
SSA:0020200	SSA:0000022	3	L pod	group	pod
SSA:0020200	SSA:0000900	7	Orcinus orca	taxon	
SSA:0020200	SSA:0003041	2	L21s	group	matriline
SSA:0020200	SSA:0003051	1	L47s	group	matriline
SSA:0020201	SSA:0000003	6	Resident	group	ecotype
SSA:0020201	SSA:0000010	5	Southern Resident	group	community
SSA:0020201	SSA:0000011	4	J clan	group	clan
SSA:0020201	SSA:0000022	3	L pod	group	pod
SSA:0020201	SSA:0000900	7	Orcinus orca	taxon	
SSA:0020201	SSA:0003047	2	L35s	group	matriline
SSA:0020201	SSA:0003053	1	L54s	group	matriline
SSA:0020202	SSA:0000003	6	Resident	group	ecotype
SSA:0020202	SSA:0000010	5	Southern Resident	group	community
SSA:0020202	SSA:0000011	4	J clan	group	clan
SSA:0020202	SSA:0000022	3	L pod	group	pod
SSA:0020202	SSA:0000900	7	Orcinus orca	taxon	
SSA:0020202	SSA:0003035	2	L4s	group	matriline
SSA:0020202	SSA:0003054	1	L55s	group	matriline
SSA:0020203	SSA:0000003	7	Resident	group	ecotype
SSA:0020203	SSA:0000010	6	Southern Resident	group	community
SSA:0020203	SSA:0000011	5	J clan	group	clan
SSA:0020203	SSA:0000022	4	L pod	group	pod
SSA:0020203	SSA:0000900	8	Orcinus orca	taxon	
SSA:0020203	SSA:0003041	3	L21s	group	matriline
SSA:0020203	SSA:0003051	2	L47s	group	matriline
SSA:0020203	SSA:0003060	1	L83s	group	matriline
SSA:0020204	SSA:0000003	6	Resident	group	ecotype
SSA:0020204	SSA:0000010	5	Southern Resident	group	community
SSA:0020204	SSA:0000011	4	J clan	group	clan
SSA:0020204	SSA:0000022	3	L pod	group	pod
SSA:0020204	SSA:0000900	7	Orcinus orca	taxon	
SSA:0020204	SSA:0003041	2	L21s	group	matriline
SSA:0020204	SSA:0003051	1	L47s	group	matriline
SSA:0020205	SSA:0000003	6	Resident	group	ecotype
SSA:0020205	SSA:0000010	5	Southern Resident	group	community
SSA:0020205	SSA:0000011	4	J clan	group	clan
SSA:0020205	SSA:0000022	3	L pod	group	pod
SSA:0020205	SSA:0000900	7	Orcinus orca	taxon	
SSA:0020205	SSA:0003035	2	L4s	group	matriline
SSA:0020205	SSA:0003061	1	L86s	group	matriline
SSA:0020206	SSA:0000003	6	Resident	group	ecotype
SSA:0020206	SSA:0000010	5	Southern Resident	group	community
SSA:0020206	SSA:0000011	4	J clan	group	clan
SSA:0020206	SSA:0000022	3	L pod	group	pod
SSA:0020206	SSA:0000900	7	Orcinus orca	taxon	
SSA:0020206	SSA:0003038	2	L11s	group	matriline
SSA:0020206	SSA:0003064	1	L94s	group	matriline
SSA:0020207	SSA:0000003	6	Resident	group	ecotype
SSA:0020207	SSA:0000010	5	Southern Resident	group	community
SSA:0020207	SSA:0000011	4	J clan	group	clan
SSA:0020207	SSA:0000022	3	L pod	group	pod
SSA:0020207	SSA:0000900	7	Orcinus orca	taxon	
SSA:0020207	SSA:0003038	2	L11s	group	matriline
SSA:0020207	SSA:0003058	1	L77s	group	matriline
SSA:0020208	SSA:0000003	6	Resident	group	ecotype
SSA:0020208	SSA:0000010	5	Southern Resident	group	community
SSA:0020208	SSA:0000011	4	J clan	group	clan
SSA:0020208	SSA:0000022	3	L pod	group	pod
SSA:0020208	SSA:0000900	7	Orcinus orca	taxon	
SSA:0020208	SSA:0003041	2	L21s	group	matriline
SSA:0020208	SSA:0003051	1	L47s	group	matriline
SSA:0020209	SSA:0000003	7	Resident	group	ecotype
SSA:0020209	SSA:0000010	6	Southern Resident	group	community
SSA:0020209	SSA:0000011	5	J clan	group	clan
SSA:0020209	SSA:0000022	4	L pod	group	pod
SSA:0020209	SSA:0000900	8	Orcinus orca	taxon	
SSA:0020209	SSA:0003035	3	L4s	group	matriline
SSA:0020209	SSA:0003054	2	L55s	group	matriline
SSA:0020209	SSA:0003059	1	L82s	group	matriline
SSA:0020210	SSA:0000003	4	Resident	group	ecotype
SSA:0020210	SSA:0000010	3	Southern Resident	group	community
SSA:0020210	SSA:0000011	2	J clan	group	clan
SSA:0020210	SSA:0000022	1	L pod	group	pod
SSA:0020210	SSA:0000900	5	Orcinus orca	taxon	
SSA:0020211	SSA:0000003	6	Resident	group	ecotype
SSA:0020211	SSA:0000010	5	Southern Resident	group	community
SSA:0020211	SSA:0000011	4	J clan	group	clan
SSA:0020211	SSA:0000022	3	L pod	group	pod
SSA:0020211	SSA:0000900	7	Orcinus orca	taxon	
SSA:0020211	SSA:0003035	2	L4s	group	matriline
SSA:0020211	SSA:0003054	1	L55s	group	matriline
SSA:0020212	SSA:0000003	7	Resident	group	ecotype
SSA:0020212	SSA:0000010	6	Southern Resident	group	community
SSA:0020212	SSA:0000011	5	J clan	group	clan
SSA:0020212	SSA:0000022	4	L pod	group	pod
SSA:0020212	SSA:0000900	8	Orcinus orca	taxon	
SSA:0020212	SSA:0003038	3	L11s	group	matriline
SSA:0020212	SSA:0003058	2	L77s	group	matriline
SSA:0020212	SSA:0003066	1	L119s	group	matriline
SSA:0020213	SSA:0000003	6	Resident	group	ecotype
SSA:0020213	SSA:0000010	5	Southern Resident	group	community
SSA:0020213	SSA:0000011	4	J clan	group	clan
SSA:0020213	SSA:0000022	3	L pod	group	pod
SSA:0020213	SSA:0000900	7	Orcinus orca	taxon	
SSA:0020213	SSA:0003035	2	L4s	group	matriline
SSA:0020213	SSA:0003061	1	L86s	group	matriline
SSA:0020214	SSA:0000003	4	Resident	group	ecotype
SSA:0020214	SSA:0000010	3	Southern Resident	group	community
SSA:0020214	SSA:0000011	2	J clan	group	clan
SSA:0020214	SSA:0000022	1	L pod	group	pod
SSA:0020214	SSA:0000900	5	Orcinus orca	taxon	
SSA:0020215	SSA:0000003	7	Resident	group	ecotype
SSA:0020215	SSA:0000010	6	Southern Resident	group	community
SSA:0020215	SSA:0000011	5	J clan	group	clan
SSA:0020215	SSA:0000022	4	L pod	group	pod
SSA:0020215	SSA:0000900	8	Orcinus orca	taxon	
SSA:0020215	SSA:0003041	3	L21s	group	matriline
SSA:0020215	SSA:0003051	2	L47s	group	matriline
SSA:0020215	SSA:0003063	1	L91s	group	matriline
SSA:0020216	SSA:0000003	7	Resident	group	ecotype
SSA:0020216	SSA:0000010	6	Southern Resident	group	community
SSA:0020216	SSA:0000011	5	J clan	group	clan
SSA:0020216	SSA:0000022	4	L pod	group	pod
SSA:0020216	SSA:0000900	8	Orcinus orca	taxon	
SSA:0020216	SSA:0003035	3	L4s	group	matriline
SSA:0020216	SSA:0003054	2	L55s	group	matriline
SSA:0020216	SSA:0003065	1	L103s	group	matriline
SSA:0020217	SSA:0000003	6	Resident	group	ecotype
SSA:0020217	SSA:0000010	5	Southern Resident	group	community
SSA:0020217	SSA:0000011	4	J clan	group	clan
SSA:0020217	SSA:0000022	3	L pod	group	pod
SSA:0020217	SSA:0000900	7	Orcinus orca	taxon	
SSA:0020217	SSA:0003038	2	L11s	group	matriline
SSA:0020217	SSA:0003058	1	L77s	group	matriline
SSA:0020218	SSA:0000003	6	Resident	group	ecotype
SSA:0020218	SSA:0000010	5	Southern Resident	group	community
SSA:0020218	SSA:0000011	4	J clan	group	clan
SSA:0020218	SSA:0000022	3	L pod	group	pod
SSA:0020218	SSA:0000900	7	Orcinus orca	taxon	
SSA:0020218	SSA:0003035	2	L4s	group	matriline
SSA:0020218	SSA:0003061	1	L86s	group	matriline
SSA:0020219	SSA:0000003	7	Resident	group	ecotype
SSA:0020219	SSA:0000010	6	Southern Resident	group	community
SSA:0020219	SSA:0000011	5	J clan	group	clan
SSA:0020219	SSA:0000022	4	L pod	group	pod
SSA:0020219	SSA:0000900	8	Orcinus orca	taxon	
SSA:0020219	SSA:0003038	3	L11s	group	matriline
SSA:0020219	SSA:0003058	2	L77s	group	matriline
SSA:0020219	SSA:0003066	1	L119s	group	matriline
SSA:0020220	SSA:0000003	6	Resident	group	ecotype
SSA:0020220	SSA:0000010	5	Southern Resident	group	community
SSA:0020220	SSA:0000011	4	J clan	group	clan
SSA:0020220	SSA:0000022	3	L pod	group	pod
SSA:0020220	SSA:0000900	7	Orcinus orca	taxon	
SSA:0020220	SSA:0003038	2	L11s	group	matriline
SSA:0020220	SSA:0003064	1	L94s	group	matriline
SSA:0020221	SSA:0000003	6	Resident	group	ecotype
SSA:0020221	SSA:0000010	5	Southern Resident	group	community
SSA:0020221	SSA:0000011	4	J clan	group	clan
SSA:0020221	SSA:0000022	3	L pod	group	pod
SSA:0020221	SSA:0000900	7	Orcinus orca	taxon	
SSA:0020221	SSA:0003044	2	L26s	group	matriline
SSA:0020221	SSA:0003062	1	L90s	group	matriline
