taxon_id	ancestor_id	depth	ancestor_rank	ancestor_name
NCBITaxon:103588	NCBITaxon:103588	0	species	Lissodelphis borealis
NCBITaxon:103588	NCBITaxon:117570	17	clade	Teleostomi
NCBITaxon:103588	NCBITaxon:117571	16	clade	Euteleostomi
NCBITaxon:103588	NCBITaxon:131567	28	cellular root	cellular organisms
NCBITaxon:103588	NCBITaxon:1338369	14	clade	Dipnotetrapodomorpha
NCBITaxon:103588	NCBITaxon:1437010	8	clade	Boreoeutheria
NCBITaxon:103588	NCBITaxon:2653789	5	suborder	Whippomorpha
NCBITaxon:103588	NCBITaxon:2759	27	domain	Eukaryota
NCBITaxon:103588	NCBITaxon:27612	1	genus	Lissodelphis
NCBITaxon:103588	NCBITaxon:314145	7	superorder	Laurasiatheria
NCBITaxon:103588	NCBITaxon:32523	13	clade	Tetrapoda
NCBITaxon:103588	NCBITaxon:32524	12	clade	Amniota
NCBITaxon:103588	NCBITaxon:32525	10	clade	Theria
NCBITaxon:103588	NCBITaxon:33154	26	clade	Opisthokonta
NCBITaxon:103588	NCBITaxon:33208	25	kingdom	Metazoa
NCBITaxon:103588	NCBITaxon:33213	23	clade	Bilateria
NCBITaxon:103588	NCBITaxon:33511	22	clade	Deuterostomia
NCBITaxon:103588	NCBITaxon:40674	11	class	Mammalia
NCBITaxon:103588	NCBITaxon:6072	24	clade	Eumetazoa
NCBITaxon:103588	NCBITaxon:7711	21	phylum	Chordata
NCBITaxon:103588	NCBITaxon:7742	19	clade	Vertebrata
NCBITaxon:103588	NCBITaxon:7776	18	clade	Gnathostomata
NCBITaxon:103588	NCBITaxon:8287	15	superclass	Sarcopterygii
NCBITaxon:103588	NCBITaxon:89593	20	subphylum	Craniata
NCBITaxon:103588	NCBITaxon:91561	6	order	Artiodactyla
NCBITaxon:103588	NCBITaxon:9347	9	clade	Eutheria
NCBITaxon:103588	NCBITaxon:9721	4	infraorder	Cetacea
NCBITaxon:103588	NCBITaxon:9722	3	parvorder	Odontoceti
NCBITaxon:103588	NCBITaxon:9726	2	family	Delphinidae
NCBITaxon:117570	NCBITaxon:117570	0	clade	Teleostomi
NCBITaxon:117570	NCBITaxon:131567	11	cellular root	cellular organisms
NCBITaxon:117570	NCBITaxon:2759	10	domain	Eukaryota
NCBITaxon:117570	NCBITaxon:33154	9	clade	Opisthokonta
NCBITaxon:117570	NCBITaxon:33208	8	kingdom	Metazoa
NCBITaxon:117570	NCBITaxon:33213	6	clade	Bilateria
NCBITaxon:117570	NCBITaxon:33511	5	clade	Deuterostomia
NCBITaxon:117570	NCBITaxon:6072	7	clade	Eumetazoa
NCBITaxon:117570	NCBITaxon:7711	4	phylum	Chordata
NCBITaxon:117570	NCBITaxon:7742	2	clade	Vertebrata
NCBITaxon:117570	NCBITaxon:7776	1	clade	Gnathostomata
NCBITaxon:117570	NCBITaxon:89593	3	subphylum	Craniata
NCBITaxon:117571	NCBITaxon:117570	1	clade	Teleostomi
NCBITaxon:117571	NCBITaxon:117571	0	clade	Euteleostomi
NCBITaxon:117571	NCBITaxon:131567	12	cellular root	cellular organisms
NCBITaxon:117571	NCBITaxon:2759	11	domain	Eukaryota
NCBITaxon:117571	NCBITaxon:33154	10	clade	Opisthokonta
NCBITaxon:117571	NCBITaxon:33208	9	kingdom	Metazoa
NCBITaxon:117571	NCBITaxon:33213	7	clade	Bilateria
NCBITaxon:117571	NCBITaxon:33511	6	clade	Deuterostomia
NCBITaxon:117571	NCBITaxon:6072	8	clade	Eumetazoa
NCBITaxon:117571	NCBITaxon:7711	5	phylum	Chordata
NCBITaxon:117571	NCBITaxon:7742	3	clade	Vertebrata
NCBITaxon:117571	NCBITaxon:7776	2	clade	Gnathostomata
NCBITaxon:117571	NCBITaxon:89593	4	subphylum	Craniata
NCBITaxon:131567	NCBITaxon:131567	0	cellular root	cellular organisms
NCBITaxon:1329799	NCBITaxon:117570	8	clade	Teleostomi
NCBITaxon:1329799	NCBITaxon:117571	7	clade	Euteleostomi
NCBITaxon:1329799	NCBITaxon:131567	19	cellular root	cellular organisms
NCBITaxon:1329799	NCBITaxon:1329799	0	clade	Archelosauria
NCBITaxon:1329799	NCBITaxon:1338369	5	clade	Dipnotetrapodomorpha
NCBITaxon:1329799	NCBITaxon:2759	18	domain	Eukaryota
NCBITaxon:1329799	NCBITaxon:32523	4	clade	Tetrapoda
NCBITaxon:1329799	NCBITaxon:32524	3	clade	Amniota
NCBITaxon:1329799	NCBITaxon:32561	1	clade	Sauria
NCBITaxon:1329799	NCBITaxon:33154	17	clade	Opisthokonta
NCBITaxon:1329799	NCBITaxon:33208	16	kingdom	Metazoa
NCBITaxon:1329799	NCBITaxon:33213	14	clade	Bilateria
NCBITaxon:1329799	NCBITaxon:33511	13	clade	Deuterostomia
NCBITaxon:1329799	NCBITaxon:6072	15	clade	Eumetazoa
NCBITaxon:1329799	NCBITaxon:7711	12	phylum	Chordata
NCBITaxon:1329799	NCBITaxon:7742	10	clade	Vertebrata
NCBITaxon:1329799	NCBITaxon:7776	9	clade	Gnathostomata
NCBITaxon:1329799	NCBITaxon:8287	6	superclass	Sarcopterygii
NCBITaxon:1329799	NCBITaxon:8457	2	clade	Sauropsida
NCBITaxon:1329799	NCBITaxon:89593	11	subphylum	Craniata
NCBITaxon:1338369	NCBITaxon:117570	3	clade	Teleostomi
NCBITaxon:1338369	NCBITaxon:117571	2	clade	Euteleostomi
NCBITaxon:1338369	NCBITaxon:131567	14	cellular root	cellular organisms
NCBITaxon:1338369	NCBITaxon:1338369	0	clade	Dipnotetrapodomorpha
NCBITaxon:1338369	NCBITaxon:2759	13	domain	Eukaryota
NCBITaxon:1338369	NCBITaxon:33154	12	clade	Opisthokonta
NCBITaxon:1338369	NCBITaxon:33208	11	kingdom	Metazoa
NCBITaxon:1338369	NCBITaxon:33213	9	clade	Bilateria
NCBITaxon:1338369	NCBITaxon:33511	8	clade	Deuterostomia
NCBITaxon:1338369	NCBITaxon:6072	10	clade	Eumetazoa
NCBITaxon:1338369	NCBITaxon:7711	7	phylum	Chordata
NCBITaxon:1338369	NCBITaxon:7742	5	clade	Vertebrata
NCBITaxon:1338369	NCBITaxon:7776	4	clade	Gnathostomata
NCBITaxon:1338369	NCBITaxon:8287	1	superclass	Sarcopterygii
NCBITaxon:1338369	NCBITaxon:89593	6	subphylum	Craniata
NCBITaxon:1437010	NCBITaxon:117570	9	clade	Teleostomi
NCBITaxon:1437010	NCBITaxon:117571	8	clade	Euteleostomi
NCBITaxon:1437010	NCBITaxon:131567	20	cellular root	cellular organisms
NCBITaxon:1437010	NCBITaxon:1338369	6	clade	Dipnotetrapodomorpha
NCBITaxon:1437010	NCBITaxon:1437010	0	clade	Boreoeutheria
NCBITaxon:1437010	NCBITaxon:2759	19	domain	Eukaryota
NCBITaxon:1437010	NCBITaxon:32523	5	clade	Tetrapoda
NCBITaxon:1437010	NCBITaxon:32524	4	clade	Amniota
NCBITaxon:1437010	NCBITaxon:32525	2	clade	Theria
NCBITaxon:1437010	NCBITaxon:33154	18	clade	Opisthokonta
NCBITaxon:1437010	NCBITaxon:33208	17	kingdom	Metazoa
NCBITaxon:1437010	NCBITaxon:33213	15	clade	Bilateria
NCBITaxon:1437010	NCBITaxon:33511	14	clade	Deuterostomia
NCBITaxon:1437010	NCBITaxon:40674	3	class	Mammalia
NCBITaxon:1437010	NCBITaxon:6072	16	clade	Eumetazoa
NCBITaxon:1437010	NCBITaxon:7711	13	phylum	Chordata
NCBITaxon:1437010	NCBITaxon:7742	11	clade	Vertebrata
NCBITaxon:1437010	NCBITaxon:7776	10	clade	Gnathostomata
NCBITaxon:1437010	NCBITaxon:8287	7	superclass	Sarcopterygii
NCBITaxon:1437010	NCBITaxon:89593	12	subphylum	Craniata
NCBITaxon:1437010	NCBITaxon:9347	1	clade	Eutheria
NCBITaxon:161921	NCBITaxon:117570	16	clade	Teleostomi
NCBITaxon:161921	NCBITaxon:117571	15	clade	Euteleostomi
NCBITaxon:161921	NCBITaxon:131567	27	cellular root	cellular organisms
NCBITaxon:161921	NCBITaxon:1338369	13	clade	Dipnotetrapodomorpha
NCBITaxon:161921	NCBITaxon:1437010	7	clade	Boreoeutheria
NCBITaxon:161921	NCBITaxon:161921	0	species	Arctocephalus townsendi
NCBITaxon:161921	NCBITaxon:2759	26	domain	Eukaryota
NCBITaxon:161921	NCBITaxon:29083	1	genus	Arctocephalus
NCBITaxon:161921	NCBITaxon:3072905	3	clade	Pinnipedia
NCBITaxon:161921	NCBITaxon:314145	6	superorder	Laurasiatheria
NCBITaxon:161921	NCBITaxon:32523	12	clade	Tetrapoda
NCBITaxon:161921	NCBITaxon:32524	11	clade	Amniota
NCBITaxon:161921	NCBITaxon:32525	9	clade	Theria
NCBITaxon:161921	NCBITaxon:33154	25	clade	Opisthokonta
NCBITaxon:161921	NCBITaxon:33208	24	kingdom	Metazoa
NCBITaxon:161921	NCBITaxon:33213	22	clade	Bilateria
NCBITaxon:161921	NCBITaxon:33511	21	clade	Deuterostomia
NCBITaxon:161921	NCBITaxon:33554	5	order	Carnivora
NCBITaxon:161921	NCBITaxon:379584	4	suborder	Caniformia
NCBITaxon:161921	NCBITaxon:40674	10	class	Mammalia
NCBITaxon:161921	NCBITaxon:6072	23	clade	Eumetazoa
NCBITaxon:161921	NCBITaxon:7711	20	phylum	Chordata
NCBITaxon:161921	NCBITaxon:7742	18	clade	Vertebrata
NCBITaxon:161921	NCBITaxon:7776	17	clade	Gnathostomata
NCBITaxon:161921	NCBITaxon:8287	14	superclass	Sarcopterygii
NCBITaxon:161921	NCBITaxon:89593	19	subphylum	Craniata
NCBITaxon:161921	NCBITaxon:9347	8	clade	Eutheria
NCBITaxon:161921	NCBITaxon:9702	2	family	Otariidae
NCBITaxon:169417	NCBITaxon:117570	15	clade	Teleostomi
NCBITaxon:169417	NCBITaxon:117571	14	clade	Euteleostomi
NCBITaxon:169417	NCBITaxon:131567	26	cellular root	cellular organisms
NCBITaxon:169417	NCBITaxon:1338369	12	clade	Dipnotetrapodomorpha
NCBITaxon:169417	NCBITaxon:1437010	6	clade	Boreoeutheria
NCBITaxon:169417	NCBITaxon:169417	0	subfamily	Lutrinae
NCBITaxon:169417	NCBITaxon:2759	25	domain	Eukaryota
NCBITaxon:169417	NCBITaxon:3072906	2	superfamily	Musteloidea
NCBITaxon:169417	NCBITaxon:314145	5	superorder	Laurasiatheria
NCBITaxon:169417	NCBITaxon:32523	11	clade	Tetrapoda
NCBITaxon:169417	NCBITaxon:32524	10	clade	Amniota
NCBITaxon:169417	NCBITaxon:32525	8	clade	Theria
NCBITaxon:169417	NCBITaxon:33154	24	clade	Opisthokonta
NCBITaxon:169417	NCBITaxon:33208	23	kingdom	Metazoa
NCBITaxon:169417	NCBITaxon:33213	21	clade	Bilateria
NCBITaxon:169417	NCBITaxon:33511	20	clade	Deuterostomia
NCBITaxon:169417	NCBITaxon:33554	4	order	Carnivora
NCBITaxon:169417	NCBITaxon:379584	3	suborder	Caniformia
NCBITaxon:169417	NCBITaxon:40674	9	class	Mammalia
NCBITaxon:169417	NCBITaxon:6072	22	clade	Eumetazoa
NCBITaxon:169417	NCBITaxon:7711	19	phylum	Chordata
NCBITaxon:169417	NCBITaxon:7742	17	clade	Vertebrata
NCBITaxon:169417	NCBITaxon:7776	16	clade	Gnathostomata
NCBITaxon:169417	NCBITaxon:8287	13	superclass	Sarcopterygii
NCBITaxon:169417	NCBITaxon:89593	18	subphylum	Craniata
NCBITaxon:169417	NCBITaxon:9347	7	clade	Eutheria
NCBITaxon:169417	NCBITaxon:9655	1	family	Mustelidae
NCBITaxon:175121	NCBITaxon:117570	20	clade	Teleostomi
NCBITaxon:175121	NCBITaxon:117571	19	clade	Euteleostomi
NCBITaxon:175121	NCBITaxon:131567	31	cellular root	cellular organisms
NCBITaxon:175121	NCBITaxon:1329799	12	clade	Archelosauria
NCBITaxon:175121	NCBITaxon:1338369	17	clade	Dipnotetrapodomorpha
NCBITaxon:175121	NCBITaxon:175121	0	superfamily	Passeroidea
NCBITaxon:175121	NCBITaxon:2759	30	domain	Eukaryota
NCBITaxon:175121	NCBITaxon:3073808	3	clade	Telluraves
NCBITaxon:175121	NCBITaxon:3073809	2	clade	Australaves
NCBITaxon:175121	NCBITaxon:3078114	4	clade	Neoaves
NCBITaxon:175121	NCBITaxon:32523	16	clade	Tetrapoda
NCBITaxon:175121	NCBITaxon:32524	15	clade	Amniota
NCBITaxon:175121	NCBITaxon:32561	13	clade	Sauria
NCBITaxon:175121	NCBITaxon:33154	29	clade	Opisthokonta
NCBITaxon:175121	NCBITaxon:33208	28	kingdom	Metazoa
NCBITaxon:175121	NCBITaxon:33213	26	clade	Bilateria
NCBITaxon:175121	NCBITaxon:33511	25	clade	Deuterostomia
NCBITaxon:175121	NCBITaxon:436486	10	clade	Dinosauria
NCBITaxon:175121	NCBITaxon:436489	9	clade	Saurischia
NCBITaxon:175121	NCBITaxon:436491	8	clade	Theropoda
NCBITaxon:175121	NCBITaxon:436492	7	clade	Coelurosauria
NCBITaxon:175121	NCBITaxon:6072	27	clade	Eumetazoa
NCBITaxon:175121	NCBITaxon:7711	24	phylum	Chordata
NCBITaxon:175121	NCBITaxon:7742	22	clade	Vertebrata
NCBITaxon:175121	NCBITaxon:7776	21	clade	Gnathostomata
NCBITaxon:175121	NCBITaxon:8287	18	superclass	Sarcopterygii
NCBITaxon:175121	NCBITaxon:8457	14	clade	Sauropsida
NCBITaxon:175121	NCBITaxon:8492	11	clade	Archosauria
NCBITaxon:175121	NCBITaxon:8782	6	class	Aves
NCBITaxon:175121	NCBITaxon:8825	5	infraclass	Neognathae
NCBITaxon:175121	NCBITaxon:89593	23	subphylum	Craniata
NCBITaxon:175121	NCBITaxon:9126	1	order	Passeriformes
NCBITaxon:2558200	NCBITaxon:117570	19	clade	Teleostomi
NCBITaxon:2558200	NCBITaxon:117571	18	clade	Euteleostomi
NCBITaxon:2558200	NCBITaxon:131567	30	cellular root	cellular organisms
NCBITaxon:2558200	NCBITaxon:1329799	11	clade	Archelosauria
NCBITaxon:2558200	NCBITaxon:1338369	16	clade	Dipnotetrapodomorpha
NCBITaxon:2558200	NCBITaxon:2558200	0	order	Accipitriformes
NCBITaxon:2558200	NCBITaxon:2759	29	domain	Eukaryota
NCBITaxon:2558200	NCBITaxon:3073808	2	clade	Telluraves
NCBITaxon:2558200	NCBITaxon:3073811	1	clade	Accipitrimorphae
NCBITaxon:2558200	NCBITaxon:3078114	3	clade	Neoaves
NCBITaxon:2558200	NCBITaxon:32523	15	clade	Tetrapoda
NCBITaxon:2558200	NCBITaxon:32524	14	clade	Amniota
NCBITaxon:2558200	NCBITaxon:32561	12	clade	Sauria
NCBITaxon:2558200	NCBITaxon:33154	28	clade	Opisthokonta
NCBITaxon:2558200	NCBITaxon:33208	27	kingdom	Metazoa
NCBITaxon:2558200	NCBITaxon:33213	25	clade	Bilateria
NCBITaxon:2558200	NCBITaxon:33511	24	clade	Deuterostomia
NCBITaxon:2558200	NCBITaxon:436486	9	clade	Dinosauria
NCBITaxon:2558200	NCBITaxon:436489	8	clade	Saurischia
NCBITaxon:2558200	NCBITaxon:436491	7	clade	Theropoda
NCBITaxon:2558200	NCBITaxon:436492	6	clade	Coelurosauria
NCBITaxon:2558200	NCBITaxon:6072	26	clade	Eumetazoa
NCBITaxon:2558200	NCBITaxon:7711	23	phylum	Chordata
NCBITaxon:2558200	NCBITaxon:7742	21	clade	Vertebrata
NCBITaxon:2558200	NCBITaxon:7776	20	clade	Gnathostomata
NCBITaxon:2558200	NCBITaxon:8287	17	superclass	Sarcopterygii
NCBITaxon:2558200	NCBITaxon:8457	13	clade	Sauropsida
NCBITaxon:2558200	NCBITaxon:8492	10	clade	Archosauria
NCBITaxon:2558200	NCBITaxon:8782	5	class	Aves
NCBITaxon:2558200	NCBITaxon:8825	4	infraclass	Neognathae
NCBITaxon:2558200	NCBITaxon:89593	22	subphylum	Craniata
NCBITaxon:2653789	NCBITaxon:117570	12	clade	Teleostomi
NCBITaxon:2653789	NCBITaxon:117571	11	clade	Euteleostomi
NCBITaxon:2653789	NCBITaxon:131567	23	cellular root	cellular organisms
NCBITaxon:2653789	NCBITaxon:1338369	9	clade	Dipnotetrapodomorpha
NCBITaxon:2653789	NCBITaxon:1437010	3	clade	Boreoeutheria
NCBITaxon:2653789	NCBITaxon:2653789	0	suborder	Whippomorpha
NCBITaxon:2653789	NCBITaxon:2759	22	domain	Eukaryota
NCBITaxon:2653789	NCBITaxon:314145	2	superorder	Laurasiatheria
NCBITaxon:2653789	NCBITaxon:32523	8	clade	Tetrapoda
NCBITaxon:2653789	NCBITaxon:32524	7	clade	Amniota
NCBITaxon:2653789	NCBITaxon:32525	5	clade	Theria
NCBITaxon:2653789	NCBITaxon:33154	21	clade	Opisthokonta
NCBITaxon:2653789	NCBITaxon:33208	20	kingdom	Metazoa
NCBITaxon:2653789	NCBITaxon:33213	18	clade	Bilateria
NCBITaxon:2653789	NCBITaxon:33511	17	clade	Deuterostomia
NCBITaxon:2653789	NCBITaxon:40674	6	class	Mammalia
NCBITaxon:2653789	NCBITaxon:6072	19	clade	Eumetazoa
NCBITaxon:2653789	NCBITaxon:7711	16	phylum	Chordata
NCBITaxon:2653789	NCBITaxon:7742	14	clade	Vertebrata
NCBITaxon:2653789	NCBITaxon:7776	13	clade	Gnathostomata
NCBITaxon:2653789	NCBITaxon:8287	10	superclass	Sarcopterygii
NCBITaxon:2653789	NCBITaxon:89593	15	subphylum	Craniata
NCBITaxon:2653789	NCBITaxon:91561	1	order	Artiodactyla
NCBITaxon:2653789	NCBITaxon:9347	4	clade	Eutheria
NCBITaxon:2759	NCBITaxon:131567	1	cellular root	cellular organisms
NCBITaxon:2759	NCBITaxon:2759	0	domain	Eukaryota
NCBITaxon:27605	NCBITaxon:117570	16	clade	Teleostomi
NCBITaxon:27605	NCBITaxon:117571	15	clade	Euteleostomi
NCBITaxon:27605	NCBITaxon:131567	27	cellular root	cellular organisms
NCBITaxon:27605	NCBITaxon:1338369	13	clade	Dipnotetrapodomorpha
NCBITaxon:27605	NCBITaxon:1437010	7	clade	Boreoeutheria
NCBITaxon:27605	NCBITaxon:2653789	4	suborder	Whippomorpha
NCBITaxon:27605	NCBITaxon:2759	26	domain	Eukaryota
NCBITaxon:27605	NCBITaxon:27605	0	genus	Eubalaena
NCBITaxon:27605	NCBITaxon:30558	1	family	Balaenidae
NCBITaxon:27605	NCBITaxon:314145	6	superorder	Laurasiatheria
NCBITaxon:27605	NCBITaxon:32523	12	clade	Tetrapoda
NCBITaxon:27605	NCBITaxon:32524	11	clade	Amniota
NCBITaxon:27605	NCBITaxon:32525	9	clade	Theria
NCBITaxon:27605	NCBITaxon:33154	25	clade	Opisthokonta
NCBITaxon:27605	NCBITaxon:33208	24	kingdom	Metazoa
NCBITaxon:27605	NCBITaxon:33213	22	clade	Bilateria
NCBITaxon:27605	NCBITaxon:33511	21	clade	Deuterostomia
NCBITaxon:27605	NCBITaxon:40674	10	class	Mammalia
NCBITaxon:27605	NCBITaxon:6072	23	clade	Eumetazoa
NCBITaxon:27605	NCBITaxon:7711	20	phylum	Chordata
NCBITaxon:27605	NCBITaxon:7742	18	clade	Vertebrata
NCBITaxon:27605	NCBITaxon:7776	17	clade	Gnathostomata
NCBITaxon:27605	NCBITaxon:8287	14	superclass	Sarcopterygii
NCBITaxon:27605	NCBITaxon:89593	19	subphylum	Craniata
NCBITaxon:27605	NCBITaxon:91561	5	order	Artiodactyla
NCBITaxon:27605	NCBITaxon:9347	8	clade	Eutheria
NCBITaxon:27605	NCBITaxon:9721	3	infraorder	Cetacea
NCBITaxon:27605	NCBITaxon:9761	2	parvorder	Mysticeti
NCBITaxon:27612	NCBITaxon:117570	16	clade	Teleostomi
NCBITaxon:27612	NCBITaxon:117571	15	clade	Euteleostomi
NCBITaxon:27612	NCBITaxon:131567	27	cellular root	cellular organisms
NCBITaxon:27612	NCBITaxon:1338369	13	clade	Dipnotetrapodomorpha
NCBITaxon:27612	NCBITaxon:1437010	7	clade	Boreoeutheria
NCBITaxon:27612	NCBITaxon:2653789	4	suborder	Whippomorpha
NCBITaxon:27612	NCBITaxon:2759	26	domain	Eukaryota
NCBITaxon:27612	NCBITaxon:27612	0	genus	Lissodelphis
NCBITaxon:27612	NCBITaxon:314145	6	superorder	Laurasiatheria
NCBITaxon:27612	NCBITaxon:32523	12	clade	Tetrapoda
NCBITaxon:27612	NCBITaxon:32524	11	clade	Amniota
NCBITaxon:27612	NCBITaxon:32525	9	clade	Theria
NCBITaxon:27612	NCBITaxon:33154	25	clade	Opisthokonta
NCBITaxon:27612	NCBITaxon:33208	24	kingdom	Metazoa
NCBITaxon:27612	NCBITaxon:33213	22	clade	Bilateria
NCBITaxon:27612	NCBITaxon:33511	21	clade	Deuterostomia
NCBITaxon:27612	NCBITaxon:40674	10	class	Mammalia
NCBITaxon:27612	NCBITaxon:6072	23	clade	Eumetazoa
NCBITaxon:27612	NCBITaxon:7711	20	phylum	Chordata
NCBITaxon:27612	NCBITaxon:7742	18	clade	Vertebrata
NCBITaxon:27612	NCBITaxon:7776	17	clade	Gnathostomata
NCBITaxon:27612	NCBITaxon:8287	14	superclass	Sarcopterygii
NCBITaxon:27612	NCBITaxon:89593	19	subphylum	Craniata
NCBITaxon:27612	NCBITaxon:91561	5	order	Artiodactyla
NCBITaxon:27612	NCBITaxon:9347	8	clade	Eutheria
NCBITaxon:27612	NCBITaxon:9721	3	infraorder	Cetacea
NCBITaxon:27612	NCBITaxon:9722	2	parvorder	Odontoceti
NCBITaxon:27612	NCBITaxon:9726	1	family	Delphinidae
NCBITaxon:27615	NCBITaxon:117570	17	clade	Teleostomi
NCBITaxon:27615	NCBITaxon:117571	16	clade	Euteleostomi
NCBITaxon:27615	NCBITaxon:131567	28	cellular root	cellular organisms
NCBITaxon:27615	NCBITaxon:1338369	14	clade	Dipnotetrapodomorpha
NCBITaxon:27615	NCBITaxon:1437010	8	clade	Boreoeutheria
NCBITaxon:27615	NCBITaxon:2653789	5	suborder	Whippomorpha
NCBITaxon:27615	NCBITaxon:2759	27	domain	Eukaryota
NCBITaxon:27615	NCBITaxon:27615	0	species	Kogia breviceps
NCBITaxon:27615	NCBITaxon:314145	7	superorder	Laurasiatheria
NCBITaxon:27615	NCBITaxon:32523	13	clade	Tetrapoda
NCBITaxon:27615	NCBITaxon:32524	12	clade	Amniota
NCBITaxon:27615	NCBITaxon:32525	10	clade	Theria
NCBITaxon:27615	NCBITaxon:33154	26	clade	Opisthokonta
NCBITaxon:27615	NCBITaxon:33208	25	kingdom	Metazoa
NCBITaxon:27615	NCBITaxon:33213	23	clade	Bilateria
NCBITaxon:27615	NCBITaxon:33511	22	clade	Deuterostomia
NCBITaxon:27615	NCBITaxon:40674	11	class	Mammalia
NCBITaxon:27615	NCBITaxon:6072	24	clade	Eumetazoa
NCBITaxon:27615	NCBITaxon:7711	21	phylum	Chordata
NCBITaxon:27615	NCBITaxon:7742	19	clade	Vertebrata
NCBITaxon:27615	NCBITaxon:7776	18	clade	Gnathostomata
NCBITaxon:27615	NCBITaxon:8287	15	superclass	Sarcopterygii
NCBITaxon:27615	NCBITaxon:89593	20	subphylum	Craniata
NCBITaxon:27615	NCBITaxon:91561	6	order	Artiodactyla
NCBITaxon:27615	NCBITaxon:9347	9	clade	Eutheria
NCBITaxon:27615	NCBITaxon:9721	4	infraorder	Cetacea
NCBITaxon:27615	NCBITaxon:9722	3	parvorder	Odontoceti
NCBITaxon:27615	NCBITaxon:9750	2	family	Physeteridae
NCBITaxon:27615	NCBITaxon:9751	1	genus	Kogia
NCBITaxon:28683	NCBITaxon:117570	18	clade	Teleostomi
NCBITaxon:28683	NCBITaxon:117571	17	clade	Euteleostomi
NCBITaxon:28683	NCBITaxon:131567	29	cellular root	cellular organisms
NCBITaxon:28683	NCBITaxon:1329799	10	clade	Archelosauria
NCBITaxon:28683	NCBITaxon:1338369	15	clade	Dipnotetrapodomorpha
NCBITaxon:28683	NCBITaxon:2759	28	domain	Eukaryota
NCBITaxon:28683	NCBITaxon:28683	0	family	Alcidae
NCBITaxon:28683	NCBITaxon:3078114	2	clade	Neoaves
NCBITaxon:28683	NCBITaxon:32523	14	clade	Tetrapoda
NCBITaxon:28683	NCBITaxon:32524	13	clade	Amniota
NCBITaxon:28683	NCBITaxon:32561	11	clade	Sauria
NCBITaxon:28683	NCBITaxon:33154	27	clade	Opisthokonta
NCBITaxon:28683	NCBITaxon:33208	26	kingdom	Metazoa
NCBITaxon:28683	NCBITaxon:33213	24	clade	Bilateria
NCBITaxon:28683	NCBITaxon:33511	23	clade	Deuterostomia
NCBITaxon:28683	NCBITaxon:436486	8	clade	Dinosauria
NCBITaxon:28683	NCBITaxon:436489	7	clade	Saurischia
NCBITaxon:28683	NCBITaxon:436491	6	clade	Theropoda
NCBITaxon:28683	NCBITaxon:436492	5	clade	Coelurosauria
NCBITaxon:28683	NCBITaxon:6072	25	clade	Eumetazoa
NCBITaxon:28683	NCBITaxon:7711	22	phylum	Chordata
NCBITaxon:28683	NCBITaxon:7742	20	clade	Vertebrata
NCBITaxon:28683	NCBITaxon:7776	19	clade	Gnathostomata
NCBITaxon:28683	NCBITaxon:8287	16	superclass	Sarcopterygii
NCBITaxon:28683	NCBITaxon:8457	12	clade	Sauropsida
NCBITaxon:28683	NCBITaxon:8492	9	clade	Archosauria
NCBITaxon:28683	NCBITaxon:8782	4	class	Aves
NCBITaxon:28683	NCBITaxon:8825	3	infraclass	Neognathae
NCBITaxon:28683	NCBITaxon:8906	1	order	Charadriiformes
NCBITaxon:28683	NCBITaxon:89593	21	subphylum	Craniata
NCBITaxon:28695	NCBITaxon:117570	19	clade	Teleostomi
NCBITaxon:28695	NCBITaxon:117571	18	clade	Euteleostomi
NCBITaxon:28695	NCBITaxon:131567	30	cellular root	cellular organisms
NCBITaxon:28695	NCBITaxon:1329799	11	clade	Archelosauria
NCBITaxon:28695	NCBITaxon:1338369	16	clade	Dipnotetrapodomorpha
NCBITaxon:28695	NCBITaxon:2759	29	domain	Eukaryota
NCBITaxon:28695	NCBITaxon:28683	1	family	Alcidae
NCBITaxon:28695	NCBITaxon:28695	0	genus	Cepphus
NCBITaxon:28695	NCBITaxon:3078114	3	clade	Neoaves
NCBITaxon:28695	NCBITaxon:32523	15	clade	Tetrapoda
NCBITaxon:28695	NCBITaxon:32524	14	clade	Amniota
NCBITaxon:28695	NCBITaxon:32561	12	clade	Sauria
NCBITaxon:28695	NCBITaxon:33154	28	clade	Opisthokonta
NCBITaxon:28695	NCBITaxon:33208	27	kingdom	Metazoa
NCBITaxon:28695	NCBITaxon:33213	25	clade	Bilateria
NCBITaxon:28695	NCBITaxon:33511	24	clade	Deuterostomia
NCBITaxon:28695	NCBITaxon:436486	9	clade	Dinosauria
NCBITaxon:28695	NCBITaxon:436489	8	clade	Saurischia
NCBITaxon:28695	NCBITaxon:436491	7	clade	Theropoda
NCBITaxon:28695	NCBITaxon:436492	6	clade	Coelurosauria
NCBITaxon:28695	NCBITaxon:6072	26	clade	Eumetazoa
NCBITaxon:28695	NCBITaxon:7711	23	phylum	Chordata
NCBITaxon:28695	NCBITaxon:7742	21	clade	Vertebrata
NCBITaxon:28695	NCBITaxon:7776	20	clade	Gnathostomata
NCBITaxon:28695	NCBITaxon:8287	17	superclass	Sarcopterygii
NCBITaxon:28695	NCBITaxon:8457	13	clade	Sauropsida
NCBITaxon:28695	NCBITaxon:8492	10	clade	Archosauria
NCBITaxon:28695	NCBITaxon:8782	5	class	Aves
NCBITaxon:28695	NCBITaxon:8825	4	infraclass	Neognathae
NCBITaxon:28695	NCBITaxon:8906	2	order	Charadriiformes
NCBITaxon:28695	NCBITaxon:89593	22	subphylum	Craniata
NCBITaxon:28696	NCBITaxon:117570	20	clade	Teleostomi
NCBITaxon:28696	NCBITaxon:117571	19	clade	Euteleostomi
NCBITaxon:28696	NCBITaxon:131567	31	cellular root	cellular organisms
NCBITaxon:28696	NCBITaxon:1329799	12	clade	Archelosauria
NCBITaxon:28696	NCBITaxon:1338369	17	clade	Dipnotetrapodomorpha
NCBITaxon:28696	NCBITaxon:2759	30	domain	Eukaryota
NCBITaxon:28696	NCBITaxon:28683	2	family	Alcidae
NCBITaxon:28696	NCBITaxon:28695	1	genus	Cepphus
NCBITaxon:28696	NCBITaxon:28696	0	species	Cepphus columba
NCBITaxon:28696	NCBITaxon:3078114	4	clade	Neoaves
NCBITaxon:28696	NCBITaxon:32523	16	clade	Tetrapoda
NCBITaxon:28696	NCBITaxon:32524	15	clade	Amniota
NCBITaxon:28696	NCBITaxon:32561	13	clade	Sauria
NCBITaxon:28696	NCBITaxon:33154	29	clade	Opisthokonta
NCBITaxon:28696	NCBITaxon:33208	28	kingdom	Metazoa
NCBITaxon:28696	NCBITaxon:33213	26	clade	Bilateria
NCBITaxon:28696	NCBITaxon:33511	25	clade	Deuterostomia
NCBITaxon:28696	NCBITaxon:436486	10	clade	Dinosauria
NCBITaxon:28696	NCBITaxon:436489	9	clade	Saurischia
NCBITaxon:28696	NCBITaxon:436491	8	clade	Theropoda
NCBITaxon:28696	NCBITaxon:436492	7	clade	Coelurosauria
NCBITaxon:28696	NCBITaxon:6072	27	clade	Eumetazoa
NCBITaxon:28696	NCBITaxon:7711	24	phylum	Chordata
NCBITaxon:28696	NCBITaxon:7742	22	clade	Vertebrata
NCBITaxon:28696	NCBITaxon:7776	21	clade	Gnathostomata
NCBITaxon:28696	NCBITaxon:8287	18	superclass	Sarcopterygii
NCBITaxon:28696	NCBITaxon:8457	14	clade	Sauropsida
NCBITaxon:28696	NCBITaxon:8492	11	clade	Archosauria
NCBITaxon:28696	NCBITaxon:8782	6	class	Aves
NCBITaxon:28696	NCBITaxon:8825	5	infraclass	Neognathae
NCBITaxon:28696	NCBITaxon:8906	3	order	Charadriiformes
NCBITaxon:28696	NCBITaxon:89593	23	subphylum	Craniata
NCBITaxon:29083	NCBITaxon:117570	15	clade	Teleostomi
NCBITaxon:29083	NCBITaxon:117571	14	clade	Euteleostomi
NCBITaxon:29083	NCBITaxon:131567	26	cellular root	cellular organisms
NCBITaxon:29083	NCBITaxon:1338369	12	clade	Dipnotetrapodomorpha
NCBITaxon:29083	NCBITaxon:1437010	6	clade	Boreoeutheria
NCBITaxon:29083	NCBITaxon:2759	25	domain	Eukaryota
NCBITaxon:29083	NCBITaxon:29083	0	genus	Arctocephalus
NCBITaxon:29083	NCBITaxon:3072905	2	clade	Pinnipedia
NCBITaxon:29083	NCBITaxon:314145	5	superorder	Laurasiatheria
NCBITaxon:29083	NCBITaxon:32523	11	clade	Tetrapoda
NCBITaxon:29083	NCBITaxon:32524	10	clade	Amniota
NCBITaxon:29083	NCBITaxon:32525	8	clade	Theria
NCBITaxon:29083	NCBITaxon:33154	24	clade	Opisthokonta
NCBITaxon:29083	NCBITaxon:33208	23	kingdom	Metazoa
NCBITaxon:29083	NCBITaxon:33213	21	clade	Bilateria
NCBITaxon:29083	NCBITaxon:33511	20	clade	Deuterostomia
NCBITaxon:29083	NCBITaxon:33554	4	order	Carnivora
NCBITaxon:29083	NCBITaxon:379584	3	suborder	Caniformia
NCBITaxon:29083	NCBITaxon:40674	9	class	Mammalia
NCBITaxon:29083	NCBITaxon:6072	22	clade	Eumetazoa
NCBITaxon:29083	NCBITaxon:7711	19	phylum	Chordata
NCBITaxon:29083	NCBITaxon:7742	17	clade	Vertebrata
NCBITaxon:29083	NCBITaxon:7776	16	clade	Gnathostomata
NCBITaxon:29083	NCBITaxon:8287	13	superclass	Sarcopterygii
NCBITaxon:29083	NCBITaxon:89593	18	subphylum	Craniata
NCBITaxon:29083	NCBITaxon:9347	7	clade	Eutheria
NCBITaxon:29083	NCBITaxon:9702	1	family	Otariidae
NCBITaxon:30558	NCBITaxon:117570	15	clade	Teleostomi
NCBITaxon:30558	NCBITaxon:117571	14	clade	Euteleostomi
NCBITaxon:30558	NCBITaxon:131567	26	cellular root	cellular organisms
NCBITaxon:30558	NCBITaxon:1338369	12	clade	Dipnotetrapodomorpha
NCBITaxon:30558	NCBITaxon:1437010	6	clade	Boreoeutheria
NCBITaxon:30558	NCBITaxon:2653789	3	suborder	Whippomorpha
NCBITaxon:30558	NCBITaxon:2759	25	domain	Eukaryota
NCBITaxon:30558	NCBITaxon:30558	0	family	Balaenidae
NCBITaxon:30558	NCBITaxon:314145	5	superorder	Laurasiatheria
NCBITaxon:30558	NCBITaxon:32523	11	clade	Tetrapoda
NCBITaxon:30558	NCBITaxon:32524	10	clade	Amniota
NCBITaxon:30558	NCBITaxon:32525	8	clade	Theria
NCBITaxon:30558	NCBITaxon:33154	24	clade	Opisthokonta
NCBITaxon:30558	NCBITaxon:33208	23	kingdom	Metazoa
NCBITaxon:30558	NCBITaxon:33213	21	clade	Bilateria
NCBITaxon:30558	NCBITaxon:33511	20	clade	Deuterostomia
NCBITaxon:30558	NCBITaxon:40674	9	class	Mammalia
NCBITaxon:30558	NCBITaxon:6072	22	clade	Eumetazoa
NCBITaxon:30558	NCBITaxon:7711	19	phylum	Chordata
NCBITaxon:30558	NCBITaxon:7742	17	clade	Vertebrata
NCBITaxon:30558	NCBITaxon:7776	16	clade	Gnathostomata
NCBITaxon:30558	NCBITaxon:8287	13	superclass	Sarcopterygii
NCBITaxon:30558	NCBITaxon:89593	18	subphylum	Craniata
NCBITaxon:30558	NCBITaxon:91561	4	order	Artiodactyla
NCBITaxon:30558	NCBITaxon:9347	7	clade	Eutheria
NCBITaxon:30558	NCBITaxon:9721	2	infraorder	Cetacea
NCBITaxon:30558	NCBITaxon:9761	1	parvorder	Mysticeti
NCBITaxon:3072905	NCBITaxon:117570	13	clade	Teleostomi
NCBITaxon:3072905	NCBITaxon:117571	12	clade	Euteleostomi
NCBITaxon:3072905	NCBITaxon:131567	24	cellular root	cellular organisms
NCBITaxon:3072905	NCBITaxon:1338369	10	clade	Dipnotetrapodomorpha
NCBITaxon:3072905	NCBITaxon:1437010	4	clade	Boreoeutheria
NCBITaxon:3072905	NCBITaxon:2759	23	domain	Eukaryota
NCBITaxon:3072905	NCBITaxon:3072905	0	clade	Pinnipedia
NCBITaxon:3072905	NCBITaxon:314145	3	superorder	Laurasiatheria
NCBITaxon:3072905	NCBITaxon:32523	9	clade	Tetrapoda
NCBITaxon:3072905	NCBITaxon:32524	8	clade	Amniota
NCBITaxon:3072905	NCBITaxon:32525	6	clade	Theria
NCBITaxon:3072905	NCBITaxon:33154	22	clade	Opisthokonta
NCBITaxon:3072905	NCBITaxon:33208	21	kingdom	Metazoa
NCBITaxon:3072905	NCBITaxon:33213	19	clade	Bilateria
NCBITaxon:3072905	NCBITaxon:33511	18	clade	Deuterostomia
NCBITaxon:3072905	NCBITaxon:33554	2	order	Carnivora
NCBITaxon:3072905	NCBITaxon:379584	1	suborder	Caniformia
NCBITaxon:3072905	NCBITaxon:40674	7	class	Mammalia
NCBITaxon:3072905	NCBITaxon:6072	20	clade	Eumetazoa
NCBITaxon:3072905	NCBITaxon:7711	17	phylum	Chordata
NCBITaxon:3072905	NCBITaxon:7742	15	clade	Vertebrata
NCBITaxon:3072905	NCBITaxon:7776	14	clade	Gnathostomata
NCBITaxon:3072905	NCBITaxon:8287	11	superclass	Sarcopterygii
NCBITaxon:3072905	NCBITaxon:89593	16	subphylum	Craniata
NCBITaxon:3072905	NCBITaxon:9347	5	clade	Eutheria
NCBITaxon:3072906	NCBITaxon:117570	13	clade	Teleostomi
NCBITaxon:3072906	NCBITaxon:117571	12	clade	Euteleostomi
NCBITaxon:3072906	NCBITaxon:131567	24	cellular root	cellular organisms
NCBITaxon:3072906	NCBITaxon:1338369	10	clade	Dipnotetrapodomorpha
NCBITaxon:3072906	NCBITaxon:1437010	4	clade	Boreoeutheria
NCBITaxon:3072906	NCBITaxon:2759	23	domain	Eukaryota
NCBITaxon:3072906	NCBITaxon:3072906	0	superfamily	Musteloidea
NCBITaxon:3072906	NCBITaxon:314145	3	superorder	Laurasiatheria
NCBITaxon:3072906	NCBITaxon:32523	9	clade	Tetrapoda
NCBITaxon:3072906	NCBITaxon:32524	8	clade	Amniota
NCBITaxon:3072906	NCBITaxon:32525	6	clade	Theria
NCBITaxon:3072906	NCBITaxon:33154	22	clade	Opisthokonta
NCBITaxon:3072906	NCBITaxon:33208	21	kingdom	Metazoa
NCBITaxon:3072906	NCBITaxon:33213	19	clade	Bilateria
NCBITaxon:3072906	NCBITaxon:33511	18	clade	Deuterostomia
NCBITaxon:3072906	NCBITaxon:33554	2	order	Carnivora
NCBITaxon:3072906	NCBITaxon:379584	1	suborder	Caniformia
NCBITaxon:3072906	NCBITaxon:40674	7	class	Mammalia
NCBITaxon:3072906	NCBITaxon:6072	20	clade	Eumetazoa
NCBITaxon:3072906	NCBITaxon:7711	17	phylum	Chordata
NCBITaxon:3072906	NCBITaxon:7742	15	clade	Vertebrata
NCBITaxon:3072906	NCBITaxon:7776	14	clade	Gnathostomata
NCBITaxon:3072906	NCBITaxon:8287	11	superclass	Sarcopterygii
NCBITaxon:3072906	NCBITaxon:89593	16	subphylum	Craniata
NCBITaxon:3072906	NCBITaxon:9347	5	clade	Eutheria
NCBITaxon:3073808	NCBITaxon:117570	17	clade	Teleostomi
NCBITaxon:3073808	NCBITaxon:117571	16	clade	Euteleostomi
NCBITaxon:3073808	NCBITaxon:131567	28	cellular root	cellular organisms
NCBITaxon:3073808	NCBITaxon:1329799	9	clade	Archelosauria
NCBITaxon:3073808	NCBITaxon:1338369	14	clade	Dipnotetrapodomorpha
NCBITaxon:3073808	NCBITaxon:2759	27	domain	Eukaryota
NCBITaxon:3073808	NCBITaxon:3073808	0	clade	Telluraves
NCBITaxon:3073808	NCBITaxon:3078114	1	clade	Neoaves
NCBITaxon:3073808	NCBITaxon:32523	13	clade	Tetrapoda
NCBITaxon:3073808	NCBITaxon:32524	12	clade	Amniota
NCBITaxon:3073808	NCBITaxon:32561	10	clade	Sauria
NCBITaxon:3073808	NCBITaxon:33154	26	clade	Opisthokonta
NCBITaxon:3073808	NCBITaxon:33208	25	kingdom	Metazoa
NCBITaxon:3073808	NCBITaxon:33213	23	clade	Bilateria
NCBITaxon:3073808	NCBITaxon:33511	22	clade	Deuterostomia
NCBITaxon:3073808	NCBITaxon:436486	7	clade	Dinosauria
NCBITaxon:3073808	NCBITaxon:436489	6	clade	Saurischia
NCBITaxon:3073808	NCBITaxon:436491	5	clade	Theropoda
NCBITaxon:3073808	NCBITaxon:436492	4	clade	Coelurosauria
NCBITaxon:3073808	NCBITaxon:6072	24	clade	Eumetazoa
NCBITaxon:3073808	NCBITaxon:7711	21	phylum	Chordata
NCBITaxon:3073808	NCBITaxon:7742	19	clade	Vertebrata
NCBITaxon:3073808	NCBITaxon:7776	18	clade	Gnathostomata
NCBITaxon:3073808	NCBITaxon:8287	15	superclass	Sarcopterygii
NCBITaxon:3073808	NCBITaxon:8457	11	clade	Sauropsida
NCBITaxon:3073808	NCBITaxon:8492	8	clade	Archosauria
NCBITaxon:3073808	NCBITaxon:8782	3	class	Aves
NCBITaxon:3073808	NCBITaxon:8825	2	infraclass	Neognathae
NCBITaxon:3073808	NCBITaxon:89593	20	subphylum	Craniata
NCBITaxon:3073809	NCBITaxon:117570	18	clade	Teleostomi
NCBITaxon:3073809	NCBITaxon:117571	17	clade	Euteleostomi
NCBITaxon:3073809	NCBITaxon:131567	29	cellular root	cellular organisms
NCBITaxon:3073809	NCBITaxon:1329799	10	clade	Archelosauria
NCBITaxon:3073809	NCBITaxon:1338369	15	clade	Dipnotetrapodomorpha
NCBITaxon:3073809	NCBITaxon:2759	28	domain	Eukaryota
NCBITaxon:3073809	NCBITaxon:3073808	1	clade	Telluraves
NCBITaxon:3073809	NCBITaxon:3073809	0	clade	Australaves
NCBITaxon:3073809	NCBITaxon:3078114	2	clade	Neoaves
NCBITaxon:3073809	NCBITaxon:32523	14	clade	Tetrapoda
NCBITaxon:3073809	NCBITaxon:32524	13	clade	Amniota
NCBITaxon:3073809	NCBITaxon:32561	11	clade	Sauria
NCBITaxon:3073809	NCBITaxon:33154	27	clade	Opisthokonta
NCBITaxon:3073809	NCBITaxon:33208	26	kingdom	Metazoa
NCBITaxon:3073809	NCBITaxon:33213	24	clade	Bilateria
NCBITaxon:3073809	NCBITaxon:33511	23	clade	Deuterostomia
NCBITaxon:3073809	NCBITaxon:436486	8	clade	Dinosauria
NCBITaxon:3073809	NCBITaxon:436489	7	clade	Saurischia
NCBITaxon:3073809	NCBITaxon:436491	6	clade	Theropoda
NCBITaxon:3073809	NCBITaxon:436492	5	clade	Coelurosauria
NCBITaxon:3073809	NCBITaxon:6072	25	clade	Eumetazoa
NCBITaxon:3073809	NCBITaxon:7711	22	phylum	Chordata
NCBITaxon:3073809	NCBITaxon:7742	20	clade	Vertebrata
NCBITaxon:3073809	NCBITaxon:7776	19	clade	Gnathostomata
NCBITaxon:3073809	NCBITaxon:8287	16	superclass	Sarcopterygii
NCBITaxon:3073809	NCBITaxon:8457	12	clade	Sauropsida
NCBITaxon:3073809	NCBITaxon:8492	9	clade	Archosauria
NCBITaxon:3073809	NCBITaxon:8782	4	class	Aves
NCBITaxon:3073809	NCBITaxon:8825	3	infraclass	Neognathae
NCBITaxon:3073809	NCBITaxon:89593	21	subphylum	Craniata
NCBITaxon:3073811	NCBITaxon:117570	18	clade	Teleostomi
NCBITaxon:3073811	NCBITaxon:117571	17	clade	Euteleostomi
NCBITaxon:3073811	NCBITaxon:131567	29	cellular root	cellular organisms
NCBITaxon:3073811	NCBITaxon:1329799	10	clade	Archelosauria
NCBITaxon:3073811	NCBITaxon:1338369	15	clade	Dipnotetrapodomorpha
NCBITaxon:3073811	NCBITaxon:2759	28	domain	Eukaryota
NCBITaxon:3073811	NCBITaxon:3073808	1	clade	Telluraves
NCBITaxon:3073811	NCBITaxon:3073811	0	clade	Accipitrimorphae
NCBITaxon:3073811	NCBITaxon:3078114	2	clade	Neoaves
NCBITaxon:3073811	NCBITaxon:32523	14	clade	Tetrapoda
NCBITaxon:3073811	NCBITaxon:32524	13	clade	Amniota
NCBITaxon:3073811	NCBITaxon:32561	11	clade	Sauria
NCBITaxon:3073811	NCBITaxon:33154	27	clade	Opisthokonta
NCBITaxon:3073811	NCBITaxon:33208	26	kingdom	Metazoa
NCBITaxon:3073811	NCBITaxon:33213	24	clade	Bilateria
NCBITaxon:3073811	NCBITaxon:33511	23	clade	Deuterostomia
NCBITaxon:3073811	NCBITaxon:436486	8	clade	Dinosauria
NCBITaxon:3073811	NCBITaxon:436489	7	clade	Saurischia
NCBITaxon:3073811	NCBITaxon:436491	6	clade	Theropoda
NCBITaxon:3073811	NCBITaxon:436492	5	clade	Coelurosauria
NCBITaxon:3073811	NCBITaxon:6072	25	clade	Eumetazoa
NCBITaxon:3073811	NCBITaxon:7711	22	phylum	Chordata
NCBITaxon:3073811	NCBITaxon:7742	20	clade	Vertebrata
NCBITaxon:3073811	NCBITaxon:7776	19	clade	Gnathostomata
NCBITaxon:3073811	NCBITaxon:8287	16	superclass	Sarcopterygii
NCBITaxon:3073811	NCBITaxon:8457	12	clade	Sauropsida
NCBITaxon:3073811	NCBITaxon:8492	9	clade	Archosauria
NCBITaxon:3073811	NCBITaxon:8782	4	class	Aves
NCBITaxon:3073811	NCBITaxon:8825	3	infraclass	Neognathae
NCBITaxon:3073811	NCBITaxon:89593	21	subphylum	Craniata
NCBITaxon:3078114	NCBITaxon:117570	16	clade	Teleostomi
NCBITaxon:3078114	NCBITaxon:117571	15	clade	Euteleostomi
NCBITaxon:3078114	NCBITaxon:131567	27	cellular root	cellular organisms
NCBITaxon:3078114	NCBITaxon:1329799	8	clade	Archelosauria
NCBITaxon:3078114	NCBITaxon:1338369	13	clade	Dipnotetrapodomorpha
NCBITaxon:3078114	NCBITaxon:2759	26	domain	Eukaryota
NCBITaxon:3078114	NCBITaxon:3078114	0	clade	Neoaves
NCBITaxon:3078114	NCBITaxon:32523	12	clade	Tetrapoda
NCBITaxon:3078114	NCBITaxon:32524	11	clade	Amniota
NCBITaxon:3078114	NCBITaxon:32561	9	clade	Sauria
NCBITaxon:3078114	NCBITaxon:33154	25	clade	Opisthokonta
NCBITaxon:3078114	NCBITaxon:33208	24	kingdom	Metazoa
NCBITaxon:3078114	NCBITaxon:33213	22	clade	Bilateria
NCBITaxon:3078114	NCBITaxon:33511	21	clade	Deuterostomia
NCBITaxon:3078114	NCBITaxon:436486	6	clade	Dinosauria
NCBITaxon:3078114	NCBITaxon:436489	5	clade	Saurischia
NCBITaxon:3078114	NCBITaxon:436491	4	clade	Theropoda
NCBITaxon:3078114	NCBITaxon:436492	3	clade	Coelurosauria
NCBITaxon:3078114	NCBITaxon:6072	23	clade	Eumetazoa
NCBITaxon:3078114	NCBITaxon:7711	20	phylum	Chordata
NCBITaxon:3078114	NCBITaxon:7742	18	clade	Vertebrata
NCBITaxon:3078114	NCBITaxon:7776	17	clade	Gnathostomata
NCBITaxon:3078114	NCBITaxon:8287	14	superclass	Sarcopterygii
NCBITaxon:3078114	NCBITaxon:8457	10	clade	Sauropsida
NCBITaxon:3078114	NCBITaxon:8492	7	clade	Archosauria
NCBITaxon:3078114	NCBITaxon:8782	2	class	Aves
NCBITaxon:3078114	NCBITaxon:8825	1	infraclass	Neognathae
NCBITaxon:3078114	NCBITaxon:89593	19	subphylum	Craniata
NCBITaxon:314145	NCBITaxon:117570	10	clade	Teleostomi
NCBITaxon:314145	NCBITaxon:117571	9	clade	Euteleostomi
NCBITaxon:314145	NCBITaxon:131567	21	cellular root	cellular organisms
NCBITaxon:314145	NCBITaxon:1338369	7	clade	Dipnotetrapodomorpha
NCBITaxon:314145	NCBITaxon:1437010	1	clade	Boreoeutheria
NCBITaxon:314145	NCBITaxon:2759	20	domain	Eukaryota
NCBITaxon:314145	NCBITaxon:314145	0	superorder	Laurasiatheria
NCBITaxon:314145	NCBITaxon:32523	6	clade	Tetrapoda
NCBITaxon:314145	NCBITaxon:32524	5	clade	Amniota
NCBITaxon:314145	NCBITaxon:32525	3	clade	Theria
NCBITaxon:314145	NCBITaxon:33154	19	clade	Opisthokonta
NCBITaxon:314145	NCBITaxon:33208	18	kingdom	Metazoa
NCBITaxon:314145	NCBITaxon:33213	16	clade	Bilateria
NCBITaxon:314145	NCBITaxon:33511	15	clade	Deuterostomia
NCBITaxon:314145	NCBITaxon:40674	4	class	Mammalia
NCBITaxon:314145	NCBITaxon:6072	17	clade	Eumetazoa
NCBITaxon:314145	NCBITaxon:7711	14	phylum	Chordata
NCBITaxon:314145	NCBITaxon:7742	12	clade	Vertebrata
NCBITaxon:314145	NCBITaxon:7776	11	clade	Gnathostomata
NCBITaxon:314145	NCBITaxon:8287	8	superclass	Sarcopterygii
NCBITaxon:314145	NCBITaxon:89593	13	subphylum	Craniata
NCBITaxon:314145	NCBITaxon:9347	2	clade	Eutheria
NCBITaxon:32523	NCBITaxon:117570	4	clade	Teleostomi
NCBITaxon:32523	NCBITaxon:117571	3	clade	Euteleostomi
NCBITaxon:32523	NCBITaxon:131567	15	cellular root	cellular organisms
NCBITaxon:32523	NCBITaxon:1338369	1	clade	Dipnotetrapodomorpha
NCBITaxon:32523	NCBITaxon:2759	14	domain	Eukaryota
NCBITaxon:32523	NCBITaxon:32523	0	clade	Tetrapoda
NCBITaxon:32523	NCBITaxon:33154	13	clade	Opisthokonta
NCBITaxon:32523	NCBITaxon:33208	12	kingdom	Metazoa
NCBITaxon:32523	NCBITaxon:33213	10	clade	Bilateria
NCBITaxon:32523	NCBITaxon:33511	9	clade	Deuterostomia
NCBITaxon:32523	NCBITaxon:6072	11	clade	Eumetazoa
NCBITaxon:32523	NCBITaxon:7711	8	phylum	Chordata
NCBITaxon:32523	NCBITaxon:7742	6	clade	Vertebrata
NCBITaxon:32523	NCBITaxon:7776	5	clade	Gnathostomata
NCBITaxon:32523	NCBITaxon:8287	2	superclass	Sarcopterygii
NCBITaxon:32523	NCBITaxon:89593	7	subphylum	Craniata
NCBITaxon:32524	NCBITaxon:117570	5	clade	Teleostomi
NCBITaxon:32524	NCBITaxon:117571	4	clade	Euteleostomi
NCBITaxon:32524	NCBITaxon:131567	16	cellular root	cellular organisms
NCBITaxon:32524	NCBITaxon:1338369	2	clade	Dipnotetrapodomorpha
NCBITaxon:32524	NCBITaxon:2759	15	domain	Eukaryota
NCBITaxon:32524	NCBITaxon:32523	1	clade	Tetrapoda
NCBITaxon:32524	NCBITaxon:32524	0	clade	Amniota
NCBITaxon:32524	NCBITaxon:33154	14	clade	Opisthokonta
NCBITaxon:32524	NCBITaxon:33208	13	kingdom	Metazoa
NCBITaxon:32524	NCBITaxon:33213	11	clade	Bilateria
NCBITaxon:32524	NCBITaxon:33511	10	clade	Deuterostomia
NCBITaxon:32524	NCBITaxon:6072	12	clade	Eumetazoa
NCBITaxon:32524	NCBITaxon:7711	9	phylum	Chordata
NCBITaxon:32524	NCBITaxon:7742	7	clade	Vertebrata
NCBITaxon:32524	NCBITaxon:7776	6	clade	Gnathostomata
NCBITaxon:32524	NCBITaxon:8287	3	superclass	Sarcopterygii
NCBITaxon:32524	NCBITaxon:89593	8	subphylum	Craniata
NCBITaxon:32525	NCBITaxon:117570	7	clade	Teleostomi
NCBITaxon:32525	NCBITaxon:117571	6	clade	Euteleostomi
NCBITaxon:32525	NCBITaxon:131567	18	cellular root	cellular organisms
NCBITaxon:32525	NCBITaxon:1338369	4	clade	Dipnotetrapodomorpha
NCBITaxon:32525	NCBITaxon:2759	17	domain	Eukaryota
NCBITaxon:32525	NCBITaxon:32523	3	clade	Tetrapoda
NCBITaxon:32525	NCBITaxon:32524	2	clade	Amniota
NCBITaxon:32525	NCBITaxon:32525	0	clade	Theria
NCBITaxon:32525	NCBITaxon:33154	16	clade	Opisthokonta
NCBITaxon:32525	NCBITaxon:33208	15	kingdom	Metazoa
NCBITaxon:32525	NCBITaxon:33213	13	clade	Bilateria
NCBITaxon:32525	NCBITaxon:33511	12	clade	Deuterostomia
NCBITaxon:32525	NCBITaxon:40674	1	class	Mammalia
NCBITaxon:32525	NCBITaxon:6072	14	clade	Eumetazoa
NCBITaxon:32525	NCBITaxon:7711	11	phylum	Chordata
NCBITaxon:32525	NCBITaxon:7742	9	clade	Vertebrata
NCBITaxon:32525	NCBITaxon:7776	8	clade	Gnathostomata
NCBITaxon:32525	NCBITaxon:8287	5	superclass	Sarcopterygii
NCBITaxon:32525	NCBITaxon:89593	10	subphylum	Craniata
NCBITaxon:32561	NCBITaxon:117570	7	clade	Teleostomi
NCBITaxon:32561	NCBITaxon:117571	6	clade	Euteleostomi
NCBITaxon:32561	NCBITaxon:131567	18	cellular root	cellular organisms
NCBITaxon:32561	NCBITaxon:1338369	4	clade	Dipnotetrapodomorpha
NCBITaxon:32561	NCBITaxon:2759	17	domain	Eukaryota
NCBITaxon:32561	NCBITaxon:32523	3	clade	Tetrapoda
NCBITaxon:32561	NCBITaxon:32524	2	clade	Amniota
NCBITaxon:32561	NCBITaxon:32561	0	clade	Sauria
NCBITaxon:32561	NCBITaxon:33154	16	clade	Opisthokonta
NCBITaxon:32561	NCBITaxon:33208	15	kingdom	Metazoa
NCBITaxon:32561	NCBITaxon:33213	13	clade	Bilateria
NCBITaxon:32561	NCBITaxon:33511	12	clade	Deuterostomia
NCBITaxon:32561	NCBITaxon:6072	14	clade	Eumetazoa
NCBITaxon:32561	NCBITaxon:7711	11	phylum	Chordata
NCBITaxon:32561	NCBITaxon:7742	9	clade	Vertebrata
NCBITaxon:32561	NCBITaxon:7776	8	clade	Gnathostomata
NCBITaxon:32561	NCBITaxon:8287	5	superclass	Sarcopterygii
NCBITaxon:32561	NCBITaxon:8457	1	clade	Sauropsida
NCBITaxon:32561	NCBITaxon:89593	10	subphylum	Craniata
NCBITaxon:33154	NCBITaxon:131567	2	cellular root	cellular organisms
NCBITaxon:33154	NCBITaxon:2759	1	domain	Eukaryota
NCBITaxon:33154	NCBITaxon:33154	0	clade	Opisthokonta
NCBITaxon:33208	NCBITaxon:131567	3	cellular root	cellular organisms
NCBITaxon:33208	NCBITaxon:2759	2	domain	Eukaryota
NCBITaxon:33208	NCBITaxon:33154	1	clade	Opisthokonta
NCBITaxon:33208	NCBITaxon:33208	0	kingdom	Metazoa
NCBITaxon:33213	NCBITaxon:131567	5	cellular root	cellular organisms
NCBITaxon:33213	NCBITaxon:2759	4	domain	Eukaryota
NCBITaxon:33213	NCBITaxon:33154	3	clade	Opisthokonta
NCBITaxon:33213	NCBITaxon:33208	2	kingdom	Metazoa
NCBITaxon:33213	NCBITaxon:33213	0	clade	Bilateria
NCBITaxon:33213	NCBITaxon:6072	1	clade	Eumetazoa
NCBITaxon:33511	NCBITaxon:131567	6	cellular root	cellular organisms
NCBITaxon:33511	NCBITaxon:2759	5	domain	Eukaryota
NCBITaxon:33511	NCBITaxon:33154	4	clade	Opisthokonta
NCBITaxon:33511	NCBITaxon:33208	3	kingdom	Metazoa
NCBITaxon:33511	NCBITaxon:33213	1	clade	Bilateria
NCBITaxon:33511	NCBITaxon:33511	0	clade	Deuterostomia
NCBITaxon:33511	NCBITaxon:6072	2	clade	Eumetazoa
NCBITaxon:33554	NCBITaxon:117570	11	clade	Teleostomi
NCBITaxon:33554	NCBITaxon:117571	10	clade	Euteleostomi
NCBITaxon:33554	NCBITaxon:131567	22	cellular root	cellular organisms
NCBITaxon:33554	NCBITaxon:1338369	8	clade	Dipnotetrapodomorpha
NCBITaxon:33554	NCBITaxon:1437010	2	clade	Boreoeutheria
NCBITaxon:33554	NCBITaxon:2759	21	domain	Eukaryota
NCBITaxon:33554	NCBITaxon:314145	1	superorder	Laurasiatheria
NCBITaxon:33554	NCBITaxon:32523	7	clade	Tetrapoda
NCBITaxon:33554	NCBITaxon:32524	6	clade	Amniota
NCBITaxon:33554	NCBITaxon:32525	4	clade	Theria
NCBITaxon:33554	NCBITaxon:33154	20	clade	Opisthokonta
NCBITaxon:33554	NCBITaxon:33208	19	kingdom	Metazoa
NCBITaxon:33554	NCBITaxon:33213	17	clade	Bilateria
NCBITaxon:33554	NCBITaxon:33511	16	clade	Deuterostomia
NCBITaxon:33554	NCBITaxon:33554	0	order	Carnivora
NCBITaxon:33554	NCBITaxon:40674	5	class	Mammalia
NCBITaxon:33554	NCBITaxon:6072	18	clade	Eumetazoa
NCBITaxon:33554	NCBITaxon:7711	15	phylum	Chordata
NCBITaxon:33554	NCBITaxon:7742	13	clade	Vertebrata
NCBITaxon:33554	NCBITaxon:7776	12	clade	Gnathostomata
NCBITaxon:33554	NCBITaxon:8287	9	superclass	Sarcopterygii
NCBITaxon:33554	NCBITaxon:89593	14	subphylum	Craniata
NCBITaxon:33554	NCBITaxon:9347	3	clade	Eutheria
NCBITaxon:3371155	NCBITaxon:117570	17	clade	Teleostomi
NCBITaxon:3371155	NCBITaxon:117571	16	clade	Euteleostomi
NCBITaxon:3371155	NCBITaxon:131567	28	cellular root	cellular organisms
NCBITaxon:3371155	NCBITaxon:1338369	14	clade	Dipnotetrapodomorpha
NCBITaxon:3371155	NCBITaxon:1437010	8	clade	Boreoeutheria
NCBITaxon:3371155	NCBITaxon:2653789	5	suborder	Whippomorpha
NCBITaxon:3371155	NCBITaxon:2759	27	domain	Eukaryota
NCBITaxon:3371155	NCBITaxon:314145	7	superorder	Laurasiatheria
NCBITaxon:3371155	NCBITaxon:32523	13	clade	Tetrapoda
NCBITaxon:3371155	NCBITaxon:32524	12	clade	Amniota
NCBITaxon:3371155	NCBITaxon:32525	10	clade	Theria
NCBITaxon:3371155	NCBITaxon:33154	26	clade	Opisthokonta
NCBITaxon:3371155	NCBITaxon:33208	25	kingdom	Metazoa
NCBITaxon:3371155	NCBITaxon:33213	23	clade	Bilateria
NCBITaxon:3371155	NCBITaxon:33511	22	clade	Deuterostomia
NCBITaxon:3371155	NCBITaxon:3371155	0	species	Aethalodelphis obliquidens
NCBITaxon:3371155	NCBITaxon:3814641	1	genus	Aethalodelphis
NCBITaxon:3371155	NCBITaxon:40674	11	class	Mammalia
NCBITaxon:3371155	NCBITaxon:6072	24	clade	Eumetazoa
NCBITaxon:3371155	NCBITaxon:7711	21	phylum	Chordata
NCBITaxon:3371155	NCBITaxon:7742	19	clade	Vertebrata
NCBITaxon:3371155	NCBITaxon:7776	18	clade	Gnathostomata
NCBITaxon:3371155	NCBITaxon:8287	15	superclass	Sarcopterygii
NCBITaxon:3371155	NCBITaxon:89593	20	subphylum	Craniata
NCBITaxon:3371155	NCBITaxon:91561	6	order	Artiodactyla
NCBITaxon:3371155	NCBITaxon:9347	9	clade	Eutheria
NCBITaxon:3371155	NCBITaxon:9721	4	infraorder	Cetacea
NCBITaxon:3371155	NCBITaxon:9722	3	parvorder	Odontoceti
NCBITaxon:3371155	NCBITaxon:9726	2	family	Delphinidae
NCBITaxon:3410118	NCBITaxon:117570	15	clade	Teleostomi
NCBITaxon:3410118	NCBITaxon:117571	14	clade	Euteleostomi
NCBITaxon:3410118	NCBITaxon:131567	26	cellular root	cellular organisms
NCBITaxon:3410118	NCBITaxon:1338369	12	clade	Dipnotetrapodomorpha
NCBITaxon:3410118	NCBITaxon:1437010	6	clade	Boreoeutheria
NCBITaxon:3410118	NCBITaxon:2759	25	domain	Eukaryota
NCBITaxon:3410118	NCBITaxon:3072905	2	clade	Pinnipedia
NCBITaxon:3410118	NCBITaxon:314145	5	superorder	Laurasiatheria
NCBITaxon:3410118	NCBITaxon:32523	11	clade	Tetrapoda
NCBITaxon:3410118	NCBITaxon:32524	10	clade	Amniota
NCBITaxon:3410118	NCBITaxon:32525	8	clade	Theria
NCBITaxon:3410118	NCBITaxon:33154	24	clade	Opisthokonta
NCBITaxon:3410118	NCBITaxon:33208	23	kingdom	Metazoa
NCBITaxon:3410118	NCBITaxon:33213	21	clade	Bilateria
NCBITaxon:3410118	NCBITaxon:33511	20	clade	Deuterostomia
NCBITaxon:3410118	NCBITaxon:33554	4	order	Carnivora
NCBITaxon:3410118	NCBITaxon:3410118	0	subfamily	Phocinae
NCBITaxon:3410118	NCBITaxon:379584	3	suborder	Caniformia
NCBITaxon:3410118	NCBITaxon:40674	9	class	Mammalia
NCBITaxon:3410118	NCBITaxon:6072	22	clade	Eumetazoa
NCBITaxon:3410118	NCBITaxon:7711	19	phylum	Chordata
NCBITaxon:3410118	NCBITaxon:7742	17	clade	Vertebrata
NCBITaxon:3410118	NCBITaxon:7776	16	clade	Gnathostomata
NCBITaxon:3410118	NCBITaxon:8287	13	superclass	Sarcopterygii
NCBITaxon:3410118	NCBITaxon:89593	18	subphylum	Craniata
NCBITaxon:3410118	NCBITaxon:9347	7	clade	Eutheria
NCBITaxon:3410118	NCBITaxon:9709	1	family	Phocidae
NCBITaxon:3410119	NCBITaxon:117570	15	clade	Teleostomi
NCBITaxon:3410119	NCBITaxon:117571	14	clade	Euteleostomi
NCBITaxon:3410119	NCBITaxon:131567	26	cellular root	cellular organisms
NCBITaxon:3410119	NCBITaxon:1338369	12	clade	Dipnotetrapodomorpha
NCBITaxon:3410119	NCBITaxon:1437010	6	clade	Boreoeutheria
NCBITaxon:3410119	NCBITaxon:2759	25	domain	Eukaryota
NCBITaxon:3410119	NCBITaxon:3072905	2	clade	Pinnipedia
NCBITaxon:3410119	NCBITaxon:314145	5	superorder	Laurasiatheria
NCBITaxon:3410119	NCBITaxon:32523	11	clade	Tetrapoda
NCBITaxon:3410119	NCBITaxon:32524	10	clade	Amniota
NCBITaxon:3410119	NCBITaxon:32525	8	clade	Theria
NCBITaxon:3410119	NCBITaxon:33154	24	clade	Opisthokonta
NCBITaxon:3410119	NCBITaxon:33208	23	kingdom	Metazoa
NCBITaxon:3410119	NCBITaxon:33213	21	clade	Bilateria
NCBITaxon:3410119	NCBITaxon:33511	20	clade	Deuterostomia
NCBITaxon:3410119	NCBITaxon:33554	4	order	Carnivora
NCBITaxon:3410119	NCBITaxon:3410119	0	subfamily	Monachinae
NCBITaxon:3410119	NCBITaxon:379584	3	suborder	Caniformia
NCBITaxon:3410119	NCBITaxon:40674	9	class	Mammalia
NCBITaxon:3410119	NCBITaxon:6072	22	clade	Eumetazoa
NCBITaxon:3410119	NCBITaxon:7711	19	phylum	Chordata
NCBITaxon:3410119	NCBITaxon:7742	17	clade	Vertebrata
NCBITaxon:3410119	NCBITaxon:7776	16	clade	Gnathostomata
NCBITaxon:3410119	NCBITaxon:8287	13	superclass	Sarcopterygii
NCBITaxon:3410119	NCBITaxon:89593	18	subphylum	Craniata
NCBITaxon:3410119	NCBITaxon:9347	7	clade	Eutheria
NCBITaxon:3410119	NCBITaxon:9709	1	family	Phocidae
NCBITaxon:3410122	NCBITaxon:117570	16	clade	Teleostomi
NCBITaxon:3410122	NCBITaxon:117571	15	clade	Euteleostomi
NCBITaxon:3410122	NCBITaxon:131567	27	cellular root	cellular organisms
NCBITaxon:3410122	NCBITaxon:1338369	13	clade	Dipnotetrapodomorpha
NCBITaxon:3410122	NCBITaxon:1437010	7	clade	Boreoeutheria
NCBITaxon:3410122	NCBITaxon:2759	26	domain	Eukaryota
NCBITaxon:3410122	NCBITaxon:3072905	3	clade	Pinnipedia
NCBITaxon:3410122	NCBITaxon:314145	6	superorder	Laurasiatheria
NCBITaxon:3410122	NCBITaxon:32523	12	clade	Tetrapoda
NCBITaxon:3410122	NCBITaxon:32524	11	clade	Amniota
NCBITaxon:3410122	NCBITaxon:32525	9	clade	Theria
NCBITaxon:3410122	NCBITaxon:33154	25	clade	Opisthokonta
NCBITaxon:3410122	NCBITaxon:33208	24	kingdom	Metazoa
NCBITaxon:3410122	NCBITaxon:33213	22	clade	Bilateria
NCBITaxon:3410122	NCBITaxon:33511	21	clade	Deuterostomia
NCBITaxon:3410122	NCBITaxon:33554	5	order	Carnivora
NCBITaxon:3410122	NCBITaxon:3410119	1	subfamily	Monachinae
NCBITaxon:3410122	NCBITaxon:3410122	0	tribe	Miroungini
NCBITaxon:3410122	NCBITaxon:379584	4	suborder	Caniformia
NCBITaxon:3410122	NCBITaxon:40674	10	class	Mammalia
NCBITaxon:3410122	NCBITaxon:6072	23	clade	Eumetazoa
NCBITaxon:3410122	NCBITaxon:7711	20	phylum	Chordata
NCBITaxon:3410122	NCBITaxon:7742	18	clade	Vertebrata
NCBITaxon:3410122	NCBITaxon:7776	17	clade	Gnathostomata
NCBITaxon:3410122	NCBITaxon:8287	14	superclass	Sarcopterygii
NCBITaxon:3410122	NCBITaxon:89593	19	subphylum	Craniata
NCBITaxon:3410122	NCBITaxon:9347	8	clade	Eutheria
NCBITaxon:3410122	NCBITaxon:9709	2	family	Phocidae
NCBITaxon:34881	NCBITaxon:117570	16	clade	Teleostomi
NCBITaxon:34881	NCBITaxon:117571	15	clade	Euteleostomi
NCBITaxon:34881	NCBITaxon:131567	27	cellular root	cellular organisms
NCBITaxon:34881	NCBITaxon:1338369	13	clade	Dipnotetrapodomorpha
NCBITaxon:34881	NCBITaxon:1437010	7	clade	Boreoeutheria
NCBITaxon:34881	NCBITaxon:169417	1	subfamily	Lutrinae
NCBITaxon:34881	NCBITaxon:2759	26	domain	Eukaryota
NCBITaxon:34881	NCBITaxon:3072906	3	superfamily	Musteloidea
NCBITaxon:34881	NCBITaxon:314145	6	superorder	Laurasiatheria
NCBITaxon:34881	NCBITaxon:32523	12	clade	Tetrapoda
NCBITaxon:34881	NCBITaxon:32524	11	clade	Amniota
NCBITaxon:34881	NCBITaxon:32525	9	clade	Theria
NCBITaxon:34881	NCBITaxon:33154	25	clade	Opisthokonta
NCBITaxon:34881	NCBITaxon:33208	24	kingdom	Metazoa
NCBITaxon:34881	NCBITaxon:33213	22	clade	Bilateria
NCBITaxon:34881	NCBITaxon:33511	21	clade	Deuterostomia
NCBITaxon:34881	NCBITaxon:33554	5	order	Carnivora
NCBITaxon:34881	NCBITaxon:34881	0	genus	Enhydra
NCBITaxon:34881	NCBITaxon:379584	4	suborder	Caniformia
NCBITaxon:34881	NCBITaxon:40674	10	class	Mammalia
NCBITaxon:34881	NCBITaxon:6072	23	clade	Eumetazoa
NCBITaxon:34881	NCBITaxon:7711	20	phylum	Chordata
NCBITaxon:34881	NCBITaxon:7742	18	clade	Vertebrata
NCBITaxon:34881	NCBITaxon:7776	17	clade	Gnathostomata
NCBITaxon:34881	NCBITaxon:8287	14	superclass	Sarcopterygii
NCBITaxon:34881	NCBITaxon:89593	19	subphylum	Craniata
NCBITaxon:34881	NCBITaxon:9347	8	clade	Eutheria
NCBITaxon:34881	NCBITaxon:9655	2	family	Mustelidae
NCBITaxon:34882	NCBITaxon:117570	17	clade	Teleostomi
NCBITaxon:34882	NCBITaxon:117571	16	clade	Euteleostomi
NCBITaxon:34882	NCBITaxon:131567	28	cellular root	cellular organisms
NCBITaxon:34882	NCBITaxon:1338369	14	clade	Dipnotetrapodomorpha
NCBITaxon:34882	NCBITaxon:1437010	8	clade	Boreoeutheria
NCBITaxon:34882	NCBITaxon:169417	2	subfamily	Lutrinae
NCBITaxon:34882	NCBITaxon:2759	27	domain	Eukaryota
NCBITaxon:34882	NCBITaxon:3072906	4	superfamily	Musteloidea
NCBITaxon:34882	NCBITaxon:314145	7	superorder	Laurasiatheria
NCBITaxon:34882	NCBITaxon:32523	13	clade	Tetrapoda
NCBITaxon:34882	NCBITaxon:32524	12	clade	Amniota
NCBITaxon:34882	NCBITaxon:32525	10	clade	Theria
NCBITaxon:34882	NCBITaxon:33154	26	clade	Opisthokonta
NCBITaxon:34882	NCBITaxon:33208	25	kingdom	Metazoa
NCBITaxon:34882	NCBITaxon:33213	23	clade	Bilateria
NCBITaxon:34882	NCBITaxon:33511	22	clade	Deuterostomia
NCBITaxon:34882	NCBITaxon:33554	6	order	Carnivora
NCBITaxon:34882	NCBITaxon:34881	1	genus	Enhydra
NCBITaxon:34882	NCBITaxon:34882	0	species	Enhydra lutris
NCBITaxon:34882	NCBITaxon:379584	5	suborder	Caniformia
NCBITaxon:34882	NCBITaxon:40674	11	class	Mammalia
NCBITaxon:34882	NCBITaxon:6072	24	clade	Eumetazoa
NCBITaxon:34882	NCBITaxon:7711	21	phylum	Chordata
NCBITaxon:34882	NCBITaxon:7742	19	clade	Vertebrata
NCBITaxon:34882	NCBITaxon:7776	18	clade	Gnathostomata
NCBITaxon:34882	NCBITaxon:8287	15	superclass	Sarcopterygii
NCBITaxon:34882	NCBITaxon:89593	20	subphylum	Craniata
NCBITaxon:34882	NCBITaxon:9347	9	clade	Eutheria
NCBITaxon:34882	NCBITaxon:9655	3	family	Mustelidae
NCBITaxon:34883	NCBITaxon:117570	15	clade	Teleostomi
NCBITaxon:34883	NCBITaxon:117571	14	clade	Euteleostomi
NCBITaxon:34883	NCBITaxon:131567	26	cellular root	cellular organisms
NCBITaxon:34883	NCBITaxon:1338369	12	clade	Dipnotetrapodomorpha
NCBITaxon:34883	NCBITaxon:1437010	6	clade	Boreoeutheria
NCBITaxon:34883	NCBITaxon:2759	25	domain	Eukaryota
NCBITaxon:34883	NCBITaxon:3072905	2	clade	Pinnipedia
NCBITaxon:34883	NCBITaxon:314145	5	superorder	Laurasiatheria
NCBITaxon:34883	NCBITaxon:32523	11	clade	Tetrapoda
NCBITaxon:34883	NCBITaxon:32524	10	clade	Amniota
NCBITaxon:34883	NCBITaxon:32525	8	clade	Theria
NCBITaxon:34883	NCBITaxon:33154	24	clade	Opisthokonta
NCBITaxon:34883	NCBITaxon:33208	23	kingdom	Metazoa
NCBITaxon:34883	NCBITaxon:33213	21	clade	Bilateria
NCBITaxon:34883	NCBITaxon:33511	20	clade	Deuterostomia
NCBITaxon:34883	NCBITaxon:33554	4	order	Carnivora
NCBITaxon:34883	NCBITaxon:34883	0	genus	Callorhinus
NCBITaxon:34883	NCBITaxon:379584	3	suborder	Caniformia
NCBITaxon:34883	NCBITaxon:40674	9	class	Mammalia
NCBITaxon:34883	NCBITaxon:6072	22	clade	Eumetazoa
NCBITaxon:34883	NCBITaxon:7711	19	phylum	Chordata
NCBITaxon:34883	NCBITaxon:7742	17	clade	Vertebrata
NCBITaxon:34883	NCBITaxon:7776	16	clade	Gnathostomata
NCBITaxon:34883	NCBITaxon:8287	13	superclass	Sarcopterygii
NCBITaxon:34883	NCBITaxon:89593	18	subphylum	Craniata
NCBITaxon:34883	NCBITaxon:9347	7	clade	Eutheria
NCBITaxon:34883	NCBITaxon:9702	1	family	Otariidae
NCBITaxon:34884	NCBITaxon:117570	16	clade	Teleostomi
NCBITaxon:34884	NCBITaxon:117571	15	clade	Euteleostomi
NCBITaxon:34884	NCBITaxon:131567	27	cellular root	cellular organisms
NCBITaxon:34884	NCBITaxon:1338369	13	clade	Dipnotetrapodomorpha
NCBITaxon:34884	NCBITaxon:1437010	7	clade	Boreoeutheria
NCBITaxon:34884	NCBITaxon:2759	26	domain	Eukaryota
NCBITaxon:34884	NCBITaxon:3072905	3	clade	Pinnipedia
NCBITaxon:34884	NCBITaxon:314145	6	superorder	Laurasiatheria
NCBITaxon:34884	NCBITaxon:32523	12	clade	Tetrapoda
NCBITaxon:34884	NCBITaxon:32524	11	clade	Amniota
NCBITaxon:34884	NCBITaxon:32525	9	clade	Theria
NCBITaxon:34884	NCBITaxon:33154	25	clade	Opisthokonta
NCBITaxon:34884	NCBITaxon:33208	24	kingdom	Metazoa
NCBITaxon:34884	NCBITaxon:33213	22	clade	Bilateria
NCBITaxon:34884	NCBITaxon:33511	21	clade	Deuterostomia
NCBITaxon:34884	NCBITaxon:33554	5	order	Carnivora
NCBITaxon:34884	NCBITaxon:34883	1	genus	Callorhinus
NCBITaxon:34884	NCBITaxon:34884	0	species	Callorhinus ursinus
NCBITaxon:34884	NCBITaxon:379584	4	suborder	Caniformia
NCBITaxon:34884	NCBITaxon:40674	10	class	Mammalia
NCBITaxon:34884	NCBITaxon:6072	23	clade	Eumetazoa
NCBITaxon:34884	NCBITaxon:7711	20	phylum	Chordata
NCBITaxon:34884	NCBITaxon:7742	18	clade	Vertebrata
NCBITaxon:34884	NCBITaxon:7776	17	clade	Gnathostomata
NCBITaxon:34884	NCBITaxon:8287	14	superclass	Sarcopterygii
NCBITaxon:34884	NCBITaxon:89593	19	subphylum	Craniata
NCBITaxon:34884	NCBITaxon:9347	8	clade	Eutheria
NCBITaxon:34884	NCBITaxon:9702	2	family	Otariidae
NCBITaxon:34885	NCBITaxon:117570	15	clade	Teleostomi
NCBITaxon:34885	NCBITaxon:117571	14	clade	Euteleostomi
NCBITaxon:34885	NCBITaxon:131567	26	cellular root	cellular organisms
NCBITaxon:34885	NCBITaxon:1338369	12	clade	Dipnotetrapodomorpha
NCBITaxon:34885	NCBITaxon:1437010	6	clade	Boreoeutheria
NCBITaxon:34885	NCBITaxon:2759	25	domain	Eukaryota
NCBITaxon:34885	NCBITaxon:3072905	2	clade	Pinnipedia
NCBITaxon:34885	NCBITaxon:314145	5	superorder	Laurasiatheria
NCBITaxon:34885	NCBITaxon:32523	11	clade	Tetrapoda
NCBITaxon:34885	NCBITaxon:32524	10	clade	Amniota
NCBITaxon:34885	NCBITaxon:32525	8	clade	Theria
NCBITaxon:34885	NCBITaxon:33154	24	clade	Opisthokonta
NCBITaxon:34885	NCBITaxon:33208	23	kingdom	Metazoa
NCBITaxon:34885	NCBITaxon:33213	21	clade	Bilateria
NCBITaxon:34885	NCBITaxon:33511	20	clade	Deuterostomia
NCBITaxon:34885	NCBITaxon:33554	4	order	Carnivora
NCBITaxon:34885	NCBITaxon:34885	0	genus	Eumetopias
NCBITaxon:34885	NCBITaxon:379584	3	suborder	Caniformia
NCBITaxon:34885	NCBITaxon:40674	9	class	Mammalia
NCBITaxon:34885	NCBITaxon:6072	22	clade	Eumetazoa
NCBITaxon:34885	NCBITaxon:7711	19	phylum	Chordata
NCBITaxon:34885	NCBITaxon:7742	17	clade	Vertebrata
NCBITaxon:34885	NCBITaxon:7776	16	clade	Gnathostomata
NCBITaxon:34885	NCBITaxon:8287	13	superclass	Sarcopterygii
NCBITaxon:34885	NCBITaxon:89593	18	subphylum	Craniata
NCBITaxon:34885	NCBITaxon:9347	7	clade	Eutheria
NCBITaxon:34885	NCBITaxon:9702	1	family	Otariidae
NCBITaxon:34886	NCBITaxon:117570	16	clade	Teleostomi
NCBITaxon:34886	NCBITaxon:117571	15	clade	Euteleostomi
NCBITaxon:34886	NCBITaxon:131567	27	cellular root	cellular organisms
NCBITaxon:34886	NCBITaxon:1338369	13	clade	Dipnotetrapodomorpha
NCBITaxon:34886	NCBITaxon:1437010	7	clade	Boreoeutheria
NCBITaxon:34886	NCBITaxon:2759	26	domain	Eukaryota
NCBITaxon:34886	NCBITaxon:3072905	3	clade	Pinnipedia
NCBITaxon:34886	NCBITaxon:314145	6	superorder	Laurasiatheria
NCBITaxon:34886	NCBITaxon:32523	12	clade	Tetrapoda
NCBITaxon:34886	NCBITaxon:32524	11	clade	Amniota
NCBITaxon:34886	NCBITaxon:32525	9	clade	Theria
NCBITaxon:34886	NCBITaxon:33154	25	clade	Opisthokonta
NCBITaxon:34886	NCBITaxon:33208	24	kingdom	Metazoa
NCBITaxon:34886	NCBITaxon:33213	22	clade	Bilateria
NCBITaxon:34886	NCBITaxon:33511	21	clade	Deuterostomia
NCBITaxon:34886	NCBITaxon:33554	5	order	Carnivora
NCBITaxon:34886	NCBITaxon:34885	1	genus	Eumetopias
NCBITaxon:34886	NCBITaxon:34886	0	species	Eumetopias jubatus
NCBITaxon:34886	NCBITaxon:379584	4	suborder	Caniformia
NCBITaxon:34886	NCBITaxon:40674	10	class	Mammalia
NCBITaxon:34886	NCBITaxon:6072	23	clade	Eumetazoa
NCBITaxon:34886	NCBITaxon:7711	20	phylum	Chordata
NCBITaxon:34886	NCBITaxon:7742	18	clade	Vertebrata
NCBITaxon:34886	NCBITaxon:7776	17	clade	Gnathostomata
NCBITaxon:34886	NCBITaxon:8287	14	superclass	Sarcopterygii
NCBITaxon:34886	NCBITaxon:89593	19	subphylum	Craniata
NCBITaxon:34886	NCBITaxon:9347	8	clade	Eutheria
NCBITaxon:34886	NCBITaxon:9702	2	family	Otariidae
NCBITaxon:379584	NCBITaxon:117570	12	clade	Teleostomi
NCBITaxon:379584	NCBITaxon:117571	11	clade	Euteleostomi
NCBITaxon:379584	NCBITaxon:131567	23	cellular root	cellular organisms
NCBITaxon:379584	NCBITaxon:1338369	9	clade	Dipnotetrapodomorpha
NCBITaxon:379584	NCBITaxon:1437010	3	clade	Boreoeutheria
NCBITaxon:379584	NCBITaxon:2759	22	domain	Eukaryota
NCBITaxon:379584	NCBITaxon:314145	2	superorder	Laurasiatheria
NCBITaxon:379584	NCBITaxon:32523	8	clade	Tetrapoda
NCBITaxon:379584	NCBITaxon:32524	7	clade	Amniota
NCBITaxon:379584	NCBITaxon:32525	5	clade	Theria
NCBITaxon:379584	NCBITaxon:33154	21	clade	Opisthokonta
NCBITaxon:379584	NCBITaxon:33208	20	kingdom	Metazoa
NCBITaxon:379584	NCBITaxon:33213	18	clade	Bilateria
NCBITaxon:379584	NCBITaxon:33511	17	clade	Deuterostomia
NCBITaxon:379584	NCBITaxon:33554	1	order	Carnivora
NCBITaxon:379584	NCBITaxon:379584	0	suborder	Caniformia
NCBITaxon:379584	NCBITaxon:40674	6	class	Mammalia
NCBITaxon:379584	NCBITaxon:6072	19	clade	Eumetazoa
NCBITaxon:379584	NCBITaxon:7711	16	phylum	Chordata
NCBITaxon:379584	NCBITaxon:7742	14	clade	Vertebrata
NCBITaxon:379584	NCBITaxon:7776	13	clade	Gnathostomata
NCBITaxon:379584	NCBITaxon:8287	10	superclass	Sarcopterygii
NCBITaxon:379584	NCBITaxon:89593	15	subphylum	Craniata
NCBITaxon:379584	NCBITaxon:9347	4	clade	Eutheria
NCBITaxon:3814641	NCBITaxon:117570	16	clade	Teleostomi
NCBITaxon:3814641	NCBITaxon:117571	15	clade	Euteleostomi
NCBITaxon:3814641	NCBITaxon:131567	27	cellular root	cellular organisms
NCBITaxon:3814641	NCBITaxon:1338369	13	clade	Dipnotetrapodomorpha
NCBITaxon:3814641	NCBITaxon:1437010	7	clade	Boreoeutheria
NCBITaxon:3814641	NCBITaxon:2653789	4	suborder	Whippomorpha
NCBITaxon:3814641	NCBITaxon:2759	26	domain	Eukaryota
NCBITaxon:3814641	NCBITaxon:314145	6	superorder	Laurasiatheria
NCBITaxon:3814641	NCBITaxon:32523	12	clade	Tetrapoda
NCBITaxon:3814641	NCBITaxon:32524	11	clade	Amniota
NCBITaxon:3814641	NCBITaxon:32525	9	clade	Theria
NCBITaxon:3814641	NCBITaxon:33154	25	clade	Opisthokonta
NCBITaxon:3814641	NCBITaxon:33208	24	kingdom	Metazoa
NCBITaxon:3814641	NCBITaxon:33213	22	clade	Bilateria
NCBITaxon:3814641	NCBITaxon:33511	21	clade	Deuterostomia
NCBITaxon:3814641	NCBITaxon:3814641	0	genus	Aethalodelphis
NCBITaxon:3814641	NCBITaxon:40674	10	class	Mammalia
NCBITaxon:3814641	NCBITaxon:6072	23	clade	Eumetazoa
NCBITaxon:3814641	NCBITaxon:7711	20	phylum	Chordata
NCBITaxon:3814641	NCBITaxon:7742	18	clade	Vertebrata
NCBITaxon:3814641	NCBITaxon:7776	17	clade	Gnathostomata
NCBITaxon:3814641	NCBITaxon:8287	14	superclass	Sarcopterygii
NCBITaxon:3814641	NCBITaxon:89593	19	subphylum	Craniata
NCBITaxon:3814641	NCBITaxon:91561	5	order	Artiodactyla
NCBITaxon:3814641	NCBITaxon:9347	8	clade	Eutheria
NCBITaxon:3814641	NCBITaxon:9721	3	infraorder	Cetacea
NCBITaxon:3814641	NCBITaxon:9722	2	parvorder	Odontoceti
NCBITaxon:3814641	NCBITaxon:9726	1	family	Delphinidae
NCBITaxon:38241	NCBITaxon:117570	17	clade	Teleostomi
NCBITaxon:38241	NCBITaxon:117571	16	clade	Euteleostomi
NCBITaxon:38241	NCBITaxon:131567	28	cellular root	cellular organisms
NCBITaxon:38241	NCBITaxon:1338369	14	clade	Dipnotetrapodomorpha
NCBITaxon:38241	NCBITaxon:1437010	8	clade	Boreoeutheria
NCBITaxon:38241	NCBITaxon:2653789	5	suborder	Whippomorpha
NCBITaxon:38241	NCBITaxon:2759	27	domain	Eukaryota
NCBITaxon:38241	NCBITaxon:314145	7	superorder	Laurasiatheria
NCBITaxon:38241	NCBITaxon:32523	13	clade	Tetrapoda
NCBITaxon:38241	NCBITaxon:32524	12	clade	Amniota
NCBITaxon:38241	NCBITaxon:32525	10	clade	Theria
NCBITaxon:38241	NCBITaxon:33154	26	clade	Opisthokonta
NCBITaxon:38241	NCBITaxon:33208	25	kingdom	Metazoa
NCBITaxon:38241	NCBITaxon:33213	23	clade	Bilateria
NCBITaxon:38241	NCBITaxon:33511	22	clade	Deuterostomia
NCBITaxon:38241	NCBITaxon:38241	0	species	Globicephala macrorhynchus
NCBITaxon:38241	NCBITaxon:40674	11	class	Mammalia
NCBITaxon:38241	NCBITaxon:6072	24	clade	Eumetazoa
NCBITaxon:38241	NCBITaxon:7711	21	phylum	Chordata
NCBITaxon:38241	NCBITaxon:7742	19	clade	Vertebrata
NCBITaxon:38241	NCBITaxon:7776	18	clade	Gnathostomata
NCBITaxon:38241	NCBITaxon:8287	15	superclass	Sarcopterygii
NCBITaxon:38241	NCBITaxon:89593	20	subphylum	Craniata
NCBITaxon:38241	NCBITaxon:91561	6	order	Artiodactyla
NCBITaxon:38241	NCBITaxon:9347	9	clade	Eutheria
NCBITaxon:38241	NCBITaxon:9721	4	infraorder	Cetacea
NCBITaxon:38241	NCBITaxon:9722	3	parvorder	Odontoceti
NCBITaxon:38241	NCBITaxon:9726	2	family	Delphinidae
NCBITaxon:38241	NCBITaxon:9729	1	genus	Globicephala
NCBITaxon:40674	NCBITaxon:117570	6	clade	Teleostomi
NCBITaxon:40674	NCBITaxon:117571	5	clade	Euteleostomi
NCBITaxon:40674	NCBITaxon:131567	17	cellular root	cellular organisms
NCBITaxon:40674	NCBITaxon:1338369	3	clade	Dipnotetrapodomorpha
NCBITaxon:40674	NCBITaxon:2759	16	domain	Eukaryota
NCBITaxon:40674	NCBITaxon:32523	2	clade	Tetrapoda
NCBITaxon:40674	NCBITaxon:32524	1	clade	Amniota
NCBITaxon:40674	NCBITaxon:33154	15	clade	Opisthokonta
NCBITaxon:40674	NCBITaxon:33208	14	kingdom	Metazoa
NCBITaxon:40674	NCBITaxon:33213	12	clade	Bilateria
NCBITaxon:40674	NCBITaxon:33511	11	clade	Deuterostomia
NCBITaxon:40674	NCBITaxon:40674	0	class	Mammalia
NCBITaxon:40674	NCBITaxon:6072	13	clade	Eumetazoa
NCBITaxon:40674	NCBITaxon:7711	10	phylum	Chordata
NCBITaxon:40674	NCBITaxon:7742	8	clade	Vertebrata
NCBITaxon:40674	NCBITaxon:7776	7	clade	Gnathostomata
NCBITaxon:40674	NCBITaxon:8287	4	superclass	Sarcopterygii
NCBITaxon:40674	NCBITaxon:89593	9	subphylum	Craniata
NCBITaxon:436486	NCBITaxon:117570	10	clade	Teleostomi
NCBITaxon:436486	NCBITaxon:117571	9	clade	Euteleostomi
NCBITaxon:436486	NCBITaxon:131567	21	cellular root	cellular organisms
NCBITaxon:436486	NCBITaxon:1329799	2	clade	Archelosauria
NCBITaxon:436486	NCBITaxon:1338369	7	clade	Dipnotetrapodomorpha
NCBITaxon:436486	NCBITaxon:2759	20	domain	Eukaryota
NCBITaxon:436486	NCBITaxon:32523	6	clade	Tetrapoda
NCBITaxon:436486	NCBITaxon:32524	5	clade	Amniota
NCBITaxon:436486	NCBITaxon:32561	3	clade	Sauria
NCBITaxon:436486	NCBITaxon:33154	19	clade	Opisthokonta
NCBITaxon:436486	NCBITaxon:33208	18	kingdom	Metazoa
NCBITaxon:436486	NCBITaxon:33213	16	clade	Bilateria
NCBITaxon:436486	NCBITaxon:33511	15	clade	Deuterostomia
NCBITaxon:436486	NCBITaxon:436486	0	clade	Dinosauria
NCBITaxon:436486	NCBITaxon:6072	17	clade	Eumetazoa
NCBITaxon:436486	NCBITaxon:7711	14	phylum	Chordata
NCBITaxon:436486	NCBITaxon:7742	12	clade	Vertebrata
NCBITaxon:436486	NCBITaxon:7776	11	clade	Gnathostomata
NCBITaxon:436486	NCBITaxon:8287	8	superclass	Sarcopterygii
NCBITaxon:436486	NCBITaxon:8457	4	clade	Sauropsida
NCBITaxon:436486	NCBITaxon:8492	1	clade	Archosauria
NCBITaxon:436486	NCBITaxon:89593	13	subphylum	Craniata
NCBITaxon:436489	NCBITaxon:117570	11	clade	Teleostomi
NCBITaxon:436489	NCBITaxon:117571	10	clade	Euteleostomi
NCBITaxon:436489	NCBITaxon:131567	22	cellular root	cellular organisms
NCBITaxon:436489	NCBITaxon:1329799	3	clade	Archelosauria
NCBITaxon:436489	NCBITaxon:1338369	8	clade	Dipnotetrapodomorpha
NCBITaxon:436489	NCBITaxon:2759	21	domain	Eukaryota
NCBITaxon:436489	NCBITaxon:32523	7	clade	Tetrapoda
NCBITaxon:436489	NCBITaxon:32524	6	clade	Amniota
NCBITaxon:436489	NCBITaxon:32561	4	clade	Sauria
NCBITaxon:436489	NCBITaxon:33154	20	clade	Opisthokonta
NCBITaxon:436489	NCBITaxon:33208	19	kingdom	Metazoa
NCBITaxon:436489	NCBITaxon:33213	17	clade	Bilateria
NCBITaxon:436489	NCBITaxon:33511	16	clade	Deuterostomia
NCBITaxon:436489	NCBITaxon:436486	1	clade	Dinosauria
NCBITaxon:436489	NCBITaxon:436489	0	clade	Saurischia
NCBITaxon:436489	NCBITaxon:6072	18	clade	Eumetazoa
NCBITaxon:436489	NCBITaxon:7711	15	phylum	Chordata
NCBITaxon:436489	NCBITaxon:7742	13	clade	Vertebrata
NCBITaxon:436489	NCBITaxon:7776	12	clade	Gnathostomata
NCBITaxon:436489	NCBITaxon:8287	9	superclass	Sarcopterygii
NCBITaxon:436489	NCBITaxon:8457	5	clade	Sauropsida
NCBITaxon:436489	NCBITaxon:8492	2	clade	Archosauria
NCBITaxon:436489	NCBITaxon:89593	14	subphylum	Craniata
NCBITaxon:436491	NCBITaxon:117570	12	clade	Teleostomi
NCBITaxon:436491	NCBITaxon:117571	11	clade	Euteleostomi
NCBITaxon:436491	NCBITaxon:131567	23	cellular root	cellular organisms
NCBITaxon:436491	NCBITaxon:1329799	4	clade	Archelosauria
NCBITaxon:436491	NCBITaxon:1338369	9	clade	Dipnotetrapodomorpha
NCBITaxon:436491	NCBITaxon:2759	22	domain	Eukaryota
NCBITaxon:436491	NCBITaxon:32523	8	clade	Tetrapoda
NCBITaxon:436491	NCBITaxon:32524	7	clade	Amniota
NCBITaxon:436491	NCBITaxon:32561	5	clade	Sauria
NCBITaxon:436491	NCBITaxon:33154	21	clade	Opisthokonta
NCBITaxon:436491	NCBITaxon:33208	20	kingdom	Metazoa
NCBITaxon:436491	NCBITaxon:33213	18	clade	Bilateria
NCBITaxon:436491	NCBITaxon:33511	17	clade	Deuterostomia
NCBITaxon:436491	NCBITaxon:436486	2	clade	Dinosauria
NCBITaxon:436491	NCBITaxon:436489	1	clade	Saurischia
NCBITaxon:436491	NCBITaxon:436491	0	clade	Theropoda
NCBITaxon:436491	NCBITaxon:6072	19	clade	Eumetazoa
NCBITaxon:436491	NCBITaxon:7711	16	phylum	Chordata
NCBITaxon:436491	NCBITaxon:7742	14	clade	Vertebrata
NCBITaxon:436491	NCBITaxon:7776	13	clade	Gnathostomata
NCBITaxon:436491	NCBITaxon:8287	10	superclass	Sarcopterygii
NCBITaxon:436491	NCBITaxon:8457	6	clade	Sauropsida
NCBITaxon:436491	NCBITaxon:8492	3	clade	Archosauria
NCBITaxon:436491	NCBITaxon:89593	15	subphylum	Craniata
NCBITaxon:436492	NCBITaxon:117570	13	clade	Teleostomi
NCBITaxon:436492	NCBITaxon:117571	12	clade	Euteleostomi
NCBITaxon:436492	NCBITaxon:131567	24	cellular root	cellular organisms
NCBITaxon:436492	NCBITaxon:1329799	5	clade	Archelosauria
NCBITaxon:436492	NCBITaxon:1338369	10	clade	Dipnotetrapodomorpha
NCBITaxon:436492	NCBITaxon:2759	23	domain	Eukaryota
NCBITaxon:436492	NCBITaxon:32523	9	clade	Tetrapoda
NCBITaxon:436492	NCBITaxon:32524	8	clade	Amniota
NCBITaxon:436492	NCBITaxon:32561	6	clade	Sauria
NCBITaxon:436492	NCBITaxon:33154	22	clade	Opisthokonta
NCBITaxon:436492	NCBITaxon:33208	21	kingdom	Metazoa
NCBITaxon:436492	NCBITaxon:33213	19	clade	Bilateria
NCBITaxon:436492	NCBITaxon:33511	18	clade	Deuterostomia
NCBITaxon:436492	NCBITaxon:436486	3	clade	Dinosauria
NCBITaxon:436492	NCBITaxon:436489	2	clade	Saurischia
NCBITaxon:436492	NCBITaxon:436491	1	clade	Theropoda
NCBITaxon:436492	NCBITaxon:436492	0	clade	Coelurosauria
NCBITaxon:436492	NCBITaxon:6072	20	clade	Eumetazoa
NCBITaxon:436492	NCBITaxon:7711	17	phylum	Chordata
NCBITaxon:436492	NCBITaxon:7742	15	clade	Vertebrata
NCBITaxon:436492	NCBITaxon:7776	14	clade	Gnathostomata
NCBITaxon:436492	NCBITaxon:8287	11	superclass	Sarcopterygii
NCBITaxon:436492	NCBITaxon:8457	7	clade	Sauropsida
NCBITaxon:436492	NCBITaxon:8492	4	clade	Archosauria
NCBITaxon:436492	NCBITaxon:89593	16	subphylum	Craniata
NCBITaxon:48741	NCBITaxon:117570	16	clade	Teleostomi
NCBITaxon:48741	NCBITaxon:117571	15	clade	Euteleostomi
NCBITaxon:48741	NCBITaxon:131567	27	cellular root	cellular organisms
NCBITaxon:48741	NCBITaxon:1338369	13	clade	Dipnotetrapodomorpha
NCBITaxon:48741	NCBITaxon:1437010	7	clade	Boreoeutheria
NCBITaxon:48741	NCBITaxon:2653789	4	suborder	Whippomorpha
NCBITaxon:48741	NCBITaxon:2759	26	domain	Eukaryota
NCBITaxon:48741	NCBITaxon:314145	6	superorder	Laurasiatheria
NCBITaxon:48741	NCBITaxon:32523	12	clade	Tetrapoda
NCBITaxon:48741	NCBITaxon:32524	11	clade	Amniota
NCBITaxon:48741	NCBITaxon:32525	9	clade	Theria
NCBITaxon:48741	NCBITaxon:33154	25	clade	Opisthokonta
NCBITaxon:48741	NCBITaxon:33208	24	kingdom	Metazoa
NCBITaxon:48741	NCBITaxon:33213	22	clade	Bilateria
NCBITaxon:48741	NCBITaxon:33511	21	clade	Deuterostomia
NCBITaxon:48741	NCBITaxon:40674	10	class	Mammalia
NCBITaxon:48741	NCBITaxon:48741	0	genus	Berardius
NCBITaxon:48741	NCBITaxon:6072	23	clade	Eumetazoa
NCBITaxon:48741	NCBITaxon:7711	20	phylum	Chordata
NCBITaxon:48741	NCBITaxon:7742	18	clade	Vertebrata
NCBITaxon:48741	NCBITaxon:7776	17	clade	Gnathostomata
NCBITaxon:48741	NCBITaxon:8287	14	superclass	Sarcopterygii
NCBITaxon:48741	NCBITaxon:89593	19	subphylum	Craniata
NCBITaxon:48741	NCBITaxon:91561	5	order	Artiodactyla
NCBITaxon:48741	NCBITaxon:9347	8	clade	Eutheria
NCBITaxon:48741	NCBITaxon:9721	3	infraorder	Cetacea
NCBITaxon:48741	NCBITaxon:9722	2	parvorder	Odontoceti
NCBITaxon:48741	NCBITaxon:9756	1	family	Ziphiidae
NCBITaxon:48742	NCBITaxon:117570	17	clade	Teleostomi
NCBITaxon:48742	NCBITaxon:117571	16	clade	Euteleostomi
NCBITaxon:48742	NCBITaxon:131567	28	cellular root	cellular organisms
NCBITaxon:48742	NCBITaxon:1338369	14	clade	Dipnotetrapodomorpha
NCBITaxon:48742	NCBITaxon:1437010	8	clade	Boreoeutheria
NCBITaxon:48742	NCBITaxon:2653789	5	suborder	Whippomorpha
NCBITaxon:48742	NCBITaxon:2759	27	domain	Eukaryota
NCBITaxon:48742	NCBITaxon:314145	7	superorder	Laurasiatheria
NCBITaxon:48742	NCBITaxon:32523	13	clade	Tetrapoda
NCBITaxon:48742	NCBITaxon:32524	12	clade	Amniota
NCBITaxon:48742	NCBITaxon:32525	10	clade	Theria
NCBITaxon:48742	NCBITaxon:33154	26	clade	Opisthokonta
NCBITaxon:48742	NCBITaxon:33208	25	kingdom	Metazoa
NCBITaxon:48742	NCBITaxon:33213	23	clade	Bilateria
NCBITaxon:48742	NCBITaxon:33511	22	clade	Deuterostomia
NCBITaxon:48742	NCBITaxon:40674	11	class	Mammalia
NCBITaxon:48742	NCBITaxon:48741	1	genus	Berardius
NCBITaxon:48742	NCBITaxon:48742	0	species	Berardius bairdii
NCBITaxon:48742	NCBITaxon:6072	24	clade	Eumetazoa
NCBITaxon:48742	NCBITaxon:7711	21	phylum	Chordata
NCBITaxon:48742	NCBITaxon:7742	19	clade	Vertebrata
NCBITaxon:48742	NCBITaxon:7776	18	clade	Gnathostomata
NCBITaxon:48742	NCBITaxon:8287	15	superclass	Sarcopterygii
NCBITaxon:48742	NCBITaxon:89593	20	subphylum	Craniata
NCBITaxon:48742	NCBITaxon:91561	6	order	Artiodactyla
NCBITaxon:48742	NCBITaxon:9347	9	clade	Eutheria
NCBITaxon:48742	NCBITaxon:9721	4	infraorder	Cetacea
NCBITaxon:48742	NCBITaxon:9722	3	parvorder	Odontoceti
NCBITaxon:48742	NCBITaxon:9756	2	family	Ziphiidae
NCBITaxon:48743	NCBITaxon:117570	16	clade	Teleostomi
NCBITaxon:48743	NCBITaxon:117571	15	clade	Euteleostomi
NCBITaxon:48743	NCBITaxon:131567	27	cellular root	cellular organisms
NCBITaxon:48743	NCBITaxon:1338369	13	clade	Dipnotetrapodomorpha
NCBITaxon:48743	NCBITaxon:1437010	7	clade	Boreoeutheria
NCBITaxon:48743	NCBITaxon:2653789	4	suborder	Whippomorpha
NCBITaxon:48743	NCBITaxon:2759	26	domain	Eukaryota
NCBITaxon:48743	NCBITaxon:314145	6	superorder	Laurasiatheria
NCBITaxon:48743	NCBITaxon:32523	12	clade	Tetrapoda
NCBITaxon:48743	NCBITaxon:32524	11	clade	Amniota
NCBITaxon:48743	NCBITaxon:32525	9	clade	Theria
NCBITaxon:48743	NCBITaxon:33154	25	clade	Opisthokonta
NCBITaxon:48743	NCBITaxon:33208	24	kingdom	Metazoa
NCBITaxon:48743	NCBITaxon:33213	22	clade	Bilateria
NCBITaxon:48743	NCBITaxon:33511	21	clade	Deuterostomia
NCBITaxon:48743	NCBITaxon:40674	10	class	Mammalia
NCBITaxon:48743	NCBITaxon:48743	0	genus	Hyperoodon
NCBITaxon:48743	NCBITaxon:6072	23	clade	Eumetazoa
NCBITaxon:48743	NCBITaxon:7711	20	phylum	Chordata
NCBITaxon:48743	NCBITaxon:7742	18	clade	Vertebrata
NCBITaxon:48743	NCBITaxon:7776	17	clade	Gnathostomata
NCBITaxon:48743	NCBITaxon:8287	14	superclass	Sarcopterygii
NCBITaxon:48743	NCBITaxon:89593	19	subphylum	Craniata
NCBITaxon:48743	NCBITaxon:91561	5	order	Artiodactyla
NCBITaxon:48743	NCBITaxon:9347	8	clade	Eutheria
NCBITaxon:48743	NCBITaxon:9721	3	infraorder	Cetacea
NCBITaxon:48743	NCBITaxon:9722	2	parvorder	Odontoceti
NCBITaxon:48743	NCBITaxon:9756	1	family	Ziphiidae
NCBITaxon:48849	NCBITaxon:117570	23	clade	Teleostomi
NCBITaxon:48849	NCBITaxon:117571	22	clade	Euteleostomi
NCBITaxon:48849	NCBITaxon:131567	34	cellular root	cellular organisms
NCBITaxon:48849	NCBITaxon:1329799	15	clade	Archelosauria
NCBITaxon:48849	NCBITaxon:1338369	20	clade	Dipnotetrapodomorpha
NCBITaxon:48849	NCBITaxon:175121	3	superfamily	Passeroidea
NCBITaxon:48849	NCBITaxon:2759	33	domain	Eukaryota
NCBITaxon:48849	NCBITaxon:3073808	6	clade	Telluraves
NCBITaxon:48849	NCBITaxon:3073809	5	clade	Australaves
NCBITaxon:48849	NCBITaxon:3078114	7	clade	Neoaves
NCBITaxon:48849	NCBITaxon:32523	19	clade	Tetrapoda
NCBITaxon:48849	NCBITaxon:32524	18	clade	Amniota
NCBITaxon:48849	NCBITaxon:32561	16	clade	Sauria
NCBITaxon:48849	NCBITaxon:33154	32	clade	Opisthokonta
NCBITaxon:48849	NCBITaxon:33208	31	kingdom	Metazoa
NCBITaxon:48849	NCBITaxon:33213	29	clade	Bilateria
NCBITaxon:48849	NCBITaxon:33511	28	clade	Deuterostomia
NCBITaxon:48849	NCBITaxon:436486	13	clade	Dinosauria
NCBITaxon:48849	NCBITaxon:436489	12	clade	Saurischia
NCBITaxon:48849	NCBITaxon:436491	11	clade	Theropoda
NCBITaxon:48849	NCBITaxon:436492	10	clade	Coelurosauria
NCBITaxon:48849	NCBITaxon:48849	0	species	Passer domesticus
NCBITaxon:48849	NCBITaxon:6072	30	clade	Eumetazoa
NCBITaxon:48849	NCBITaxon:7711	27	phylum	Chordata
NCBITaxon:48849	NCBITaxon:7742	25	clade	Vertebrata
NCBITaxon:48849	NCBITaxon:7776	24	clade	Gnathostomata
NCBITaxon:48849	NCBITaxon:8287	21	superclass	Sarcopterygii
NCBITaxon:48849	NCBITaxon:8457	17	clade	Sauropsida
NCBITaxon:48849	NCBITaxon:8492	14	clade	Archosauria
NCBITaxon:48849	NCBITaxon:8782	9	class	Aves
NCBITaxon:48849	NCBITaxon:8825	8	infraclass	Neognathae
NCBITaxon:48849	NCBITaxon:89593	26	subphylum	Craniata
NCBITaxon:48849	NCBITaxon:9126	4	order	Passeriformes
NCBITaxon:48849	NCBITaxon:9158	2	family	Passeridae
NCBITaxon:48849	NCBITaxon:9159	1	genus	Passer
NCBITaxon:56260	NCBITaxon:117570	20	clade	Teleostomi
NCBITaxon:56260	NCBITaxon:117571	19	clade	Euteleostomi
NCBITaxon:56260	NCBITaxon:131567	31	cellular root	cellular organisms
NCBITaxon:56260	NCBITaxon:1329799	12	clade	Archelosauria
NCBITaxon:56260	NCBITaxon:1338369	17	clade	Dipnotetrapodomorpha
NCBITaxon:56260	NCBITaxon:2558200	1	order	Accipitriformes
NCBITaxon:56260	NCBITaxon:2759	30	domain	Eukaryota
NCBITaxon:56260	NCBITaxon:3073808	3	clade	Telluraves
NCBITaxon:56260	NCBITaxon:3073811	2	clade	Accipitrimorphae
NCBITaxon:56260	NCBITaxon:3078114	4	clade	Neoaves
NCBITaxon:56260	NCBITaxon:32523	16	clade	Tetrapoda
NCBITaxon:56260	NCBITaxon:32524	15	clade	Amniota
NCBITaxon:56260	NCBITaxon:32561	13	clade	Sauria
NCBITaxon:56260	NCBITaxon:33154	29	clade	Opisthokonta
NCBITaxon:56260	NCBITaxon:33208	28	kingdom	Metazoa
NCBITaxon:56260	NCBITaxon:33213	26	clade	Bilateria
NCBITaxon:56260	NCBITaxon:33511	25	clade	Deuterostomia
NCBITaxon:56260	NCBITaxon:436486	10	clade	Dinosauria
NCBITaxon:56260	NCBITaxon:436489	9	clade	Saurischia
NCBITaxon:56260	NCBITaxon:436491	8	clade	Theropoda
NCBITaxon:56260	NCBITaxon:436492	7	clade	Coelurosauria
NCBITaxon:56260	NCBITaxon:56260	0	family	Pandionidae
NCBITaxon:56260	NCBITaxon:6072	27	clade	Eumetazoa
NCBITaxon:56260	NCBITaxon:7711	24	phylum	Chordata
NCBITaxon:56260	NCBITaxon:7742	22	clade	Vertebrata
NCBITaxon:56260	NCBITaxon:7776	21	clade	Gnathostomata
NCBITaxon:56260	NCBITaxon:8287	18	superclass	Sarcopterygii
NCBITaxon:56260	NCBITaxon:8457	14	clade	Sauropsida
NCBITaxon:56260	NCBITaxon:8492	11	clade	Archosauria
NCBITaxon:56260	NCBITaxon:8782	6	class	Aves
NCBITaxon:56260	NCBITaxon:8825	5	infraclass	Neognathae
NCBITaxon:56260	NCBITaxon:89593	23	subphylum	Craniata
NCBITaxon:56261	NCBITaxon:117570	21	clade	Teleostomi
NCBITaxon:56261	NCBITaxon:117571	20	clade	Euteleostomi
NCBITaxon:56261	NCBITaxon:131567	32	cellular root	cellular organisms
NCBITaxon:56261	NCBITaxon:1329799	13	clade	Archelosauria
NCBITaxon:56261	NCBITaxon:1338369	18	clade	Dipnotetrapodomorpha
NCBITaxon:56261	NCBITaxon:2558200	2	order	Accipitriformes
NCBITaxon:56261	NCBITaxon:2759	31	domain	Eukaryota
NCBITaxon:56261	NCBITaxon:3073808	4	clade	Telluraves
NCBITaxon:56261	NCBITaxon:3073811	3	clade	Accipitrimorphae
NCBITaxon:56261	NCBITaxon:3078114	5	clade	Neoaves
NCBITaxon:56261	NCBITaxon:32523	17	clade	Tetrapoda
NCBITaxon:56261	NCBITaxon:32524	16	clade	Amniota
NCBITaxon:56261	NCBITaxon:32561	14	clade	Sauria
NCBITaxon:56261	NCBITaxon:33154	30	clade	Opisthokonta
NCBITaxon:56261	NCBITaxon:33208	29	kingdom	Metazoa
NCBITaxon:56261	NCBITaxon:33213	27	clade	Bilateria
NCBITaxon:56261	NCBITaxon:33511	26	clade	Deuterostomia
NCBITaxon:56261	NCBITaxon:436486	11	clade	Dinosauria
NCBITaxon:56261	NCBITaxon:436489	10	clade	Saurischia
NCBITaxon:56261	NCBITaxon:436491	9	clade	Theropoda
NCBITaxon:56261	NCBITaxon:436492	8	clade	Coelurosauria
NCBITaxon:56261	NCBITaxon:56260	1	family	Pandionidae
NCBITaxon:56261	NCBITaxon:56261	0	genus	Pandion
NCBITaxon:56261	NCBITaxon:6072	28	clade	Eumetazoa
NCBITaxon:56261	NCBITaxon:7711	25	phylum	Chordata
NCBITaxon:56261	NCBITaxon:7742	23	clade	Vertebrata
NCBITaxon:56261	NCBITaxon:7776	22	clade	Gnathostomata
NCBITaxon:56261	NCBITaxon:8287	19	superclass	Sarcopterygii
NCBITaxon:56261	NCBITaxon:8457	15	clade	Sauropsida
NCBITaxon:56261	NCBITaxon:8492	12	clade	Archosauria
NCBITaxon:56261	NCBITaxon:8782	7	class	Aves
NCBITaxon:56261	NCBITaxon:8825	6	infraclass	Neognathae
NCBITaxon:56261	NCBITaxon:89593	24	subphylum	Craniata
NCBITaxon:56262	NCBITaxon:117570	22	clade	Teleostomi
NCBITaxon:56262	NCBITaxon:117571	21	clade	Euteleostomi
NCBITaxon:56262	NCBITaxon:131567	33	cellular root	cellular organisms
NCBITaxon:56262	NCBITaxon:1329799	14	clade	Archelosauria
NCBITaxon:56262	NCBITaxon:1338369	19	clade	Dipnotetrapodomorpha
NCBITaxon:56262	NCBITaxon:2558200	3	order	Accipitriformes
NCBITaxon:56262	NCBITaxon:2759	32	domain	Eukaryota
NCBITaxon:56262	NCBITaxon:3073808	5	clade	Telluraves
NCBITaxon:56262	NCBITaxon:3073811	4	clade	Accipitrimorphae
NCBITaxon:56262	NCBITaxon:3078114	6	clade	Neoaves
NCBITaxon:56262	NCBITaxon:32523	18	clade	Tetrapoda
NCBITaxon:56262	NCBITaxon:32524	17	clade	Amniota
NCBITaxon:56262	NCBITaxon:32561	15	clade	Sauria
NCBITaxon:56262	NCBITaxon:33154	31	clade	Opisthokonta
NCBITaxon:56262	NCBITaxon:33208	30	kingdom	Metazoa
NCBITaxon:56262	NCBITaxon:33213	28	clade	Bilateria
NCBITaxon:56262	NCBITaxon:33511	27	clade	Deuterostomia
NCBITaxon:56262	NCBITaxon:436486	12	clade	Dinosauria
NCBITaxon:56262	NCBITaxon:436489	11	clade	Saurischia
NCBITaxon:56262	NCBITaxon:436491	10	clade	Theropoda
NCBITaxon:56262	NCBITaxon:436492	9	clade	Coelurosauria
NCBITaxon:56262	NCBITaxon:56260	2	family	Pandionidae
NCBITaxon:56262	NCBITaxon:56261	1	genus	Pandion
NCBITaxon:56262	NCBITaxon:56262	0	species	Pandion haliaetus
NCBITaxon:56262	NCBITaxon:6072	29	clade	Eumetazoa
NCBITaxon:56262	NCBITaxon:7711	26	phylum	Chordata
NCBITaxon:56262	NCBITaxon:7742	24	clade	Vertebrata
NCBITaxon:56262	NCBITaxon:7776	23	clade	Gnathostomata
NCBITaxon:56262	NCBITaxon:8287	20	superclass	Sarcopterygii
NCBITaxon:56262	NCBITaxon:8457	16	clade	Sauropsida
NCBITaxon:56262	NCBITaxon:8492	13	clade	Archosauria
NCBITaxon:56262	NCBITaxon:8782	8	class	Aves
NCBITaxon:56262	NCBITaxon:8825	7	infraclass	Neognathae
NCBITaxon:56262	NCBITaxon:89593	25	subphylum	Craniata
NCBITaxon:6072	NCBITaxon:131567	4	cellular root	cellular organisms
NCBITaxon:6072	NCBITaxon:2759	3	domain	Eukaryota
NCBITaxon:6072	NCBITaxon:33154	2	clade	Opisthokonta
NCBITaxon:6072	NCBITaxon:33208	1	kingdom	Metazoa
NCBITaxon:6072	NCBITaxon:6072	0	clade	Eumetazoa
NCBITaxon:71112	NCBITaxon:117570	16	clade	Teleostomi
NCBITaxon:71112	NCBITaxon:117571	15	clade	Euteleostomi
NCBITaxon:71112	NCBITaxon:131567	27	cellular root	cellular organisms
NCBITaxon:71112	NCBITaxon:1338369	13	clade	Dipnotetrapodomorpha
NCBITaxon:71112	NCBITaxon:1437010	7	clade	Boreoeutheria
NCBITaxon:71112	NCBITaxon:169417	1	subfamily	Lutrinae
NCBITaxon:71112	NCBITaxon:2759	26	domain	Eukaryota
NCBITaxon:71112	NCBITaxon:3072906	3	superfamily	Musteloidea
NCBITaxon:71112	NCBITaxon:314145	6	superorder	Laurasiatheria
NCBITaxon:71112	NCBITaxon:32523	12	clade	Tetrapoda
NCBITaxon:71112	NCBITaxon:32524	11	clade	Amniota
NCBITaxon:71112	NCBITaxon:32525	9	clade	Theria
NCBITaxon:71112	NCBITaxon:33154	25	clade	Opisthokonta
NCBITaxon:71112	NCBITaxon:33208	24	kingdom	Metazoa
NCBITaxon:71112	NCBITaxon:33213	22	clade	Bilateria
NCBITaxon:71112	NCBITaxon:33511	21	clade	Deuterostomia
NCBITaxon:71112	NCBITaxon:33554	5	order	Carnivora
NCBITaxon:71112	NCBITaxon:379584	4	suborder	Caniformia
NCBITaxon:71112	NCBITaxon:40674	10	class	Mammalia
NCBITaxon:71112	NCBITaxon:6072	23	clade	Eumetazoa
NCBITaxon:71112	NCBITaxon:71112	0	genus	Lontra
NCBITaxon:71112	NCBITaxon:7711	20	phylum	Chordata
NCBITaxon:71112	NCBITaxon:7742	18	clade	Vertebrata
NCBITaxon:71112	NCBITaxon:7776	17	clade	Gnathostomata
NCBITaxon:71112	NCBITaxon:8287	14	superclass	Sarcopterygii
NCBITaxon:71112	NCBITaxon:89593	19	subphylum	Craniata
NCBITaxon:71112	NCBITaxon:9347	8	clade	Eutheria
NCBITaxon:71112	NCBITaxon:9655	2	family	Mustelidae
NCBITaxon:76717	NCBITaxon:117570	17	clade	Teleostomi
NCBITaxon:76717	NCBITaxon:117571	16	clade	Euteleostomi
NCBITaxon:76717	NCBITaxon:131567	28	cellular root	cellular organisms
NCBITaxon:76717	NCBITaxon:1338369	14	clade	Dipnotetrapodomorpha
NCBITaxon:76717	NCBITaxon:1437010	8	clade	Boreoeutheria
NCBITaxon:76717	NCBITaxon:169417	2	subfamily	Lutrinae
NCBITaxon:76717	NCBITaxon:2759	27	domain	Eukaryota
NCBITaxon:76717	NCBITaxon:3072906	4	superfamily	Musteloidea
NCBITaxon:76717	NCBITaxon:314145	7	superorder	Laurasiatheria
NCBITaxon:76717	NCBITaxon:32523	13	clade	Tetrapoda
NCBITaxon:76717	NCBITaxon:32524	12	clade	Amniota
NCBITaxon:76717	NCBITaxon:32525	10	clade	Theria
NCBITaxon:76717	NCBITaxon:33154	26	clade	Opisthokonta
NCBITaxon:76717	NCBITaxon:33208	25	kingdom	Metazoa
NCBITaxon:76717	NCBITaxon:33213	23	clade	Bilateria
NCBITaxon:76717	NCBITaxon:33511	22	clade	Deuterostomia
NCBITaxon:76717	NCBITaxon:33554	6	order	Carnivora
NCBITaxon:76717	NCBITaxon:379584	5	suborder	Caniformia
NCBITaxon:76717	NCBITaxon:40674	11	class	Mammalia
NCBITaxon:76717	NCBITaxon:6072	24	clade	Eumetazoa
NCBITaxon:76717	NCBITaxon:71112	1	genus	Lontra
NCBITaxon:76717	NCBITaxon:76717	0	species	Lontra canadensis
NCBITaxon:76717	NCBITaxon:7711	21	phylum	Chordata
NCBITaxon:76717	NCBITaxon:7742	19	clade	Vertebrata
NCBITaxon:76717	NCBITaxon:7776	18	clade	Gnathostomata
NCBITaxon:76717	NCBITaxon:8287	15	superclass	Sarcopterygii
NCBITaxon:76717	NCBITaxon:89593	20	subphylum	Craniata
NCBITaxon:76717	NCBITaxon:9347	9	clade	Eutheria
NCBITaxon:76717	NCBITaxon:9655	3	family	Mustelidae
NCBITaxon:7711	NCBITaxon:131567	7	cellular root	cellular organisms
NCBITaxon:7711	NCBITaxon:2759	6	domain	Eukaryota
NCBITaxon:7711	NCBITaxon:33154	5	clade	Opisthokonta
NCBITaxon:7711	NCBITaxon:33208	4	kingdom	Metazoa
NCBITaxon:7711	NCBITaxon:33213	2	clade	Bilateria
NCBITaxon:7711	NCBITaxon:33511	1	clade	Deuterostomia
NCBITaxon:7711	NCBITaxon:6072	3	clade	Eumetazoa
NCBITaxon:7711	NCBITaxon:7711	0	phylum	Chordata
NCBITaxon:7742	NCBITaxon:131567	9	cellular root	cellular organisms
NCBITaxon:7742	NCBITaxon:2759	8	domain	Eukaryota
NCBITaxon:7742	NCBITaxon:33154	7	clade	Opisthokonta
NCBITaxon:7742	NCBITaxon:33208	6	kingdom	Metazoa
NCBITaxon:7742	NCBITaxon:33213	4	clade	Bilateria
NCBITaxon:7742	NCBITaxon:33511	3	clade	Deuterostomia
NCBITaxon:7742	NCBITaxon:6072	5	clade	Eumetazoa
NCBITaxon:7742	NCBITaxon:7711	2	phylum	Chordata
NCBITaxon:7742	NCBITaxon:7742	0	clade	Vertebrata
NCBITaxon:7742	NCBITaxon:89593	1	subphylum	Craniata
NCBITaxon:7776	NCBITaxon:131567	10	cellular root	cellular organisms
NCBITaxon:7776	NCBITaxon:2759	9	domain	Eukaryota
NCBITaxon:7776	NCBITaxon:33154	8	clade	Opisthokonta
NCBITaxon:7776	NCBITaxon:33208	7	kingdom	Metazoa
NCBITaxon:7776	NCBITaxon:33213	5	clade	Bilateria
NCBITaxon:7776	NCBITaxon:33511	4	clade	Deuterostomia
NCBITaxon:7776	NCBITaxon:6072	6	clade	Eumetazoa
NCBITaxon:7776	NCBITaxon:7711	3	phylum	Chordata
NCBITaxon:7776	NCBITaxon:7742	1	clade	Vertebrata
NCBITaxon:7776	NCBITaxon:7776	0	clade	Gnathostomata
NCBITaxon:7776	NCBITaxon:89593	2	subphylum	Craniata
NCBITaxon:8287	NCBITaxon:117570	2	clade	Teleostomi
NCBITaxon:8287	NCBITaxon:117571	1	clade	Euteleostomi
NCBITaxon:8287	NCBITaxon:131567	13	cellular root	cellular organisms
NCBITaxon:8287	NCBITaxon:2759	12	domain	Eukaryota
NCBITaxon:8287	NCBITaxon:33154	11	clade	Opisthokonta
NCBITaxon:8287	NCBITaxon:33208	10	kingdom	Metazoa
NCBITaxon:8287	NCBITaxon:33213	8	clade	Bilateria
NCBITaxon:8287	NCBITaxon:33511	7	clade	Deuterostomia
NCBITaxon:8287	NCBITaxon:6072	9	clade	Eumetazoa
NCBITaxon:8287	NCBITaxon:7711	6	phylum	Chordata
NCBITaxon:8287	NCBITaxon:7742	4	clade	Vertebrata
NCBITaxon:8287	NCBITaxon:7776	3	clade	Gnathostomata
NCBITaxon:8287	NCBITaxon:8287	0	superclass	Sarcopterygii
NCBITaxon:8287	NCBITaxon:89593	5	subphylum	Craniata
NCBITaxon:83652	NCBITaxon:117570	16	clade	Teleostomi
NCBITaxon:83652	NCBITaxon:117571	15	clade	Euteleostomi
NCBITaxon:83652	NCBITaxon:131567	27	cellular root	cellular organisms
NCBITaxon:83652	NCBITaxon:1338369	13	clade	Dipnotetrapodomorpha
NCBITaxon:83652	NCBITaxon:1437010	7	clade	Boreoeutheria
NCBITaxon:83652	NCBITaxon:2653789	4	suborder	Whippomorpha
NCBITaxon:83652	NCBITaxon:2759	26	domain	Eukaryota
NCBITaxon:83652	NCBITaxon:314145	6	superorder	Laurasiatheria
NCBITaxon:83652	NCBITaxon:32523	12	clade	Tetrapoda
NCBITaxon:83652	NCBITaxon:32524	11	clade	Amniota
NCBITaxon:83652	NCBITaxon:32525	9	clade	Theria
NCBITaxon:83652	NCBITaxon:33154	25	clade	Opisthokonta
NCBITaxon:83652	NCBITaxon:33208	24	kingdom	Metazoa
NCBITaxon:83652	NCBITaxon:33213	22	clade	Bilateria
NCBITaxon:83652	NCBITaxon:33511	21	clade	Deuterostomia
NCBITaxon:83652	NCBITaxon:40674	10	class	Mammalia
NCBITaxon:83652	NCBITaxon:6072	23	clade	Eumetazoa
NCBITaxon:83652	NCBITaxon:7711	20	phylum	Chordata
NCBITaxon:83652	NCBITaxon:7742	18	clade	Vertebrata
NCBITaxon:83652	NCBITaxon:7776	17	clade	Gnathostomata
NCBITaxon:83652	NCBITaxon:8287	14	superclass	Sarcopterygii
NCBITaxon:83652	NCBITaxon:83652	0	genus	Grampus
NCBITaxon:83652	NCBITaxon:89593	19	subphylum	Craniata
NCBITaxon:83652	NCBITaxon:91561	5	order	Artiodactyla
NCBITaxon:83652	NCBITaxon:9347	8	clade	Eutheria
NCBITaxon:83652	NCBITaxon:9721	3	infraorder	Cetacea
NCBITaxon:83652	NCBITaxon:9722	2	parvorder	Odontoceti
NCBITaxon:83652	NCBITaxon:9726	1	family	Delphinidae
NCBITaxon:83653	NCBITaxon:117570	17	clade	Teleostomi
NCBITaxon:83653	NCBITaxon:117571	16	clade	Euteleostomi
NCBITaxon:83653	NCBITaxon:131567	28	cellular root	cellular organisms
NCBITaxon:83653	NCBITaxon:1338369	14	clade	Dipnotetrapodomorpha
NCBITaxon:83653	NCBITaxon:1437010	8	clade	Boreoeutheria
NCBITaxon:83653	NCBITaxon:2653789	5	suborder	Whippomorpha
NCBITaxon:83653	NCBITaxon:2759	27	domain	Eukaryota
NCBITaxon:83653	NCBITaxon:314145	7	superorder	Laurasiatheria
NCBITaxon:83653	NCBITaxon:32523	13	clade	Tetrapoda
NCBITaxon:83653	NCBITaxon:32524	12	clade	Amniota
NCBITaxon:83653	NCBITaxon:32525	10	clade	Theria
NCBITaxon:83653	NCBITaxon:33154	26	clade	Opisthokonta
NCBITaxon:83653	NCBITaxon:33208	25	kingdom	Metazoa
NCBITaxon:83653	NCBITaxon:33213	23	clade	Bilateria
NCBITaxon:83653	NCBITaxon:33511	22	clade	Deuterostomia
NCBITaxon:83653	NCBITaxon:40674	11	class	Mammalia
NCBITaxon:83653	NCBITaxon:6072	24	clade	Eumetazoa
NCBITaxon:83653	NCBITaxon:7711	21	phylum	Chordata
NCBITaxon:83653	NCBITaxon:7742	19	clade	Vertebrata
NCBITaxon:83653	NCBITaxon:7776	18	clade	Gnathostomata
NCBITaxon:83653	NCBITaxon:8287	15	superclass	Sarcopterygii
NCBITaxon:83653	NCBITaxon:83652	1	genus	Grampus
NCBITaxon:83653	NCBITaxon:83653	0	species	Grampus griseus
NCBITaxon:83653	NCBITaxon:89593	20	subphylum	Craniata
NCBITaxon:83653	NCBITaxon:91561	6	order	Artiodactyla
NCBITaxon:83653	NCBITaxon:9347	9	clade	Eutheria
NCBITaxon:83653	NCBITaxon:9721	4	infraorder	Cetacea
NCBITaxon:83653	NCBITaxon:9722	3	parvorder	Odontoceti
NCBITaxon:83653	NCBITaxon:9726	2	family	Delphinidae
NCBITaxon:8457	NCBITaxon:117570	6	clade	Teleostomi
NCBITaxon:8457	NCBITaxon:117571	5	clade	Euteleostomi
NCBITaxon:8457	NCBITaxon:131567	17	cellular root	cellular organisms
NCBITaxon:8457	NCBITaxon:1338369	3	clade	Dipnotetrapodomorpha
NCBITaxon:8457	NCBITaxon:2759	16	domain	Eukaryota
NCBITaxon:8457	NCBITaxon:32523	2	clade	Tetrapoda
NCBITaxon:8457	NCBITaxon:32524	1	clade	Amniota
NCBITaxon:8457	NCBITaxon:33154	15	clade	Opisthokonta
NCBITaxon:8457	NCBITaxon:33208	14	kingdom	Metazoa
NCBITaxon:8457	NCBITaxon:33213	12	clade	Bilateria
NCBITaxon:8457	NCBITaxon:33511	11	clade	Deuterostomia
NCBITaxon:8457	NCBITaxon:6072	13	clade	Eumetazoa
NCBITaxon:8457	NCBITaxon:7711	10	phylum	Chordata
NCBITaxon:8457	NCBITaxon:7742	8	clade	Vertebrata
NCBITaxon:8457	NCBITaxon:7776	7	clade	Gnathostomata
NCBITaxon:8457	NCBITaxon:8287	4	superclass	Sarcopterygii
NCBITaxon:8457	NCBITaxon:8457	0	clade	Sauropsida
NCBITaxon:8457	NCBITaxon:89593	9	subphylum	Craniata
NCBITaxon:8492	NCBITaxon:117570	9	clade	Teleostomi
NCBITaxon:8492	NCBITaxon:117571	8	clade	Euteleostomi
NCBITaxon:8492	NCBITaxon:131567	20	cellular root	cellular organisms
NCBITaxon:8492	NCBITaxon:1329799	1	clade	Archelosauria
NCBITaxon:8492	NCBITaxon:1338369	6	clade	Dipnotetrapodomorpha
NCBITaxon:8492	NCBITaxon:2759	19	domain	Eukaryota
NCBITaxon:8492	NCBITaxon:32523	5	clade	Tetrapoda
NCBITaxon:8492	NCBITaxon:32524	4	clade	Amniota
NCBITaxon:8492	NCBITaxon:32561	2	clade	Sauria
NCBITaxon:8492	NCBITaxon:33154	18	clade	Opisthokonta
NCBITaxon:8492	NCBITaxon:33208	17	kingdom	Metazoa
NCBITaxon:8492	NCBITaxon:33213	15	clade	Bilateria
NCBITaxon:8492	NCBITaxon:33511	14	clade	Deuterostomia
NCBITaxon:8492	NCBITaxon:6072	16	clade	Eumetazoa
NCBITaxon:8492	NCBITaxon:7711	13	phylum	Chordata
NCBITaxon:8492	NCBITaxon:7742	11	clade	Vertebrata
NCBITaxon:8492	NCBITaxon:7776	10	clade	Gnathostomata
NCBITaxon:8492	NCBITaxon:8287	7	superclass	Sarcopterygii
NCBITaxon:8492	NCBITaxon:8457	3	clade	Sauropsida
NCBITaxon:8492	NCBITaxon:8492	0	clade	Archosauria
NCBITaxon:8492	NCBITaxon:89593	12	subphylum	Craniata
NCBITaxon:8782	NCBITaxon:117570	14	clade	Teleostomi
NCBITaxon:8782	NCBITaxon:117571	13	clade	Euteleostomi
NCBITaxon:8782	NCBITaxon:131567	25	cellular root	cellular organisms
NCBITaxon:8782	NCBITaxon:1329799	6	clade	Archelosauria
NCBITaxon:8782	NCBITaxon:1338369	11	clade	Dipnotetrapodomorpha
NCBITaxon:8782	NCBITaxon:2759	24	domain	Eukaryota
NCBITaxon:8782	NCBITaxon:32523	10	clade	Tetrapoda
NCBITaxon:8782	NCBITaxon:32524	9	clade	Amniota
NCBITaxon:8782	NCBITaxon:32561	7	clade	Sauria
NCBITaxon:8782	NCBITaxon:33154	23	clade	Opisthokonta
NCBITaxon:8782	NCBITaxon:33208	22	kingdom	Metazoa
NCBITaxon:8782	NCBITaxon:33213	20	clade	Bilateria
NCBITaxon:8782	NCBITaxon:33511	19	clade	Deuterostomia
NCBITaxon:8782	NCBITaxon:436486	4	clade	Dinosauria
NCBITaxon:8782	NCBITaxon:436489	3	clade	Saurischia
NCBITaxon:8782	NCBITaxon:436491	2	clade	Theropoda
NCBITaxon:8782	NCBITaxon:436492	1	clade	Coelurosauria
NCBITaxon:8782	NCBITaxon:6072	21	clade	Eumetazoa
NCBITaxon:8782	NCBITaxon:7711	18	phylum	Chordata
NCBITaxon:8782	NCBITaxon:7742	16	clade	Vertebrata
NCBITaxon:8782	NCBITaxon:7776	15	clade	Gnathostomata
NCBITaxon:8782	NCBITaxon:8287	12	superclass	Sarcopterygii
NCBITaxon:8782	NCBITaxon:8457	8	clade	Sauropsida
NCBITaxon:8782	NCBITaxon:8492	5	clade	Archosauria
NCBITaxon:8782	NCBITaxon:8782	0	class	Aves
NCBITaxon:8782	NCBITaxon:89593	17	subphylum	Craniata
NCBITaxon:8825	NCBITaxon:117570	15	clade	Teleostomi
NCBITaxon:8825	NCBITaxon:117571	14	clade	Euteleostomi
NCBITaxon:8825	NCBITaxon:131567	26	cellular root	cellular organisms
NCBITaxon:8825	NCBITaxon:1329799	7	clade	Archelosauria
NCBITaxon:8825	NCBITaxon:1338369	12	clade	Dipnotetrapodomorpha
NCBITaxon:8825	NCBITaxon:2759	25	domain	Eukaryota
NCBITaxon:8825	NCBITaxon:32523	11	clade	Tetrapoda
NCBITaxon:8825	NCBITaxon:32524	10	clade	Amniota
NCBITaxon:8825	NCBITaxon:32561	8	clade	Sauria
NCBITaxon:8825	NCBITaxon:33154	24	clade	Opisthokonta
NCBITaxon:8825	NCBITaxon:33208	23	kingdom	Metazoa
NCBITaxon:8825	NCBITaxon:33213	21	clade	Bilateria
NCBITaxon:8825	NCBITaxon:33511	20	clade	Deuterostomia
NCBITaxon:8825	NCBITaxon:436486	5	clade	Dinosauria
NCBITaxon:8825	NCBITaxon:436489	4	clade	Saurischia
NCBITaxon:8825	NCBITaxon:436491	3	clade	Theropoda
NCBITaxon:8825	NCBITaxon:436492	2	clade	Coelurosauria
NCBITaxon:8825	NCBITaxon:6072	22	clade	Eumetazoa
NCBITaxon:8825	NCBITaxon:7711	19	phylum	Chordata
NCBITaxon:8825	NCBITaxon:7742	17	clade	Vertebrata
NCBITaxon:8825	NCBITaxon:7776	16	clade	Gnathostomata
NCBITaxon:8825	NCBITaxon:8287	13	superclass	Sarcopterygii
NCBITaxon:8825	NCBITaxon:8457	9	clade	Sauropsida
NCBITaxon:8825	NCBITaxon:8492	6	clade	Archosauria
NCBITaxon:8825	NCBITaxon:8782	1	class	Aves
NCBITaxon:8825	NCBITaxon:8825	0	infraclass	Neognathae
NCBITaxon:8825	NCBITaxon:89593	18	subphylum	Craniata
NCBITaxon:8906	NCBITaxon:117570	17	clade	Teleostomi
NCBITaxon:8906	NCBITaxon:117571	16	clade	Euteleostomi
NCBITaxon:8906	NCBITaxon:131567	28	cellular root	cellular organisms
NCBITaxon:8906	NCBITaxon:1329799	9	clade	Archelosauria
NCBITaxon:8906	NCBITaxon:1338369	14	clade	Dipnotetrapodomorpha
NCBITaxon:8906	NCBITaxon:2759	27	domain	Eukaryota
NCBITaxon:8906	NCBITaxon:3078114	1	clade	Neoaves
NCBITaxon:8906	NCBITaxon:32523	13	clade	Tetrapoda
NCBITaxon:8906	NCBITaxon:32524	12	clade	Amniota
NCBITaxon:8906	NCBITaxon:32561	10	clade	Sauria
NCBITaxon:8906	NCBITaxon:33154	26	clade	Opisthokonta
NCBITaxon:8906	NCBITaxon:33208	25	kingdom	Metazoa
NCBITaxon:8906	NCBITaxon:33213	23	clade	Bilateria
NCBITaxon:8906	NCBITaxon:33511	22	clade	Deuterostomia
NCBITaxon:8906	NCBITaxon:436486	7	clade	Dinosauria
NCBITaxon:8906	NCBITaxon:436489	6	clade	Saurischia
NCBITaxon:8906	NCBITaxon:436491	5	clade	Theropoda
NCBITaxon:8906	NCBITaxon:436492	4	clade	Coelurosauria
NCBITaxon:8906	NCBITaxon:6072	24	clade	Eumetazoa
NCBITaxon:8906	NCBITaxon:7711	21	phylum	Chordata
NCBITaxon:8906	NCBITaxon:7742	19	clade	Vertebrata
NCBITaxon:8906	NCBITaxon:7776	18	clade	Gnathostomata
NCBITaxon:8906	NCBITaxon:8287	15	superclass	Sarcopterygii
NCBITaxon:8906	NCBITaxon:8457	11	clade	Sauropsida
NCBITaxon:8906	NCBITaxon:8492	8	clade	Archosauria
NCBITaxon:8906	NCBITaxon:8782	3	class	Aves
NCBITaxon:8906	NCBITaxon:8825	2	infraclass	Neognathae
NCBITaxon:8906	NCBITaxon:8906	0	order	Charadriiformes
NCBITaxon:8906	NCBITaxon:89593	20	subphylum	Craniata
NCBITaxon:8910	NCBITaxon:117570	18	clade	Teleostomi
NCBITaxon:8910	NCBITaxon:117571	17	clade	Euteleostomi
NCBITaxon:8910	NCBITaxon:131567	29	cellular root	cellular organisms
NCBITaxon:8910	NCBITaxon:1329799	10	clade	Archelosauria
NCBITaxon:8910	NCBITaxon:1338369	15	clade	Dipnotetrapodomorpha
NCBITaxon:8910	NCBITaxon:2759	28	domain	Eukaryota
NCBITaxon:8910	NCBITaxon:3078114	2	clade	Neoaves
NCBITaxon:8910	NCBITaxon:32523	14	clade	Tetrapoda
NCBITaxon:8910	NCBITaxon:32524	13	clade	Amniota
NCBITaxon:8910	NCBITaxon:32561	11	clade	Sauria
NCBITaxon:8910	NCBITaxon:33154	27	clade	Opisthokonta
NCBITaxon:8910	NCBITaxon:33208	26	kingdom	Metazoa
NCBITaxon:8910	NCBITaxon:33213	24	clade	Bilateria
NCBITaxon:8910	NCBITaxon:33511	23	clade	Deuterostomia
NCBITaxon:8910	NCBITaxon:436486	8	clade	Dinosauria
NCBITaxon:8910	NCBITaxon:436489	7	clade	Saurischia
NCBITaxon:8910	NCBITaxon:436491	6	clade	Theropoda
NCBITaxon:8910	NCBITaxon:436492	5	clade	Coelurosauria
NCBITaxon:8910	NCBITaxon:6072	25	clade	Eumetazoa
NCBITaxon:8910	NCBITaxon:7711	22	phylum	Chordata
NCBITaxon:8910	NCBITaxon:7742	20	clade	Vertebrata
NCBITaxon:8910	NCBITaxon:7776	19	clade	Gnathostomata
NCBITaxon:8910	NCBITaxon:8287	16	superclass	Sarcopterygii
NCBITaxon:8910	NCBITaxon:8457	12	clade	Sauropsida
NCBITaxon:8910	NCBITaxon:8492	9	clade	Archosauria
NCBITaxon:8910	NCBITaxon:8782	4	class	Aves
NCBITaxon:8910	NCBITaxon:8825	3	infraclass	Neognathae
NCBITaxon:8910	NCBITaxon:8906	1	order	Charadriiformes
NCBITaxon:8910	NCBITaxon:8910	0	family	Laridae
NCBITaxon:8910	NCBITaxon:89593	21	subphylum	Craniata
NCBITaxon:89593	NCBITaxon:131567	8	cellular root	cellular organisms
NCBITaxon:89593	NCBITaxon:2759	7	domain	Eukaryota
NCBITaxon:89593	NCBITaxon:33154	6	clade	Opisthokonta
NCBITaxon:89593	NCBITaxon:33208	5	kingdom	Metazoa
NCBITaxon:89593	NCBITaxon:33213	3	clade	Bilateria
NCBITaxon:89593	NCBITaxon:33511	2	clade	Deuterostomia
NCBITaxon:89593	NCBITaxon:6072	4	clade	Eumetazoa
NCBITaxon:89593	NCBITaxon:7711	1	phylum	Chordata
NCBITaxon:89593	NCBITaxon:89593	0	subphylum	Craniata
NCBITaxon:9126	NCBITaxon:117570	19	clade	Teleostomi
NCBITaxon:9126	NCBITaxon:117571	18	clade	Euteleostomi
NCBITaxon:9126	NCBITaxon:131567	30	cellular root	cellular organisms
NCBITaxon:9126	NCBITaxon:1329799	11	clade	Archelosauria
NCBITaxon:9126	NCBITaxon:1338369	16	clade	Dipnotetrapodomorpha
NCBITaxon:9126	NCBITaxon:2759	29	domain	Eukaryota
NCBITaxon:9126	NCBITaxon:3073808	2	clade	Telluraves
NCBITaxon:9126	NCBITaxon:3073809	1	clade	Australaves
NCBITaxon:9126	NCBITaxon:3078114	3	clade	Neoaves
NCBITaxon:9126	NCBITaxon:32523	15	clade	Tetrapoda
NCBITaxon:9126	NCBITaxon:32524	14	clade	Amniota
NCBITaxon:9126	NCBITaxon:32561	12	clade	Sauria
NCBITaxon:9126	NCBITaxon:33154	28	clade	Opisthokonta
NCBITaxon:9126	NCBITaxon:33208	27	kingdom	Metazoa
NCBITaxon:9126	NCBITaxon:33213	25	clade	Bilateria
NCBITaxon:9126	NCBITaxon:33511	24	clade	Deuterostomia
NCBITaxon:9126	NCBITaxon:436486	9	clade	Dinosauria
NCBITaxon:9126	NCBITaxon:436489	8	clade	Saurischia
NCBITaxon:9126	NCBITaxon:436491	7	clade	Theropoda
NCBITaxon:9126	NCBITaxon:436492	6	clade	Coelurosauria
NCBITaxon:9126	NCBITaxon:6072	26	clade	Eumetazoa
NCBITaxon:9126	NCBITaxon:7711	23	phylum	Chordata
NCBITaxon:9126	NCBITaxon:7742	21	clade	Vertebrata
NCBITaxon:9126	NCBITaxon:7776	20	clade	Gnathostomata
NCBITaxon:9126	NCBITaxon:8287	17	superclass	Sarcopterygii
NCBITaxon:9126	NCBITaxon:8457	13	clade	Sauropsida
NCBITaxon:9126	NCBITaxon:8492	10	clade	Archosauria
NCBITaxon:9126	NCBITaxon:8782	5	class	Aves
NCBITaxon:9126	NCBITaxon:8825	4	infraclass	Neognathae
NCBITaxon:9126	NCBITaxon:89593	22	subphylum	Craniata
NCBITaxon:9126	NCBITaxon:9126	0	order	Passeriformes
NCBITaxon:91561	NCBITaxon:117570	11	clade	Teleostomi
NCBITaxon:91561	NCBITaxon:117571	10	clade	Euteleostomi
NCBITaxon:91561	NCBITaxon:131567	22	cellular root	cellular organisms
NCBITaxon:91561	NCBITaxon:1338369	8	clade	Dipnotetrapodomorpha
NCBITaxon:91561	NCBITaxon:1437010	2	clade	Boreoeutheria
NCBITaxon:91561	NCBITaxon:2759	21	domain	Eukaryota
NCBITaxon:91561	NCBITaxon:314145	1	superorder	Laurasiatheria
NCBITaxon:91561	NCBITaxon:32523	7	clade	Tetrapoda
NCBITaxon:91561	NCBITaxon:32524	6	clade	Amniota
NCBITaxon:91561	NCBITaxon:32525	4	clade	Theria
NCBITaxon:91561	NCBITaxon:33154	20	clade	Opisthokonta
NCBITaxon:91561	NCBITaxon:33208	19	kingdom	Metazoa
NCBITaxon:91561	NCBITaxon:33213	17	clade	Bilateria
NCBITaxon:91561	NCBITaxon:33511	16	clade	Deuterostomia
NCBITaxon:91561	NCBITaxon:40674	5	class	Mammalia
NCBITaxon:91561	NCBITaxon:6072	18	clade	Eumetazoa
NCBITaxon:91561	NCBITaxon:7711	15	phylum	Chordata
NCBITaxon:91561	NCBITaxon:7742	13	clade	Vertebrata
NCBITaxon:91561	NCBITaxon:7776	12	clade	Gnathostomata
NCBITaxon:91561	NCBITaxon:8287	9	superclass	Sarcopterygii
NCBITaxon:91561	NCBITaxon:89593	14	subphylum	Craniata
NCBITaxon:91561	NCBITaxon:91561	0	order	Artiodactyla
NCBITaxon:91561	NCBITaxon:9347	3	clade	Eutheria
NCBITaxon:9158	NCBITaxon:117570	21	clade	Teleostomi
NCBITaxon:9158	NCBITaxon:117571	20	clade	Euteleostomi
NCBITaxon:9158	NCBITaxon:131567	32	cellular root	cellular organisms
NCBITaxon:9158	NCBITaxon:1329799	13	clade	Archelosauria
NCBITaxon:9158	NCBITaxon:1338369	18	clade	Dipnotetrapodomorpha
NCBITaxon:9158	NCBITaxon:175121	1	superfamily	Passeroidea
NCBITaxon:9158	NCBITaxon:2759	31	domain	Eukaryota
NCBITaxon:9158	NCBITaxon:3073808	4	clade	Telluraves
NCBITaxon:9158	NCBITaxon:3073809	3	clade	Australaves
NCBITaxon:9158	NCBITaxon:3078114	5	clade	Neoaves
NCBITaxon:9158	NCBITaxon:32523	17	clade	Tetrapoda
NCBITaxon:9158	NCBITaxon:32524	16	clade	Amniota
NCBITaxon:9158	NCBITaxon:32561	14	clade	Sauria
NCBITaxon:9158	NCBITaxon:33154	30	clade	Opisthokonta
NCBITaxon:9158	NCBITaxon:33208	29	kingdom	Metazoa
NCBITaxon:9158	NCBITaxon:33213	27	clade	Bilateria
NCBITaxon:9158	NCBITaxon:33511	26	clade	Deuterostomia
NCBITaxon:9158	NCBITaxon:436486	11	clade	Dinosauria
NCBITaxon:9158	NCBITaxon:436489	10	clade	Saurischia
NCBITaxon:9158	NCBITaxon:436491	9	clade	Theropoda
NCBITaxon:9158	NCBITaxon:436492	8	clade	Coelurosauria
NCBITaxon:9158	NCBITaxon:6072	28	clade	Eumetazoa
NCBITaxon:9158	NCBITaxon:7711	25	phylum	Chordata
NCBITaxon:9158	NCBITaxon:7742	23	clade	Vertebrata
NCBITaxon:9158	NCBITaxon:7776	22	clade	Gnathostomata
NCBITaxon:9158	NCBITaxon:8287	19	superclass	Sarcopterygii
NCBITaxon:9158	NCBITaxon:8457	15	clade	Sauropsida
NCBITaxon:9158	NCBITaxon:8492	12	clade	Archosauria
NCBITaxon:9158	NCBITaxon:8782	7	class	Aves
NCBITaxon:9158	NCBITaxon:8825	6	infraclass	Neognathae
NCBITaxon:9158	NCBITaxon:89593	24	subphylum	Craniata
NCBITaxon:9158	NCBITaxon:9126	2	order	Passeriformes
NCBITaxon:9158	NCBITaxon:9158	0	family	Passeridae
NCBITaxon:9159	NCBITaxon:117570	22	clade	Teleostomi
NCBITaxon:9159	NCBITaxon:117571	21	clade	Euteleostomi
NCBITaxon:9159	NCBITaxon:131567	33	cellular root	cellular organisms
NCBITaxon:9159	NCBITaxon:1329799	14	clade	Archelosauria
NCBITaxon:9159	NCBITaxon:1338369	19	clade	Dipnotetrapodomorpha
NCBITaxon:9159	NCBITaxon:175121	2	superfamily	Passeroidea
NCBITaxon:9159	NCBITaxon:2759	32	domain	Eukaryota
NCBITaxon:9159	NCBITaxon:3073808	5	clade	Telluraves
NCBITaxon:9159	NCBITaxon:3073809	4	clade	Australaves
NCBITaxon:9159	NCBITaxon:3078114	6	clade	Neoaves
NCBITaxon:9159	NCBITaxon:32523	18	clade	Tetrapoda
NCBITaxon:9159	NCBITaxon:32524	17	clade	Amniota
NCBITaxon:9159	NCBITaxon:32561	15	clade	Sauria
NCBITaxon:9159	NCBITaxon:33154	31	clade	Opisthokonta
NCBITaxon:9159	NCBITaxon:33208	30	kingdom	Metazoa
NCBITaxon:9159	NCBITaxon:33213	28	clade	Bilateria
NCBITaxon:9159	NCBITaxon:33511	27	clade	Deuterostomia
NCBITaxon:9159	NCBITaxon:436486	12	clade	Dinosauria
NCBITaxon:9159	NCBITaxon:436489	11	clade	Saurischia
NCBITaxon:9159	NCBITaxon:436491	10	clade	Theropoda
NCBITaxon:9159	NCBITaxon:436492	9	clade	Coelurosauria
NCBITaxon:9159	NCBITaxon:6072	29	clade	Eumetazoa
NCBITaxon:9159	NCBITaxon:7711	26	phylum	Chordata
NCBITaxon:9159	NCBITaxon:7742	24	clade	Vertebrata
NCBITaxon:9159	NCBITaxon:7776	23	clade	Gnathostomata
NCBITaxon:9159	NCBITaxon:8287	20	superclass	Sarcopterygii
NCBITaxon:9159	NCBITaxon:8457	16	clade	Sauropsida
NCBITaxon:9159	NCBITaxon:8492	13	clade	Archosauria
NCBITaxon:9159	NCBITaxon:8782	8	class	Aves
NCBITaxon:9159	NCBITaxon:8825	7	infraclass	Neognathae
NCBITaxon:9159	NCBITaxon:89593	25	subphylum	Craniata
NCBITaxon:9159	NCBITaxon:9126	3	order	Passeriformes
NCBITaxon:9159	NCBITaxon:9158	1	family	Passeridae
NCBITaxon:9159	NCBITaxon:9159	0	genus	Passer
NCBITaxon:9347	NCBITaxon:117570	8	clade	Teleostomi
NCBITaxon:9347	NCBITaxon:117571	7	clade	Euteleostomi
NCBITaxon:9347	NCBITaxon:131567	19	cellular root	cellular organisms
NCBITaxon:9347	NCBITaxon:1338369	5	clade	Dipnotetrapodomorpha
NCBITaxon:9347	NCBITaxon:2759	18	domain	Eukaryota
NCBITaxon:9347	NCBITaxon:32523	4	clade	Tetrapoda
NCBITaxon:9347	NCBITaxon:32524	3	clade	Amniota
NCBITaxon:9347	NCBITaxon:32525	1	clade	Theria
NCBITaxon:9347	NCBITaxon:33154	17	clade	Opisthokonta
NCBITaxon:9347	NCBITaxon:33208	16	kingdom	Metazoa
NCBITaxon:9347	NCBITaxon:33213	14	clade	Bilateria
NCBITaxon:9347	NCBITaxon:33511	13	clade	Deuterostomia
NCBITaxon:9347	NCBITaxon:40674	2	class	Mammalia
NCBITaxon:9347	NCBITaxon:6072	15	clade	Eumetazoa
NCBITaxon:9347	NCBITaxon:7711	12	phylum	Chordata
NCBITaxon:9347	NCBITaxon:7742	10	clade	Vertebrata
NCBITaxon:9347	NCBITaxon:7776	9	clade	Gnathostomata
NCBITaxon:9347	NCBITaxon:8287	6	superclass	Sarcopterygii
NCBITaxon:9347	NCBITaxon:89593	11	subphylum	Craniata
NCBITaxon:9347	NCBITaxon:9347	0	clade	Eutheria
NCBITaxon:9655	NCBITaxon:117570	14	clade	Teleostomi
NCBITaxon:9655	NCBITaxon:117571	13	clade	Euteleostomi
NCBITaxon:9655	NCBITaxon:131567	25	cellular root	cellular organisms
NCBITaxon:9655	NCBITaxon:1338369	11	clade	Dipnotetrapodomorpha
NCBITaxon:9655	NCBITaxon:1437010	5	clade	Boreoeutheria
NCBITaxon:9655	NCBITaxon:2759	24	domain	Eukaryota
NCBITaxon:9655	NCBITaxon:3072906	1	superfamily	Musteloidea
NCBITaxon:9655	NCBITaxon:314145	4	superorder	Laurasiatheria
NCBITaxon:9655	NCBITaxon:32523	10	clade	Tetrapoda
NCBITaxon:9655	NCBITaxon:32524	9	clade	Amniota
NCBITaxon:9655	NCBITaxon:32525	7	clade	Theria
NCBITaxon:9655	NCBITaxon:33154	23	clade	Opisthokonta
NCBITaxon:9655	NCBITaxon:33208	22	kingdom	Metazoa
NCBITaxon:9655	NCBITaxon:33213	20	clade	Bilateria
NCBITaxon:9655	NCBITaxon:33511	19	clade	Deuterostomia
NCBITaxon:9655	NCBITaxon:33554	3	order	Carnivora
NCBITaxon:9655	NCBITaxon:379584	2	suborder	Caniformia
NCBITaxon:9655	NCBITaxon:40674	8	class	Mammalia
NCBITaxon:9655	NCBITaxon:6072	21	clade	Eumetazoa
NCBITaxon:9655	NCBITaxon:7711	18	phylum	Chordata
NCBITaxon:9655	NCBITaxon:7742	16	clade	Vertebrata
NCBITaxon:9655	NCBITaxon:7776	15	clade	Gnathostomata
NCBITaxon:9655	NCBITaxon:8287	12	superclass	Sarcopterygii
NCBITaxon:9655	NCBITaxon:89593	17	subphylum	Craniata
NCBITaxon:9655	NCBITaxon:9347	6	clade	Eutheria
NCBITaxon:9655	NCBITaxon:9655	0	family	Mustelidae
NCBITaxon:9702	NCBITaxon:117570	14	clade	Teleostomi
NCBITaxon:9702	NCBITaxon:117571	13	clade	Euteleostomi
NCBITaxon:9702	NCBITaxon:131567	25	cellular root	cellular organisms
NCBITaxon:9702	NCBITaxon:1338369	11	clade	Dipnotetrapodomorpha
NCBITaxon:9702	NCBITaxon:1437010	5	clade	Boreoeutheria
NCBITaxon:9702	NCBITaxon:2759	24	domain	Eukaryota
NCBITaxon:9702	NCBITaxon:3072905	1	clade	Pinnipedia
NCBITaxon:9702	NCBITaxon:314145	4	superorder	Laurasiatheria
NCBITaxon:9702	NCBITaxon:32523	10	clade	Tetrapoda
NCBITaxon:9702	NCBITaxon:32524	9	clade	Amniota
NCBITaxon:9702	NCBITaxon:32525	7	clade	Theria
NCBITaxon:9702	NCBITaxon:33154	23	clade	Opisthokonta
NCBITaxon:9702	NCBITaxon:33208	22	kingdom	Metazoa
NCBITaxon:9702	NCBITaxon:33213	20	clade	Bilateria
NCBITaxon:9702	NCBITaxon:33511	19	clade	Deuterostomia
NCBITaxon:9702	NCBITaxon:33554	3	order	Carnivora
NCBITaxon:9702	NCBITaxon:379584	2	suborder	Caniformia
NCBITaxon:9702	NCBITaxon:40674	8	class	Mammalia
NCBITaxon:9702	NCBITaxon:6072	21	clade	Eumetazoa
NCBITaxon:9702	NCBITaxon:7711	18	phylum	Chordata
NCBITaxon:9702	NCBITaxon:7742	16	clade	Vertebrata
NCBITaxon:9702	NCBITaxon:7776	15	clade	Gnathostomata
NCBITaxon:9702	NCBITaxon:8287	12	superclass	Sarcopterygii
NCBITaxon:9702	NCBITaxon:89593	17	subphylum	Craniata
NCBITaxon:9702	NCBITaxon:9347	6	clade	Eutheria
NCBITaxon:9702	NCBITaxon:9702	0	family	Otariidae
NCBITaxon:9703	NCBITaxon:117570	15	clade	Teleostomi
NCBITaxon:9703	NCBITaxon:117571	14	clade	Euteleostomi
NCBITaxon:9703	NCBITaxon:131567	26	cellular root	cellular organisms
NCBITaxon:9703	NCBITaxon:1338369	12	clade	Dipnotetrapodomorpha
NCBITaxon:9703	NCBITaxon:1437010	6	clade	Boreoeutheria
NCBITaxon:9703	NCBITaxon:2759	25	domain	Eukaryota
NCBITaxon:9703	NCBITaxon:3072905	2	clade	Pinnipedia
NCBITaxon:9703	NCBITaxon:314145	5	superorder	Laurasiatheria
NCBITaxon:9703	NCBITaxon:32523	11	clade	Tetrapoda
NCBITaxon:9703	NCBITaxon:32524	10	clade	Amniota
NCBITaxon:9703	NCBITaxon:32525	8	clade	Theria
NCBITaxon:9703	NCBITaxon:33154	24	clade	Opisthokonta
NCBITaxon:9703	NCBITaxon:33208	23	kingdom	Metazoa
NCBITaxon:9703	NCBITaxon:33213	21	clade	Bilateria
NCBITaxon:9703	NCBITaxon:33511	20	clade	Deuterostomia
NCBITaxon:9703	NCBITaxon:33554	4	order	Carnivora
NCBITaxon:9703	NCBITaxon:379584	3	suborder	Caniformia
NCBITaxon:9703	NCBITaxon:40674	9	class	Mammalia
NCBITaxon:9703	NCBITaxon:6072	22	clade	Eumetazoa
NCBITaxon:9703	NCBITaxon:7711	19	phylum	Chordata
NCBITaxon:9703	NCBITaxon:7742	17	clade	Vertebrata
NCBITaxon:9703	NCBITaxon:7776	16	clade	Gnathostomata
NCBITaxon:9703	NCBITaxon:8287	13	superclass	Sarcopterygii
NCBITaxon:9703	NCBITaxon:89593	18	subphylum	Craniata
NCBITaxon:9703	NCBITaxon:9347	7	clade	Eutheria
NCBITaxon:9703	NCBITaxon:9702	1	family	Otariidae
NCBITaxon:9703	NCBITaxon:9703	0	genus	Zalophus
NCBITaxon:9704	NCBITaxon:117570	16	clade	Teleostomi
NCBITaxon:9704	NCBITaxon:117571	15	clade	Euteleostomi
NCBITaxon:9704	NCBITaxon:131567	27	cellular root	cellular organisms
NCBITaxon:9704	NCBITaxon:1338369	13	clade	Dipnotetrapodomorpha
NCBITaxon:9704	NCBITaxon:1437010	7	clade	Boreoeutheria
NCBITaxon:9704	NCBITaxon:2759	26	domain	Eukaryota
NCBITaxon:9704	NCBITaxon:3072905	3	clade	Pinnipedia
NCBITaxon:9704	NCBITaxon:314145	6	superorder	Laurasiatheria
NCBITaxon:9704	NCBITaxon:32523	12	clade	Tetrapoda
NCBITaxon:9704	NCBITaxon:32524	11	clade	Amniota
NCBITaxon:9704	NCBITaxon:32525	9	clade	Theria
NCBITaxon:9704	NCBITaxon:33154	25	clade	Opisthokonta
NCBITaxon:9704	NCBITaxon:33208	24	kingdom	Metazoa
NCBITaxon:9704	NCBITaxon:33213	22	clade	Bilateria
NCBITaxon:9704	NCBITaxon:33511	21	clade	Deuterostomia
NCBITaxon:9704	NCBITaxon:33554	5	order	Carnivora
NCBITaxon:9704	NCBITaxon:379584	4	suborder	Caniformia
NCBITaxon:9704	NCBITaxon:40674	10	class	Mammalia
NCBITaxon:9704	NCBITaxon:6072	23	clade	Eumetazoa
NCBITaxon:9704	NCBITaxon:7711	20	phylum	Chordata
NCBITaxon:9704	NCBITaxon:7742	18	clade	Vertebrata
NCBITaxon:9704	NCBITaxon:7776	17	clade	Gnathostomata
NCBITaxon:9704	NCBITaxon:8287	14	superclass	Sarcopterygii
NCBITaxon:9704	NCBITaxon:89593	19	subphylum	Craniata
NCBITaxon:9704	NCBITaxon:9347	8	clade	Eutheria
NCBITaxon:9704	NCBITaxon:9702	2	family	Otariidae
NCBITaxon:9704	NCBITaxon:9703	1	genus	Zalophus
NCBITaxon:9704	NCBITaxon:9704	0	species	Zalophus californianus
NCBITaxon:9709	NCBITaxon:117570	14	clade	Teleostomi
NCBITaxon:9709	NCBITaxon:117571	13	clade	Euteleostomi
NCBITaxon:9709	NCBITaxon:131567	25	cellular root	cellular organisms
NCBITaxon:9709	NCBITaxon:1338369	11	clade	Dipnotetrapodomorpha
NCBITaxon:9709	NCBITaxon:1437010	5	clade	Boreoeutheria
NCBITaxon:9709	NCBITaxon:2759	24	domain	Eukaryota
NCBITaxon:9709	NCBITaxon:3072905	1	clade	Pinnipedia
NCBITaxon:9709	NCBITaxon:314145	4	superorder	Laurasiatheria
NCBITaxon:9709	NCBITaxon:32523	10	clade	Tetrapoda
NCBITaxon:9709	NCBITaxon:32524	9	clade	Amniota
NCBITaxon:9709	NCBITaxon:32525	7	clade	Theria
NCBITaxon:9709	NCBITaxon:33154	23	clade	Opisthokonta
NCBITaxon:9709	NCBITaxon:33208	22	kingdom	Metazoa
NCBITaxon:9709	NCBITaxon:33213	20	clade	Bilateria
NCBITaxon:9709	NCBITaxon:33511	19	clade	Deuterostomia
NCBITaxon:9709	NCBITaxon:33554	3	order	Carnivora
NCBITaxon:9709	NCBITaxon:379584	2	suborder	Caniformia
NCBITaxon:9709	NCBITaxon:40674	8	class	Mammalia
NCBITaxon:9709	NCBITaxon:6072	21	clade	Eumetazoa
NCBITaxon:9709	NCBITaxon:7711	18	phylum	Chordata
NCBITaxon:9709	NCBITaxon:7742	16	clade	Vertebrata
NCBITaxon:9709	NCBITaxon:7776	15	clade	Gnathostomata
NCBITaxon:9709	NCBITaxon:8287	12	superclass	Sarcopterygii
NCBITaxon:9709	NCBITaxon:89593	17	subphylum	Craniata
NCBITaxon:9709	NCBITaxon:9347	6	clade	Eutheria
NCBITaxon:9709	NCBITaxon:9709	0	family	Phocidae
NCBITaxon:9714	NCBITaxon:117570	17	clade	Teleostomi
NCBITaxon:9714	NCBITaxon:117571	16	clade	Euteleostomi
NCBITaxon:9714	NCBITaxon:131567	28	cellular root	cellular organisms
NCBITaxon:9714	NCBITaxon:1338369	14	clade	Dipnotetrapodomorpha
NCBITaxon:9714	NCBITaxon:1437010	8	clade	Boreoeutheria
NCBITaxon:9714	NCBITaxon:2759	27	domain	Eukaryota
NCBITaxon:9714	NCBITaxon:3072905	4	clade	Pinnipedia
NCBITaxon:9714	NCBITaxon:314145	7	superorder	Laurasiatheria
NCBITaxon:9714	NCBITaxon:32523	13	clade	Tetrapoda
NCBITaxon:9714	NCBITaxon:32524	12	clade	Amniota
NCBITaxon:9714	NCBITaxon:32525	10	clade	Theria
NCBITaxon:9714	NCBITaxon:33154	26	clade	Opisthokonta
NCBITaxon:9714	NCBITaxon:33208	25	kingdom	Metazoa
NCBITaxon:9714	NCBITaxon:33213	23	clade	Bilateria
NCBITaxon:9714	NCBITaxon:33511	22	clade	Deuterostomia
NCBITaxon:9714	NCBITaxon:33554	6	order	Carnivora
NCBITaxon:9714	NCBITaxon:3410119	2	subfamily	Monachinae
NCBITaxon:9714	NCBITaxon:3410122	1	tribe	Miroungini
NCBITaxon:9714	NCBITaxon:379584	5	suborder	Caniformia
NCBITaxon:9714	NCBITaxon:40674	11	class	Mammalia
NCBITaxon:9714	NCBITaxon:6072	24	clade	Eumetazoa
NCBITaxon:9714	NCBITaxon:7711	21	phylum	Chordata
NCBITaxon:9714	NCBITaxon:7742	19	clade	Vertebrata
NCBITaxon:9714	NCBITaxon:7776	18	clade	Gnathostomata
NCBITaxon:9714	NCBITaxon:8287	15	superclass	Sarcopterygii
NCBITaxon:9714	NCBITaxon:89593	20	subphylum	Craniata
NCBITaxon:9714	NCBITaxon:9347	9	clade	Eutheria
NCBITaxon:9714	NCBITaxon:9709	3	family	Phocidae
NCBITaxon:9714	NCBITaxon:9714	0	genus	Mirounga
NCBITaxon:9716	NCBITaxon:117570	18	clade	Teleostomi
NCBITaxon:9716	NCBITaxon:117571	17	clade	Euteleostomi
NCBITaxon:9716	NCBITaxon:131567	29	cellular root	cellular organisms
NCBITaxon:9716	NCBITaxon:1338369	15	clade	Dipnotetrapodomorpha
NCBITaxon:9716	NCBITaxon:1437010	9	clade	Boreoeutheria
NCBITaxon:9716	NCBITaxon:2759	28	domain	Eukaryota
NCBITaxon:9716	NCBITaxon:3072905	5	clade	Pinnipedia
NCBITaxon:9716	NCBITaxon:314145	8	superorder	Laurasiatheria
NCBITaxon:9716	NCBITaxon:32523	14	clade	Tetrapoda
NCBITaxon:9716	NCBITaxon:32524	13	clade	Amniota
NCBITaxon:9716	NCBITaxon:32525	11	clade	Theria
NCBITaxon:9716	NCBITaxon:33154	27	clade	Opisthokonta
NCBITaxon:9716	NCBITaxon:33208	26	kingdom	Metazoa
NCBITaxon:9716	NCBITaxon:33213	24	clade	Bilateria
NCBITaxon:9716	NCBITaxon:33511	23	clade	Deuterostomia
NCBITaxon:9716	NCBITaxon:33554	7	order	Carnivora
NCBITaxon:9716	NCBITaxon:3410119	3	subfamily	Monachinae
NCBITaxon:9716	NCBITaxon:3410122	2	tribe	Miroungini
NCBITaxon:9716	NCBITaxon:379584	6	suborder	Caniformia
NCBITaxon:9716	NCBITaxon:40674	12	class	Mammalia
NCBITaxon:9716	NCBITaxon:6072	25	clade	Eumetazoa
NCBITaxon:9716	NCBITaxon:7711	22	phylum	Chordata
NCBITaxon:9716	NCBITaxon:7742	20	clade	Vertebrata
NCBITaxon:9716	NCBITaxon:7776	19	clade	Gnathostomata
NCBITaxon:9716	NCBITaxon:8287	16	superclass	Sarcopterygii
NCBITaxon:9716	NCBITaxon:89593	21	subphylum	Craniata
NCBITaxon:9716	NCBITaxon:9347	10	clade	Eutheria
NCBITaxon:9716	NCBITaxon:9709	4	family	Phocidae
NCBITaxon:9716	NCBITaxon:9714	1	genus	Mirounga
NCBITaxon:9716	NCBITaxon:9716	0	species	Mirounga angustirostris
NCBITaxon:9717	NCBITaxon:117570	16	clade	Teleostomi
NCBITaxon:9717	NCBITaxon:117571	15	clade	Euteleostomi
NCBITaxon:9717	NCBITaxon:131567	27	cellular root	cellular organisms
NCBITaxon:9717	NCBITaxon:1338369	13	clade	Dipnotetrapodomorpha
NCBITaxon:9717	NCBITaxon:1437010	7	clade	Boreoeutheria
NCBITaxon:9717	NCBITaxon:2759	26	domain	Eukaryota
NCBITaxon:9717	NCBITaxon:3072905	3	clade	Pinnipedia
NCBITaxon:9717	NCBITaxon:314145	6	superorder	Laurasiatheria
NCBITaxon:9717	NCBITaxon:32523	12	clade	Tetrapoda
NCBITaxon:9717	NCBITaxon:32524	11	clade	Amniota
NCBITaxon:9717	NCBITaxon:32525	9	clade	Theria
NCBITaxon:9717	NCBITaxon:33154	25	clade	Opisthokonta
NCBITaxon:9717	NCBITaxon:33208	24	kingdom	Metazoa
NCBITaxon:9717	NCBITaxon:33213	22	clade	Bilateria
NCBITaxon:9717	NCBITaxon:33511	21	clade	Deuterostomia
NCBITaxon:9717	NCBITaxon:33554	5	order	Carnivora
NCBITaxon:9717	NCBITaxon:3410118	1	subfamily	Phocinae
NCBITaxon:9717	NCBITaxon:379584	4	suborder	Caniformia
NCBITaxon:9717	NCBITaxon:40674	10	class	Mammalia
NCBITaxon:9717	NCBITaxon:6072	23	clade	Eumetazoa
NCBITaxon:9717	NCBITaxon:7711	20	phylum	Chordata
NCBITaxon:9717	NCBITaxon:7742	18	clade	Vertebrata
NCBITaxon:9717	NCBITaxon:7776	17	clade	Gnathostomata
NCBITaxon:9717	NCBITaxon:8287	14	superclass	Sarcopterygii
NCBITaxon:9717	NCBITaxon:89593	19	subphylum	Craniata
NCBITaxon:9717	NCBITaxon:9347	8	clade	Eutheria
NCBITaxon:9717	NCBITaxon:9709	2	family	Phocidae
NCBITaxon:9717	NCBITaxon:9717	0	genus	Phoca
NCBITaxon:9720	NCBITaxon:117570	17	clade	Teleostomi
NCBITaxon:9720	NCBITaxon:117571	16	clade	Euteleostomi
NCBITaxon:9720	NCBITaxon:131567	28	cellular root	cellular organisms
NCBITaxon:9720	NCBITaxon:1338369	14	clade	Dipnotetrapodomorpha
NCBITaxon:9720	NCBITaxon:1437010	8	clade	Boreoeutheria
NCBITaxon:9720	NCBITaxon:2759	27	domain	Eukaryota
NCBITaxon:9720	NCBITaxon:3072905	4	clade	Pinnipedia
NCBITaxon:9720	NCBITaxon:314145	7	superorder	Laurasiatheria
NCBITaxon:9720	NCBITaxon:32523	13	clade	Tetrapoda
NCBITaxon:9720	NCBITaxon:32524	12	clade	Amniota
NCBITaxon:9720	NCBITaxon:32525	10	clade	Theria
NCBITaxon:9720	NCBITaxon:33154	26	clade	Opisthokonta
NCBITaxon:9720	NCBITaxon:33208	25	kingdom	Metazoa
NCBITaxon:9720	NCBITaxon:33213	23	clade	Bilateria
NCBITaxon:9720	NCBITaxon:33511	22	clade	Deuterostomia
NCBITaxon:9720	NCBITaxon:33554	6	order	Carnivora
NCBITaxon:9720	NCBITaxon:3410118	2	subfamily	Phocinae
NCBITaxon:9720	NCBITaxon:379584	5	suborder	Caniformia
NCBITaxon:9720	NCBITaxon:40674	11	class	Mammalia
NCBITaxon:9720	NCBITaxon:6072	24	clade	Eumetazoa
NCBITaxon:9720	NCBITaxon:7711	21	phylum	Chordata
NCBITaxon:9720	NCBITaxon:7742	19	clade	Vertebrata
NCBITaxon:9720	NCBITaxon:7776	18	clade	Gnathostomata
NCBITaxon:9720	NCBITaxon:8287	15	superclass	Sarcopterygii
NCBITaxon:9720	NCBITaxon:89593	20	subphylum	Craniata
NCBITaxon:9720	NCBITaxon:9347	9	clade	Eutheria
NCBITaxon:9720	NCBITaxon:9709	3	family	Phocidae
NCBITaxon:9720	NCBITaxon:9717	1	genus	Phoca
NCBITaxon:9720	NCBITaxon:9720	0	species	Phoca vitulina
NCBITaxon:9721	NCBITaxon:117570	13	clade	Teleostomi
NCBITaxon:9721	NCBITaxon:117571	12	clade	Euteleostomi
NCBITaxon:9721	NCBITaxon:131567	24	cellular root	cellular organisms
NCBITaxon:9721	NCBITaxon:1338369	10	clade	Dipnotetrapodomorpha
NCBITaxon:9721	NCBITaxon:1437010	4	clade	Boreoeutheria
NCBITaxon:9721	NCBITaxon:2653789	1	suborder	Whippomorpha
NCBITaxon:9721	NCBITaxon:2759	23	domain	Eukaryota
NCBITaxon:9721	NCBITaxon:314145	3	superorder	Laurasiatheria
NCBITaxon:9721	NCBITaxon:32523	9	clade	Tetrapoda
NCBITaxon:9721	NCBITaxon:32524	8	clade	Amniota
NCBITaxon:9721	NCBITaxon:32525	6	clade	Theria
NCBITaxon:9721	NCBITaxon:33154	22	clade	Opisthokonta
NCBITaxon:9721	NCBITaxon:33208	21	kingdom	Metazoa
NCBITaxon:9721	NCBITaxon:33213	19	clade	Bilateria
NCBITaxon:9721	NCBITaxon:33511	18	clade	Deuterostomia
NCBITaxon:9721	NCBITaxon:40674	7	class	Mammalia
NCBITaxon:9721	NCBITaxon:6072	20	clade	Eumetazoa
NCBITaxon:9721	NCBITaxon:7711	17	phylum	Chordata
NCBITaxon:9721	NCBITaxon:7742	15	clade	Vertebrata
NCBITaxon:9721	NCBITaxon:7776	14	clade	Gnathostomata
NCBITaxon:9721	NCBITaxon:8287	11	superclass	Sarcopterygii
NCBITaxon:9721	NCBITaxon:89593	16	subphylum	Craniata
NCBITaxon:9721	NCBITaxon:91561	2	order	Artiodactyla
NCBITaxon:9721	NCBITaxon:9347	5	clade	Eutheria
NCBITaxon:9721	NCBITaxon:9721	0	infraorder	Cetacea
NCBITaxon:9722	NCBITaxon:117570	14	clade	Teleostomi
NCBITaxon:9722	NCBITaxon:117571	13	clade	Euteleostomi
NCBITaxon:9722	NCBITaxon:131567	25	cellular root	cellular organisms
NCBITaxon:9722	NCBITaxon:1338369	11	clade	Dipnotetrapodomorpha
NCBITaxon:9722	NCBITaxon:1437010	5	clade	Boreoeutheria
NCBITaxon:9722	NCBITaxon:2653789	2	suborder	Whippomorpha
NCBITaxon:9722	NCBITaxon:2759	24	domain	Eukaryota
NCBITaxon:9722	NCBITaxon:314145	4	superorder	Laurasiatheria
NCBITaxon:9722	NCBITaxon:32523	10	clade	Tetrapoda
NCBITaxon:9722	NCBITaxon:32524	9	clade	Amniota
NCBITaxon:9722	NCBITaxon:32525	7	clade	Theria
NCBITaxon:9722	NCBITaxon:33154	23	clade	Opisthokonta
NCBITaxon:9722	NCBITaxon:33208	22	kingdom	Metazoa
NCBITaxon:9722	NCBITaxon:33213	20	clade	Bilateria
NCBITaxon:9722	NCBITaxon:33511	19	clade	Deuterostomia
NCBITaxon:9722	NCBITaxon:40674	8	class	Mammalia
NCBITaxon:9722	NCBITaxon:6072	21	clade	Eumetazoa
NCBITaxon:9722	NCBITaxon:7711	18	phylum	Chordata
NCBITaxon:9722	NCBITaxon:7742	16	clade	Vertebrata
NCBITaxon:9722	NCBITaxon:7776	15	clade	Gnathostomata
NCBITaxon:9722	NCBITaxon:8287	12	superclass	Sarcopterygii
NCBITaxon:9722	NCBITaxon:89593	17	subphylum	Craniata
NCBITaxon:9722	NCBITaxon:91561	3	order	Artiodactyla
NCBITaxon:9722	NCBITaxon:9347	6	clade	Eutheria
NCBITaxon:9722	NCBITaxon:9721	1	infraorder	Cetacea
NCBITaxon:9722	NCBITaxon:9722	0	parvorder	Odontoceti
NCBITaxon:9726	NCBITaxon:117570	15	clade	Teleostomi
NCBITaxon:9726	NCBITaxon:117571	14	clade	Euteleostomi
NCBITaxon:9726	NCBITaxon:131567	26	cellular root	cellular organisms
NCBITaxon:9726	NCBITaxon:1338369	12	clade	Dipnotetrapodomorpha
NCBITaxon:9726	NCBITaxon:1437010	6	clade	Boreoeutheria
NCBITaxon:9726	NCBITaxon:2653789	3	suborder	Whippomorpha
NCBITaxon:9726	NCBITaxon:2759	25	domain	Eukaryota
NCBITaxon:9726	NCBITaxon:314145	5	superorder	Laurasiatheria
NCBITaxon:9726	NCBITaxon:32523	11	clade	Tetrapoda
NCBITaxon:9726	NCBITaxon:32524	10	clade	Amniota
NCBITaxon:9726	NCBITaxon:32525	8	clade	Theria
NCBITaxon:9726	NCBITaxon:33154	24	clade	Opisthokonta
NCBITaxon:9726	NCBITaxon:33208	23	kingdom	Metazoa
NCBITaxon:9726	NCBITaxon:33213	21	clade	Bilateria
NCBITaxon:9726	NCBITaxon:33511	20	clade	Deuterostomia
NCBITaxon:9726	NCBITaxon:40674	9	class	Mammalia
NCBITaxon:9726	NCBITaxon:6072	22	clade	Eumetazoa
NCBITaxon:9726	NCBITaxon:7711	19	phylum	Chordata
NCBITaxon:9726	NCBITaxon:7742	17	clade	Vertebrata
NCBITaxon:9726	NCBITaxon:7776	16	clade	Gnathostomata
NCBITaxon:9726	NCBITaxon:8287	13	superclass	Sarcopterygii
NCBITaxon:9726	NCBITaxon:89593	18	subphylum	Craniata
NCBITaxon:9726	NCBITaxon:91561	4	order	Artiodactyla
NCBITaxon:9726	NCBITaxon:9347	7	clade	Eutheria
NCBITaxon:9726	NCBITaxon:9721	2	infraorder	Cetacea
NCBITaxon:9726	NCBITaxon:9722	1	parvorder	Odontoceti
NCBITaxon:9726	NCBITaxon:9726	0	family	Delphinidae
NCBITaxon:9727	NCBITaxon:117570	16	clade	Teleostomi
NCBITaxon:9727	NCBITaxon:117571	15	clade	Euteleostomi
NCBITaxon:9727	NCBITaxon:131567	27	cellular root	cellular organisms
NCBITaxon:9727	NCBITaxon:1338369	13	clade	Dipnotetrapodomorpha
NCBITaxon:9727	NCBITaxon:1437010	7	clade	Boreoeutheria
NCBITaxon:9727	NCBITaxon:2653789	4	suborder	Whippomorpha
NCBITaxon:9727	NCBITaxon:2759	26	domain	Eukaryota
NCBITaxon:9727	NCBITaxon:314145	6	superorder	Laurasiatheria
NCBITaxon:9727	NCBITaxon:32523	12	clade	Tetrapoda
NCBITaxon:9727	NCBITaxon:32524	11	clade	Amniota
NCBITaxon:9727	NCBITaxon:32525	9	clade	Theria
NCBITaxon:9727	NCBITaxon:33154	25	clade	Opisthokonta
NCBITaxon:9727	NCBITaxon:33208	24	kingdom	Metazoa
NCBITaxon:9727	NCBITaxon:33213	22	clade	Bilateria
NCBITaxon:9727	NCBITaxon:33511	21	clade	Deuterostomia
NCBITaxon:9727	NCBITaxon:40674	10	class	Mammalia
NCBITaxon:9727	NCBITaxon:6072	23	clade	Eumetazoa
NCBITaxon:9727	NCBITaxon:7711	20	phylum	Chordata
NCBITaxon:9727	NCBITaxon:7742	18	clade	Vertebrata
NCBITaxon:9727	NCBITaxon:7776	17	clade	Gnathostomata
NCBITaxon:9727	NCBITaxon:8287	14	superclass	Sarcopterygii
NCBITaxon:9727	NCBITaxon:89593	19	subphylum	Craniata
NCBITaxon:9727	NCBITaxon:91561	5	order	Artiodactyla
NCBITaxon:9727	NCBITaxon:9347	8	clade	Eutheria
NCBITaxon:9727	NCBITaxon:9721	3	infraorder	Cetacea
NCBITaxon:9727	NCBITaxon:9722	2	parvorder	Odontoceti
NCBITaxon:9727	NCBITaxon:9726	1	family	Delphinidae
NCBITaxon:9727	NCBITaxon:9727	0	genus	Delphinus
NCBITaxon:9728	NCBITaxon:117570	17	clade	Teleostomi
NCBITaxon:9728	NCBITaxon:117571	16	clade	Euteleostomi
NCBITaxon:9728	NCBITaxon:131567	28	cellular root	cellular organisms
NCBITaxon:9728	NCBITaxon:1338369	14	clade	Dipnotetrapodomorpha
NCBITaxon:9728	NCBITaxon:1437010	8	clade	Boreoeutheria
NCBITaxon:9728	NCBITaxon:2653789	5	suborder	Whippomorpha
NCBITaxon:9728	NCBITaxon:2759	27	domain	Eukaryota
NCBITaxon:9728	NCBITaxon:314145	7	superorder	Laurasiatheria
NCBITaxon:9728	NCBITaxon:32523	13	clade	Tetrapoda
NCBITaxon:9728	NCBITaxon:32524	12	clade	Amniota
NCBITaxon:9728	NCBITaxon:32525	10	clade	Theria
NCBITaxon:9728	NCBITaxon:33154	26	clade	Opisthokonta
NCBITaxon:9728	NCBITaxon:33208	25	kingdom	Metazoa
NCBITaxon:9728	NCBITaxon:33213	23	clade	Bilateria
NCBITaxon:9728	NCBITaxon:33511	22	clade	Deuterostomia
NCBITaxon:9728	NCBITaxon:40674	11	class	Mammalia
NCBITaxon:9728	NCBITaxon:6072	24	clade	Eumetazoa
NCBITaxon:9728	NCBITaxon:7711	21	phylum	Chordata
NCBITaxon:9728	NCBITaxon:7742	19	clade	Vertebrata
NCBITaxon:9728	NCBITaxon:7776	18	clade	Gnathostomata
NCBITaxon:9728	NCBITaxon:8287	15	superclass	Sarcopterygii
NCBITaxon:9728	NCBITaxon:89593	20	subphylum	Craniata
NCBITaxon:9728	NCBITaxon:91561	6	order	Artiodactyla
NCBITaxon:9728	NCBITaxon:9347	9	clade	Eutheria
NCBITaxon:9728	NCBITaxon:9721	4	infraorder	Cetacea
NCBITaxon:9728	NCBITaxon:9722	3	parvorder	Odontoceti
NCBITaxon:9728	NCBITaxon:9726	2	family	Delphinidae
NCBITaxon:9728	NCBITaxon:9727	1	genus	Delphinus
NCBITaxon:9728	NCBITaxon:9728	0	species	Delphinus delphis
NCBITaxon:9729	NCBITaxon:117570	16	clade	Teleostomi
NCBITaxon:9729	NCBITaxon:117571	15	clade	Euteleostomi
NCBITaxon:9729	NCBITaxon:131567	27	cellular root	cellular organisms
NCBITaxon:9729	NCBITaxon:1338369	13	clade	Dipnotetrapodomorpha
NCBITaxon:9729	NCBITaxon:1437010	7	clade	Boreoeutheria
NCBITaxon:9729	NCBITaxon:2653789	4	suborder	Whippomorpha
NCBITaxon:9729	NCBITaxon:2759	26	domain	Eukaryota
NCBITaxon:9729	NCBITaxon:314145	6	superorder	Laurasiatheria
NCBITaxon:9729	NCBITaxon:32523	12	clade	Tetrapoda
NCBITaxon:9729	NCBITaxon:32524	11	clade	Amniota
NCBITaxon:9729	NCBITaxon:32525	9	clade	Theria
NCBITaxon:9729	NCBITaxon:33154	25	clade	Opisthokonta
NCBITaxon:9729	NCBITaxon:33208	24	kingdom	Metazoa
NCBITaxon:9729	NCBITaxon:33213	22	clade	Bilateria
NCBITaxon:9729	NCBITaxon:33511	21	clade	Deuterostomia
NCBITaxon:9729	NCBITaxon:40674	10	class	Mammalia
NCBITaxon:9729	NCBITaxon:6072	23	clade	Eumetazoa
NCBITaxon:9729	NCBITaxon:7711	20	phylum	Chordata
NCBITaxon:9729	NCBITaxon:7742	18	clade	Vertebrata
NCBITaxon:9729	NCBITaxon:7776	17	clade	Gnathostomata
NCBITaxon:9729	NCBITaxon:8287	14	superclass	Sarcopterygii
NCBITaxon:9729	NCBITaxon:89593	19	subphylum	Craniata
NCBITaxon:9729	NCBITaxon:91561	5	order	Artiodactyla
NCBITaxon:9729	NCBITaxon:9347	8	clade	Eutheria
NCBITaxon:9729	NCBITaxon:9721	3	infraorder	Cetacea
NCBITaxon:9729	NCBITaxon:9722	2	parvorder	Odontoceti
NCBITaxon:9729	NCBITaxon:9726	1	family	Delphinidae
NCBITaxon:9729	NCBITaxon:9729	0	genus	Globicephala
NCBITaxon:9732	NCBITaxon:117570	16	clade	Teleostomi
NCBITaxon:9732	NCBITaxon:117571	15	clade	Euteleostomi
NCBITaxon:9732	NCBITaxon:131567	27	cellular root	cellular organisms
NCBITaxon:9732	NCBITaxon:1338369	13	clade	Dipnotetrapodomorpha
NCBITaxon:9732	NCBITaxon:1437010	7	clade	Boreoeutheria
NCBITaxon:9732	NCBITaxon:2653789	4	suborder	Whippomorpha
NCBITaxon:9732	NCBITaxon:2759	26	domain	Eukaryota
NCBITaxon:9732	NCBITaxon:314145	6	superorder	Laurasiatheria
NCBITaxon:9732	NCBITaxon:32523	12	clade	Tetrapoda
NCBITaxon:9732	NCBITaxon:32524	11	clade	Amniota
NCBITaxon:9732	NCBITaxon:32525	9	clade	Theria
NCBITaxon:9732	NCBITaxon:33154	25	clade	Opisthokonta
NCBITaxon:9732	NCBITaxon:33208	24	kingdom	Metazoa
NCBITaxon:9732	NCBITaxon:33213	22	clade	Bilateria
NCBITaxon:9732	NCBITaxon:33511	21	clade	Deuterostomia
NCBITaxon:9732	NCBITaxon:40674	10	class	Mammalia
NCBITaxon:9732	NCBITaxon:6072	23	clade	Eumetazoa
NCBITaxon:9732	NCBITaxon:7711	20	phylum	Chordata
NCBITaxon:9732	NCBITaxon:7742	18	clade	Vertebrata
NCBITaxon:9732	NCBITaxon:7776	17	clade	Gnathostomata
NCBITaxon:9732	NCBITaxon:8287	14	superclass	Sarcopterygii
NCBITaxon:9732	NCBITaxon:89593	19	subphylum	Craniata
NCBITaxon:9732	NCBITaxon:91561	5	order	Artiodactyla
NCBITaxon:9732	NCBITaxon:9347	8	clade	Eutheria
NCBITaxon:9732	NCBITaxon:9721	3	infraorder	Cetacea
NCBITaxon:9732	NCBITaxon:9722	2	parvorder	Odontoceti
NCBITaxon:9732	NCBITaxon:9726	1	family	Delphinidae
NCBITaxon:9732	NCBITaxon:9732	0	genus	Orcinus
NCBITaxon:9733	NCBITaxon:117570	17	clade	Teleostomi
NCBITaxon:9733	NCBITaxon:117571	16	clade	Euteleostomi
NCBITaxon:9733	NCBITaxon:131567	28	cellular root	cellular organisms
NCBITaxon:9733	NCBITaxon:1338369	14	clade	Dipnotetrapodomorpha
NCBITaxon:9733	NCBITaxon:1437010	8	clade	Boreoeutheria
NCBITaxon:9733	NCBITaxon:2653789	5	suborder	Whippomorpha
NCBITaxon:9733	NCBITaxon:2759	27	domain	Eukaryota
NCBITaxon:9733	NCBITaxon:314145	7	superorder	Laurasiatheria
NCBITaxon:9733	NCBITaxon:32523	13	clade	Tetrapoda
NCBITaxon:9733	NCBITaxon:32524	12	clade	Amniota
NCBITaxon:9733	NCBITaxon:32525	10	clade	Theria
NCBITaxon:9733	NCBITaxon:33154	26	clade	Opisthokonta
NCBITaxon:9733	NCBITaxon:33208	25	kingdom	Metazoa
NCBITaxon:9733	NCBITaxon:33213	23	clade	Bilateria
NCBITaxon:9733	NCBITaxon:33511	22	clade	Deuterostomia
NCBITaxon:9733	NCBITaxon:40674	11	class	Mammalia
NCBITaxon:9733	NCBITaxon:6072	24	clade	Eumetazoa
NCBITaxon:9733	NCBITaxon:7711	21	phylum	Chordata
NCBITaxon:9733	NCBITaxon:7742	19	clade	Vertebrata
NCBITaxon:9733	NCBITaxon:7776	18	clade	Gnathostomata
NCBITaxon:9733	NCBITaxon:8287	15	superclass	Sarcopterygii
NCBITaxon:9733	NCBITaxon:89593	20	subphylum	Craniata
NCBITaxon:9733	NCBITaxon:91561	6	order	Artiodactyla
NCBITaxon:9733	NCBITaxon:9347	9	clade	Eutheria
NCBITaxon:9733	NCBITaxon:9721	4	infraorder	Cetacea
NCBITaxon:9733	NCBITaxon:9722	3	parvorder	Odontoceti
NCBITaxon:9733	NCBITaxon:9726	2	family	Delphinidae
NCBITaxon:9733	NCBITaxon:9732	1	genus	Orcinus
NCBITaxon:9733	NCBITaxon:9733	0	species	Orcinus orca
NCBITaxon:9734	NCBITaxon:117570	16	clade	Teleostomi
NCBITaxon:9734	NCBITaxon:117571	15	clade	Euteleostomi
NCBITaxon:9734	NCBITaxon:131567	27	cellular root	cellular organisms
NCBITaxon:9734	NCBITaxon:1338369	13	clade	Dipnotetrapodomorpha
NCBITaxon:9734	NCBITaxon:1437010	7	clade	Boreoeutheria
NCBITaxon:9734	NCBITaxon:2653789	4	suborder	Whippomorpha
NCBITaxon:9734	NCBITaxon:2759	26	domain	Eukaryota
NCBITaxon:9734	NCBITaxon:314145	6	superorder	Laurasiatheria
NCBITaxon:9734	NCBITaxon:32523	12	clade	Tetrapoda
NCBITaxon:9734	NCBITaxon:32524	11	clade	Amniota
NCBITaxon:9734	NCBITaxon:32525	9	clade	Theria
NCBITaxon:9734	NCBITaxon:33154	25	clade	Opisthokonta
NCBITaxon:9734	NCBITaxon:33208	24	kingdom	Metazoa
NCBITaxon:9734	NCBITaxon:33213	22	clade	Bilateria
NCBITaxon:9734	NCBITaxon:33511	21	clade	Deuterostomia
NCBITaxon:9734	NCBITaxon:40674	10	class	Mammalia
NCBITaxon:9734	NCBITaxon:6072	23	clade	Eumetazoa
NCBITaxon:9734	NCBITaxon:7711	20	phylum	Chordata
NCBITaxon:9734	NCBITaxon:7742	18	clade	Vertebrata
NCBITaxon:9734	NCBITaxon:7776	17	clade	Gnathostomata
NCBITaxon:9734	NCBITaxon:8287	14	superclass	Sarcopterygii
NCBITaxon:9734	NCBITaxon:89593	19	subphylum	Craniata
NCBITaxon:9734	NCBITaxon:91561	5	order	Artiodactyla
NCBITaxon:9734	NCBITaxon:9347	8	clade	Eutheria
NCBITaxon:9734	NCBITaxon:9721	3	infraorder	Cetacea
NCBITaxon:9734	NCBITaxon:9722	2	parvorder	Odontoceti
NCBITaxon:9734	NCBITaxon:9726	1	family	Delphinidae
NCBITaxon:9734	NCBITaxon:9734	0	genus	Stenella
NCBITaxon:9737	NCBITaxon:117570	17	clade	Teleostomi
NCBITaxon:9737	NCBITaxon:117571	16	clade	Euteleostomi
NCBITaxon:9737	NCBITaxon:131567	28	cellular root	cellular organisms
NCBITaxon:9737	NCBITaxon:1338369	14	clade	Dipnotetrapodomorpha
NCBITaxon:9737	NCBITaxon:1437010	8	clade	Boreoeutheria
NCBITaxon:9737	NCBITaxon:2653789	5	suborder	Whippomorpha
NCBITaxon:9737	NCBITaxon:2759	27	domain	Eukaryota
NCBITaxon:9737	NCBITaxon:314145	7	superorder	Laurasiatheria
NCBITaxon:9737	NCBITaxon:32523	13	clade	Tetrapoda
NCBITaxon:9737	NCBITaxon:32524	12	clade	Amniota
NCBITaxon:9737	NCBITaxon:32525	10	clade	Theria
NCBITaxon:9737	NCBITaxon:33154	26	clade	Opisthokonta
NCBITaxon:9737	NCBITaxon:33208	25	kingdom	Metazoa
NCBITaxon:9737	NCBITaxon:33213	23	clade	Bilateria
NCBITaxon:9737	NCBITaxon:33511	22	clade	Deuterostomia
NCBITaxon:9737	NCBITaxon:40674	11	class	Mammalia
NCBITaxon:9737	NCBITaxon:6072	24	clade	Eumetazoa
NCBITaxon:9737	NCBITaxon:7711	21	phylum	Chordata
NCBITaxon:9737	NCBITaxon:7742	19	clade	Vertebrata
NCBITaxon:9737	NCBITaxon:7776	18	clade	Gnathostomata
NCBITaxon:9737	NCBITaxon:8287	15	superclass	Sarcopterygii
NCBITaxon:9737	NCBITaxon:89593	20	subphylum	Craniata
NCBITaxon:9737	NCBITaxon:91561	6	order	Artiodactyla
NCBITaxon:9737	NCBITaxon:9347	9	clade	Eutheria
NCBITaxon:9737	NCBITaxon:9721	4	infraorder	Cetacea
NCBITaxon:9737	NCBITaxon:9722	3	parvorder	Odontoceti
NCBITaxon:9737	NCBITaxon:9726	2	family	Delphinidae
NCBITaxon:9737	NCBITaxon:9734	1	genus	Stenella
NCBITaxon:9737	NCBITaxon:9737	0	species	Stenella coeruleoalba
NCBITaxon:9738	NCBITaxon:117570	16	clade	Teleostomi
NCBITaxon:9738	NCBITaxon:117571	15	clade	Euteleostomi
NCBITaxon:9738	NCBITaxon:131567	27	cellular root	cellular organisms
NCBITaxon:9738	NCBITaxon:1338369	13	clade	Dipnotetrapodomorpha
NCBITaxon:9738	NCBITaxon:1437010	7	clade	Boreoeutheria
NCBITaxon:9738	NCBITaxon:2653789	4	suborder	Whippomorpha
NCBITaxon:9738	NCBITaxon:2759	26	domain	Eukaryota
NCBITaxon:9738	NCBITaxon:314145	6	superorder	Laurasiatheria
NCBITaxon:9738	NCBITaxon:32523	12	clade	Tetrapoda
NCBITaxon:9738	NCBITaxon:32524	11	clade	Amniota
NCBITaxon:9738	NCBITaxon:32525	9	clade	Theria
NCBITaxon:9738	NCBITaxon:33154	25	clade	Opisthokonta
NCBITaxon:9738	NCBITaxon:33208	24	kingdom	Metazoa
NCBITaxon:9738	NCBITaxon:33213	22	clade	Bilateria
NCBITaxon:9738	NCBITaxon:33511	21	clade	Deuterostomia
NCBITaxon:9738	NCBITaxon:40674	10	class	Mammalia
NCBITaxon:9738	NCBITaxon:6072	23	clade	Eumetazoa
NCBITaxon:9738	NCBITaxon:7711	20	phylum	Chordata
NCBITaxon:9738	NCBITaxon:7742	18	clade	Vertebrata
NCBITaxon:9738	NCBITaxon:7776	17	clade	Gnathostomata
NCBITaxon:9738	NCBITaxon:8287	14	superclass	Sarcopterygii
NCBITaxon:9738	NCBITaxon:89593	19	subphylum	Craniata
NCBITaxon:9738	NCBITaxon:91561	5	order	Artiodactyla
NCBITaxon:9738	NCBITaxon:9347	8	clade	Eutheria
NCBITaxon:9738	NCBITaxon:9721	3	infraorder	Cetacea
NCBITaxon:9738	NCBITaxon:9722	2	parvorder	Odontoceti
NCBITaxon:9738	NCBITaxon:9726	1	family	Delphinidae
NCBITaxon:9738	NCBITaxon:9738	0	genus	Tursiops
NCBITaxon:9739	NCBITaxon:117570	17	clade	Teleostomi
NCBITaxon:9739	NCBITaxon:117571	16	clade	Euteleostomi
NCBITaxon:9739	NCBITaxon:131567	28	cellular root	cellular organisms
NCBITaxon:9739	NCBITaxon:1338369	14	clade	Dipnotetrapodomorpha
NCBITaxon:9739	NCBITaxon:1437010	8	clade	Boreoeutheria
NCBITaxon:9739	NCBITaxon:2653789	5	suborder	Whippomorpha
NCBITaxon:9739	NCBITaxon:2759	27	domain	Eukaryota
NCBITaxon:9739	NCBITaxon:314145	7	superorder	Laurasiatheria
NCBITaxon:9739	NCBITaxon:32523	13	clade	Tetrapoda
NCBITaxon:9739	NCBITaxon:32524	12	clade	Amniota
NCBITaxon:9739	NCBITaxon:32525	10	clade	Theria
NCBITaxon:9739	NCBITaxon:33154	26	clade	Opisthokonta
NCBITaxon:9739	NCBITaxon:33208	25	kingdom	Metazoa
NCBITaxon:9739	NCBITaxon:33213	23	clade	Bilateria
NCBITaxon:9739	NCBITaxon:33511	22	clade	Deuterostomia
NCBITaxon:9739	NCBITaxon:40674	11	class	Mammalia
NCBITaxon:9739	NCBITaxon:6072	24	clade	Eumetazoa
NCBITaxon:9739	NCBITaxon:7711	21	phylum	Chordata
NCBITaxon:9739	NCBITaxon:7742	19	clade	Vertebrata
NCBITaxon:9739	NCBITaxon:7776	18	clade	Gnathostomata
NCBITaxon:9739	NCBITaxon:8287	15	superclass	Sarcopterygii
NCBITaxon:9739	NCBITaxon:89593	20	subphylum	Craniata
NCBITaxon:9739	NCBITaxon:91561	6	order	Artiodactyla
NCBITaxon:9739	NCBITaxon:9347	9	clade	Eutheria
NCBITaxon:9739	NCBITaxon:9721	4	infraorder	Cetacea
NCBITaxon:9739	NCBITaxon:9722	3	parvorder	Odontoceti
NCBITaxon:9739	NCBITaxon:9726	2	family	Delphinidae
NCBITaxon:9739	NCBITaxon:9738	1	genus	Tursiops
NCBITaxon:9739	NCBITaxon:9739	0	species	Tursiops truncatus
NCBITaxon:9740	NCBITaxon:117570	15	clade	Teleostomi
NCBITaxon:9740	NCBITaxon:117571	14	clade	Euteleostomi
NCBITaxon:9740	NCBITaxon:131567	26	cellular root	cellular organisms
NCBITaxon:9740	NCBITaxon:1338369	12	clade	Dipnotetrapodomorpha
NCBITaxon:9740	NCBITaxon:1437010	6	clade	Boreoeutheria
NCBITaxon:9740	NCBITaxon:2653789	3	suborder	Whippomorpha
NCBITaxon:9740	NCBITaxon:2759	25	domain	Eukaryota
NCBITaxon:9740	NCBITaxon:314145	5	superorder	Laurasiatheria
NCBITaxon:9740	NCBITaxon:32523	11	clade	Tetrapoda
NCBITaxon:9740	NCBITaxon:32524	10	clade	Amniota
NCBITaxon:9740	NCBITaxon:32525	8	clade	Theria
NCBITaxon:9740	NCBITaxon:33154	24	clade	Opisthokonta
NCBITaxon:9740	NCBITaxon:33208	23	kingdom	Metazoa
NCBITaxon:9740	NCBITaxon:33213	21	clade	Bilateria
NCBITaxon:9740	NCBITaxon:33511	20	clade	Deuterostomia
NCBITaxon:9740	NCBITaxon:40674	9	class	Mammalia
NCBITaxon:9740	NCBITaxon:6072	22	clade	Eumetazoa
NCBITaxon:9740	NCBITaxon:7711	19	phylum	Chordata
NCBITaxon:9740	NCBITaxon:7742	17	clade	Vertebrata
NCBITaxon:9740	NCBITaxon:7776	16	clade	Gnathostomata
NCBITaxon:9740	NCBITaxon:8287	13	superclass	Sarcopterygii
NCBITaxon:9740	NCBITaxon:89593	18	subphylum	Craniata
NCBITaxon:9740	NCBITaxon:91561	4	order	Artiodactyla
NCBITaxon:9740	NCBITaxon:9347	7	clade	Eutheria
NCBITaxon:9740	NCBITaxon:9721	2	infraorder	Cetacea
NCBITaxon:9740	NCBITaxon:9722	1	parvorder	Odontoceti
NCBITaxon:9740	NCBITaxon:9740	0	family	Phocoenidae
NCBITaxon:9741	NCBITaxon:117570	16	clade	Teleostomi
NCBITaxon:9741	NCBITaxon:117571	15	clade	Euteleostomi
NCBITaxon:9741	NCBITaxon:131567	27	cellular root	cellular organisms
NCBITaxon:9741	NCBITaxon:1338369	13	clade	Dipnotetrapodomorpha
NCBITaxon:9741	NCBITaxon:1437010	7	clade	Boreoeutheria
NCBITaxon:9741	NCBITaxon:2653789	4	suborder	Whippomorpha
NCBITaxon:9741	NCBITaxon:2759	26	domain	Eukaryota
NCBITaxon:9741	NCBITaxon:314145	6	superorder	Laurasiatheria
NCBITaxon:9741	NCBITaxon:32523	12	clade	Tetrapoda
NCBITaxon:9741	NCBITaxon:32524	11	clade	Amniota
NCBITaxon:9741	NCBITaxon:32525	9	clade	Theria
NCBITaxon:9741	NCBITaxon:33154	25	clade	Opisthokonta
NCBITaxon:9741	NCBITaxon:33208	24	kingdom	Metazoa
NCBITaxon:9741	NCBITaxon:33213	22	clade	Bilateria
NCBITaxon:9741	NCBITaxon:33511	21	clade	Deuterostomia
NCBITaxon:9741	NCBITaxon:40674	10	class	Mammalia
NCBITaxon:9741	NCBITaxon:6072	23	clade	Eumetazoa
NCBITaxon:9741	NCBITaxon:7711	20	phylum	Chordata
NCBITaxon:9741	NCBITaxon:7742	18	clade	Vertebrata
NCBITaxon:9741	NCBITaxon:7776	17	clade	Gnathostomata
NCBITaxon:9741	NCBITaxon:8287	14	superclass	Sarcopterygii
NCBITaxon:9741	NCBITaxon:89593	19	subphylum	Craniata
NCBITaxon:9741	NCBITaxon:91561	5	order	Artiodactyla
NCBITaxon:9741	NCBITaxon:9347	8	clade	Eutheria
NCBITaxon:9741	NCBITaxon:9721	3	infraorder	Cetacea
NCBITaxon:9741	NCBITaxon:9722	2	parvorder	Odontoceti
NCBITaxon:9741	NCBITaxon:9740	1	family	Phocoenidae
NCBITaxon:9741	NCBITaxon:9741	0	genus	Phocoena
NCBITaxon:9742	NCBITaxon:117570	17	clade	Teleostomi
NCBITaxon:9742	NCBITaxon:117571	16	clade	Euteleostomi
NCBITaxon:9742	NCBITaxon:131567	28	cellular root	cellular organisms
NCBITaxon:9742	NCBITaxon:1338369	14	clade	Dipnotetrapodomorpha
NCBITaxon:9742	NCBITaxon:1437010	8	clade	Boreoeutheria
NCBITaxon:9742	NCBITaxon:2653789	5	suborder	Whippomorpha
NCBITaxon:9742	NCBITaxon:2759	27	domain	Eukaryota
NCBITaxon:9742	NCBITaxon:314145	7	superorder	Laurasiatheria
NCBITaxon:9742	NCBITaxon:32523	13	clade	Tetrapoda
NCBITaxon:9742	NCBITaxon:32524	12	clade	Amniota
NCBITaxon:9742	NCBITaxon:32525	10	clade	Theria
NCBITaxon:9742	NCBITaxon:33154	26	clade	Opisthokonta
NCBITaxon:9742	NCBITaxon:33208	25	kingdom	Metazoa
NCBITaxon:9742	NCBITaxon:33213	23	clade	Bilateria
NCBITaxon:9742	NCBITaxon:33511	22	clade	Deuterostomia
NCBITaxon:9742	NCBITaxon:40674	11	class	Mammalia
NCBITaxon:9742	NCBITaxon:6072	24	clade	Eumetazoa
NCBITaxon:9742	NCBITaxon:7711	21	phylum	Chordata
NCBITaxon:9742	NCBITaxon:7742	19	clade	Vertebrata
NCBITaxon:9742	NCBITaxon:7776	18	clade	Gnathostomata
NCBITaxon:9742	NCBITaxon:8287	15	superclass	Sarcopterygii
NCBITaxon:9742	NCBITaxon:89593	20	subphylum	Craniata
NCBITaxon:9742	NCBITaxon:91561	6	order	Artiodactyla
NCBITaxon:9742	NCBITaxon:9347	9	clade	Eutheria
NCBITaxon:9742	NCBITaxon:9721	4	infraorder	Cetacea
NCBITaxon:9742	NCBITaxon:9722	3	parvorder	Odontoceti
NCBITaxon:9742	NCBITaxon:9740	2	family	Phocoenidae
NCBITaxon:9742	NCBITaxon:9741	1	genus	Phocoena
NCBITaxon:9742	NCBITaxon:9742	0	species	Phocoena phocoena
NCBITaxon:9743	NCBITaxon:117570	16	clade	Teleostomi
NCBITaxon:9743	NCBITaxon:117571	15	clade	Euteleostomi
NCBITaxon:9743	NCBITaxon:131567	27	cellular root	cellular organisms
NCBITaxon:9743	NCBITaxon:1338369	13	clade	Dipnotetrapodomorpha
NCBITaxon:9743	NCBITaxon:1437010	7	clade	Boreoeutheria
NCBITaxon:9743	NCBITaxon:2653789	4	suborder	Whippomorpha
NCBITaxon:9743	NCBITaxon:2759	26	domain	Eukaryota
NCBITaxon:9743	NCBITaxon:314145	6	superorder	Laurasiatheria
NCBITaxon:9743	NCBITaxon:32523	12	clade	Tetrapoda
NCBITaxon:9743	NCBITaxon:32524	11	clade	Amniota
NCBITaxon:9743	NCBITaxon:32525	9	clade	Theria
NCBITaxon:9743	NCBITaxon:33154	25	clade	Opisthokonta
NCBITaxon:9743	NCBITaxon:33208	24	kingdom	Metazoa
NCBITaxon:9743	NCBITaxon:33213	22	clade	Bilateria
NCBITaxon:9743	NCBITaxon:33511	21	clade	Deuterostomia
NCBITaxon:9743	NCBITaxon:40674	10	class	Mammalia
NCBITaxon:9743	NCBITaxon:6072	23	clade	Eumetazoa
NCBITaxon:9743	NCBITaxon:7711	20	phylum	Chordata
NCBITaxon:9743	NCBITaxon:7742	18	clade	Vertebrata
NCBITaxon:9743	NCBITaxon:7776	17	clade	Gnathostomata
NCBITaxon:9743	NCBITaxon:8287	14	superclass	Sarcopterygii
NCBITaxon:9743	NCBITaxon:89593	19	subphylum	Craniata
NCBITaxon:9743	NCBITaxon:91561	5	order	Artiodactyla
NCBITaxon:9743	NCBITaxon:9347	8	clade	Eutheria
NCBITaxon:9743	NCBITaxon:9721	3	infraorder	Cetacea
NCBITaxon:9743	NCBITaxon:9722	2	parvorder	Odontoceti
NCBITaxon:9743	NCBITaxon:9740	1	family	Phocoenidae
NCBITaxon:9743	NCBITaxon:9743	0	genus	Phocoenoides
NCBITaxon:9744	NCBITaxon:117570	17	clade	Teleostomi
NCBITaxon:9744	NCBITaxon:117571	16	clade	Euteleostomi
NCBITaxon:9744	NCBITaxon:131567	28	cellular root	cellular organisms
NCBITaxon:9744	NCBITaxon:1338369	14	clade	Dipnotetrapodomorpha
NCBITaxon:9744	NCBITaxon:1437010	8	clade	Boreoeutheria
NCBITaxon:9744	NCBITaxon:2653789	5	suborder	Whippomorpha
NCBITaxon:9744	NCBITaxon:2759	27	domain	Eukaryota
NCBITaxon:9744	NCBITaxon:314145	7	superorder	Laurasiatheria
NCBITaxon:9744	NCBITaxon:32523	13	clade	Tetrapoda
NCBITaxon:9744	NCBITaxon:32524	12	clade	Amniota
NCBITaxon:9744	NCBITaxon:32525	10	clade	Theria
NCBITaxon:9744	NCBITaxon:33154	26	clade	Opisthokonta
NCBITaxon:9744	NCBITaxon:33208	25	kingdom	Metazoa
NCBITaxon:9744	NCBITaxon:33213	23	clade	Bilateria
NCBITaxon:9744	NCBITaxon:33511	22	clade	Deuterostomia
NCBITaxon:9744	NCBITaxon:40674	11	class	Mammalia
NCBITaxon:9744	NCBITaxon:6072	24	clade	Eumetazoa
NCBITaxon:9744	NCBITaxon:7711	21	phylum	Chordata
NCBITaxon:9744	NCBITaxon:7742	19	clade	Vertebrata
NCBITaxon:9744	NCBITaxon:7776	18	clade	Gnathostomata
NCBITaxon:9744	NCBITaxon:8287	15	superclass	Sarcopterygii
NCBITaxon:9744	NCBITaxon:89593	20	subphylum	Craniata
NCBITaxon:9744	NCBITaxon:91561	6	order	Artiodactyla
NCBITaxon:9744	NCBITaxon:9347	9	clade	Eutheria
NCBITaxon:9744	NCBITaxon:9721	4	infraorder	Cetacea
NCBITaxon:9744	NCBITaxon:9722	3	parvorder	Odontoceti
NCBITaxon:9744	NCBITaxon:9740	2	family	Phocoenidae
NCBITaxon:9744	NCBITaxon:9743	1	genus	Phocoenoides
NCBITaxon:9744	NCBITaxon:9744	0	species	Phocoenoides dalli
NCBITaxon:9747	NCBITaxon:117570	15	clade	Teleostomi
NCBITaxon:9747	NCBITaxon:117571	14	clade	Euteleostomi
NCBITaxon:9747	NCBITaxon:131567	26	cellular root	cellular organisms
NCBITaxon:9747	NCBITaxon:1338369	12	clade	Dipnotetrapodomorpha
NCBITaxon:9747	NCBITaxon:1437010	6	clade	Boreoeutheria
NCBITaxon:9747	NCBITaxon:2653789	3	suborder	Whippomorpha
NCBITaxon:9747	NCBITaxon:2759	25	domain	Eukaryota
NCBITaxon:9747	NCBITaxon:314145	5	superorder	Laurasiatheria
NCBITaxon:9747	NCBITaxon:32523	11	clade	Tetrapoda
NCBITaxon:9747	NCBITaxon:32524	10	clade	Amniota
NCBITaxon:9747	NCBITaxon:32525	8	clade	Theria
NCBITaxon:9747	NCBITaxon:33154	24	clade	Opisthokonta
NCBITaxon:9747	NCBITaxon:33208	23	kingdom	Metazoa
NCBITaxon:9747	NCBITaxon:33213	21	clade	Bilateria
NCBITaxon:9747	NCBITaxon:33511	20	clade	Deuterostomia
NCBITaxon:9747	NCBITaxon:40674	9	class	Mammalia
NCBITaxon:9747	NCBITaxon:6072	22	clade	Eumetazoa
NCBITaxon:9747	NCBITaxon:7711	19	phylum	Chordata
NCBITaxon:9747	NCBITaxon:7742	17	clade	Vertebrata
NCBITaxon:9747	NCBITaxon:7776	16	clade	Gnathostomata
NCBITaxon:9747	NCBITaxon:8287	13	superclass	Sarcopterygii
NCBITaxon:9747	NCBITaxon:89593	18	subphylum	Craniata
NCBITaxon:9747	NCBITaxon:91561	4	order	Artiodactyla
NCBITaxon:9747	NCBITaxon:9347	7	clade	Eutheria
NCBITaxon:9747	NCBITaxon:9721	2	infraorder	Cetacea
NCBITaxon:9747	NCBITaxon:9722	1	parvorder	Odontoceti
NCBITaxon:9747	NCBITaxon:9747	0	family	Monodontidae
NCBITaxon:9748	NCBITaxon:117570	16	clade	Teleostomi
NCBITaxon:9748	NCBITaxon:117571	15	clade	Euteleostomi
NCBITaxon:9748	NCBITaxon:131567	27	cellular root	cellular organisms
NCBITaxon:9748	NCBITaxon:1338369	13	clade	Dipnotetrapodomorpha
NCBITaxon:9748	NCBITaxon:1437010	7	clade	Boreoeutheria
NCBITaxon:9748	NCBITaxon:2653789	4	suborder	Whippomorpha
NCBITaxon:9748	NCBITaxon:2759	26	domain	Eukaryota
NCBITaxon:9748	NCBITaxon:314145	6	superorder	Laurasiatheria
NCBITaxon:9748	NCBITaxon:32523	12	clade	Tetrapoda
NCBITaxon:9748	NCBITaxon:32524	11	clade	Amniota
NCBITaxon:9748	NCBITaxon:32525	9	clade	Theria
NCBITaxon:9748	NCBITaxon:33154	25	clade	Opisthokonta
NCBITaxon:9748	NCBITaxon:33208	24	kingdom	Metazoa
NCBITaxon:9748	NCBITaxon:33213	22	clade	Bilateria
NCBITaxon:9748	NCBITaxon:33511	21	clade	Deuterostomia
NCBITaxon:9748	NCBITaxon:40674	10	class	Mammalia
NCBITaxon:9748	NCBITaxon:6072	23	clade	Eumetazoa
NCBITaxon:9748	NCBITaxon:7711	20	phylum	Chordata
NCBITaxon:9748	NCBITaxon:7742	18	clade	Vertebrata
NCBITaxon:9748	NCBITaxon:7776	17	clade	Gnathostomata
NCBITaxon:9748	NCBITaxon:8287	14	superclass	Sarcopterygii
NCBITaxon:9748	NCBITaxon:89593	19	subphylum	Craniata
NCBITaxon:9748	NCBITaxon:91561	5	order	Artiodactyla
NCBITaxon:9748	NCBITaxon:9347	8	clade	Eutheria
NCBITaxon:9748	NCBITaxon:9721	3	infraorder	Cetacea
NCBITaxon:9748	NCBITaxon:9722	2	parvorder	Odontoceti
NCBITaxon:9748	NCBITaxon:9747	1	family	Monodontidae
NCBITaxon:9748	NCBITaxon:9748	0	genus	Delphinapterus
NCBITaxon:9749	NCBITaxon:117570	17	clade	Teleostomi
NCBITaxon:9749	NCBITaxon:117571	16	clade	Euteleostomi
NCBITaxon:9749	NCBITaxon:131567	28	cellular root	cellular organisms
NCBITaxon:9749	NCBITaxon:1338369	14	clade	Dipnotetrapodomorpha
NCBITaxon:9749	NCBITaxon:1437010	8	clade	Boreoeutheria
NCBITaxon:9749	NCBITaxon:2653789	5	suborder	Whippomorpha
NCBITaxon:9749	NCBITaxon:2759	27	domain	Eukaryota
NCBITaxon:9749	NCBITaxon:314145	7	superorder	Laurasiatheria
NCBITaxon:9749	NCBITaxon:32523	13	clade	Tetrapoda
NCBITaxon:9749	NCBITaxon:32524	12	clade	Amniota
NCBITaxon:9749	NCBITaxon:32525	10	clade	Theria
NCBITaxon:9749	NCBITaxon:33154	26	clade	Opisthokonta
NCBITaxon:9749	NCBITaxon:33208	25	kingdom	Metazoa
NCBITaxon:9749	NCBITaxon:33213	23	clade	Bilateria
NCBITaxon:9749	NCBITaxon:33511	22	clade	Deuterostomia
NCBITaxon:9749	NCBITaxon:40674	11	class	Mammalia
NCBITaxon:9749	NCBITaxon:6072	24	clade	Eumetazoa
NCBITaxon:9749	NCBITaxon:7711	21	phylum	Chordata
NCBITaxon:9749	NCBITaxon:7742	19	clade	Vertebrata
NCBITaxon:9749	NCBITaxon:7776	18	clade	Gnathostomata
NCBITaxon:9749	NCBITaxon:8287	15	superclass	Sarcopterygii
NCBITaxon:9749	NCBITaxon:89593	20	subphylum	Craniata
NCBITaxon:9749	NCBITaxon:91561	6	order	Artiodactyla
NCBITaxon:9749	NCBITaxon:9347	9	clade	Eutheria
NCBITaxon:9749	NCBITaxon:9721	4	infraorder	Cetacea
NCBITaxon:9749	NCBITaxon:9722	3	parvorder	Odontoceti
NCBITaxon:9749	NCBITaxon:9747	2	family	Monodontidae
NCBITaxon:9749	NCBITaxon:9748	1	genus	Delphinapterus
NCBITaxon:9749	NCBITaxon:9749	0	species	Delphinapterus leucas
NCBITaxon:9750	NCBITaxon:117570	15	clade	Teleostomi
NCBITaxon:9750	NCBITaxon:117571	14	clade	Euteleostomi
NCBITaxon:9750	NCBITaxon:131567	26	cellular root	cellular organisms
NCBITaxon:9750	NCBITaxon:1338369	12	clade	Dipnotetrapodomorpha
NCBITaxon:9750	NCBITaxon:1437010	6	clade	Boreoeutheria
NCBITaxon:9750	NCBITaxon:2653789	3	suborder	Whippomorpha
NCBITaxon:9750	NCBITaxon:2759	25	domain	Eukaryota
NCBITaxon:9750	NCBITaxon:314145	5	superorder	Laurasiatheria
NCBITaxon:9750	NCBITaxon:32523	11	clade	Tetrapoda
NCBITaxon:9750	NCBITaxon:32524	10	clade	Amniota
NCBITaxon:9750	NCBITaxon:32525	8	clade	Theria
NCBITaxon:9750	NCBITaxon:33154	24	clade	Opisthokonta
NCBITaxon:9750	NCBITaxon:33208	23	kingdom	Metazoa
NCBITaxon:9750	NCBITaxon:33213	21	clade	Bilateria
NCBITaxon:9750	NCBITaxon:33511	20	clade	Deuterostomia
NCBITaxon:9750	NCBITaxon:40674	9	class	Mammalia
NCBITaxon:9750	NCBITaxon:6072	22	clade	Eumetazoa
NCBITaxon:9750	NCBITaxon:7711	19	phylum	Chordata
NCBITaxon:9750	NCBITaxon:7742	17	clade	Vertebrata
NCBITaxon:9750	NCBITaxon:7776	16	clade	Gnathostomata
NCBITaxon:9750	NCBITaxon:8287	13	superclass	Sarcopterygii
NCBITaxon:9750	NCBITaxon:89593	18	subphylum	Craniata
NCBITaxon:9750	NCBITaxon:91561	4	order	Artiodactyla
NCBITaxon:9750	NCBITaxon:9347	7	clade	Eutheria
NCBITaxon:9750	NCBITaxon:9721	2	infraorder	Cetacea
NCBITaxon:9750	NCBITaxon:9722	1	parvorder	Odontoceti
NCBITaxon:9750	NCBITaxon:9750	0	family	Physeteridae
NCBITaxon:9751	NCBITaxon:117570	16	clade	Teleostomi
NCBITaxon:9751	NCBITaxon:117571	15	clade	Euteleostomi
NCBITaxon:9751	NCBITaxon:131567	27	cellular root	cellular organisms
NCBITaxon:9751	NCBITaxon:1338369	13	clade	Dipnotetrapodomorpha
NCBITaxon:9751	NCBITaxon:1437010	7	clade	Boreoeutheria
NCBITaxon:9751	NCBITaxon:2653789	4	suborder	Whippomorpha
NCBITaxon:9751	NCBITaxon:2759	26	domain	Eukaryota
NCBITaxon:9751	NCBITaxon:314145	6	superorder	Laurasiatheria
NCBITaxon:9751	NCBITaxon:32523	12	clade	Tetrapoda
NCBITaxon:9751	NCBITaxon:32524	11	clade	Amniota
NCBITaxon:9751	NCBITaxon:32525	9	clade	Theria
NCBITaxon:9751	NCBITaxon:33154	25	clade	Opisthokonta
NCBITaxon:9751	NCBITaxon:33208	24	kingdom	Metazoa
NCBITaxon:9751	NCBITaxon:33213	22	clade	Bilateria
NCBITaxon:9751	NCBITaxon:33511	21	clade	Deuterostomia
NCBITaxon:9751	NCBITaxon:40674	10	class	Mammalia
NCBITaxon:9751	NCBITaxon:6072	23	clade	Eumetazoa
NCBITaxon:9751	NCBITaxon:7711	20	phylum	Chordata
NCBITaxon:9751	NCBITaxon:7742	18	clade	Vertebrata
NCBITaxon:9751	NCBITaxon:7776	17	clade	Gnathostomata
NCBITaxon:9751	NCBITaxon:8287	14	superclass	Sarcopterygii
NCBITaxon:9751	NCBITaxon:89593	19	subphylum	Craniata
NCBITaxon:9751	NCBITaxon:91561	5	order	Artiodactyla
NCBITaxon:9751	NCBITaxon:9347	8	clade	Eutheria
NCBITaxon:9751	NCBITaxon:9721	3	infraorder	Cetacea
NCBITaxon:9751	NCBITaxon:9722	2	parvorder	Odontoceti
NCBITaxon:9751	NCBITaxon:9750	1	family	Physeteridae
NCBITaxon:9751	NCBITaxon:9751	0	genus	Kogia
NCBITaxon:9752	NCBITaxon:117570	17	clade	Teleostomi
NCBITaxon:9752	NCBITaxon:117571	16	clade	Euteleostomi
NCBITaxon:9752	NCBITaxon:131567	28	cellular root	cellular organisms
NCBITaxon:9752	NCBITaxon:1338369	14	clade	Dipnotetrapodomorpha
NCBITaxon:9752	NCBITaxon:1437010	8	clade	Boreoeutheria
NCBITaxon:9752	NCBITaxon:2653789	5	suborder	Whippomorpha
NCBITaxon:9752	NCBITaxon:2759	27	domain	Eukaryota
NCBITaxon:9752	NCBITaxon:314145	7	superorder	Laurasiatheria
NCBITaxon:9752	NCBITaxon:32523	13	clade	Tetrapoda
NCBITaxon:9752	NCBITaxon:32524	12	clade	Amniota
NCBITaxon:9752	NCBITaxon:32525	10	clade	Theria
NCBITaxon:9752	NCBITaxon:33154	26	clade	Opisthokonta
NCBITaxon:9752	NCBITaxon:33208	25	kingdom	Metazoa
NCBITaxon:9752	NCBITaxon:33213	23	clade	Bilateria
NCBITaxon:9752	NCBITaxon:33511	22	clade	Deuterostomia
NCBITaxon:9752	NCBITaxon:40674	11	class	Mammalia
NCBITaxon:9752	NCBITaxon:6072	24	clade	Eumetazoa
NCBITaxon:9752	NCBITaxon:7711	21	phylum	Chordata
NCBITaxon:9752	NCBITaxon:7742	19	clade	Vertebrata
NCBITaxon:9752	NCBITaxon:7776	18	clade	Gnathostomata
NCBITaxon:9752	NCBITaxon:8287	15	superclass	Sarcopterygii
NCBITaxon:9752	NCBITaxon:89593	20	subphylum	Craniata
NCBITaxon:9752	NCBITaxon:91561	6	order	Artiodactyla
NCBITaxon:9752	NCBITaxon:9347	9	clade	Eutheria
NCBITaxon:9752	NCBITaxon:9721	4	infraorder	Cetacea
NCBITaxon:9752	NCBITaxon:9722	3	parvorder	Odontoceti
NCBITaxon:9752	NCBITaxon:9750	2	family	Physeteridae
NCBITaxon:9752	NCBITaxon:9751	1	genus	Kogia
NCBITaxon:9752	NCBITaxon:9752	0	species	Kogia sima
NCBITaxon:9753	NCBITaxon:117570	16	clade	Teleostomi
NCBITaxon:9753	NCBITaxon:117571	15	clade	Euteleostomi
NCBITaxon:9753	NCBITaxon:131567	27	cellular root	cellular organisms
NCBITaxon:9753	NCBITaxon:1338369	13	clade	Dipnotetrapodomorpha
NCBITaxon:9753	NCBITaxon:1437010	7	clade	Boreoeutheria
NCBITaxon:9753	NCBITaxon:2653789	4	suborder	Whippomorpha
NCBITaxon:9753	NCBITaxon:2759	26	domain	Eukaryota
NCBITaxon:9753	NCBITaxon:314145	6	superorder	Laurasiatheria
NCBITaxon:9753	NCBITaxon:32523	12	clade	Tetrapoda
NCBITaxon:9753	NCBITaxon:32524	11	clade	Amniota
NCBITaxon:9753	NCBITaxon:32525	9	clade	Theria
NCBITaxon:9753	NCBITaxon:33154	25	clade	Opisthokonta
NCBITaxon:9753	NCBITaxon:33208	24	kingdom	Metazoa
NCBITaxon:9753	NCBITaxon:33213	22	clade	Bilateria
NCBITaxon:9753	NCBITaxon:33511	21	clade	Deuterostomia
NCBITaxon:9753	NCBITaxon:40674	10	class	Mammalia
NCBITaxon:9753	NCBITaxon:6072	23	clade	Eumetazoa
NCBITaxon:9753	NCBITaxon:7711	20	phylum	Chordata
NCBITaxon:9753	NCBITaxon:7742	18	clade	Vertebrata
NCBITaxon:9753	NCBITaxon:7776	17	clade	Gnathostomata
NCBITaxon:9753	NCBITaxon:8287	14	superclass	Sarcopterygii
NCBITaxon:9753	NCBITaxon:89593	19	subphylum	Craniata
NCBITaxon:9753	NCBITaxon:91561	5	order	Artiodactyla
NCBITaxon:9753	NCBITaxon:9347	8	clade	Eutheria
NCBITaxon:9753	NCBITaxon:9721	3	infraorder	Cetacea
NCBITaxon:9753	NCBITaxon:9722	2	parvorder	Odontoceti
NCBITaxon:9753	NCBITaxon:9750	1	family	Physeteridae
NCBITaxon:9753	NCBITaxon:9753	0	genus	Physeter
NCBITaxon:9755	NCBITaxon:117570	17	clade	Teleostomi
NCBITaxon:9755	NCBITaxon:117571	16	clade	Euteleostomi
NCBITaxon:9755	NCBITaxon:131567	28	cellular root	cellular organisms
NCBITaxon:9755	NCBITaxon:1338369	14	clade	Dipnotetrapodomorpha
NCBITaxon:9755	NCBITaxon:1437010	8	clade	Boreoeutheria
NCBITaxon:9755	NCBITaxon:2653789	5	suborder	Whippomorpha
NCBITaxon:9755	NCBITaxon:2759	27	domain	Eukaryota
NCBITaxon:9755	NCBITaxon:314145	7	superorder	Laurasiatheria
NCBITaxon:9755	NCBITaxon:32523	13	clade	Tetrapoda
NCBITaxon:9755	NCBITaxon:32524	12	clade	Amniota
NCBITaxon:9755	NCBITaxon:32525	10	clade	Theria
NCBITaxon:9755	NCBITaxon:33154	26	clade	Opisthokonta
NCBITaxon:9755	NCBITaxon:33208	25	kingdom	Metazoa
NCBITaxon:9755	NCBITaxon:33213	23	clade	Bilateria
NCBITaxon:9755	NCBITaxon:33511	22	clade	Deuterostomia
NCBITaxon:9755	NCBITaxon:40674	11	class	Mammalia
NCBITaxon:9755	NCBITaxon:6072	24	clade	Eumetazoa
NCBITaxon:9755	NCBITaxon:7711	21	phylum	Chordata
NCBITaxon:9755	NCBITaxon:7742	19	clade	Vertebrata
NCBITaxon:9755	NCBITaxon:7776	18	clade	Gnathostomata
NCBITaxon:9755	NCBITaxon:8287	15	superclass	Sarcopterygii
NCBITaxon:9755	NCBITaxon:89593	20	subphylum	Craniata
NCBITaxon:9755	NCBITaxon:91561	6	order	Artiodactyla
NCBITaxon:9755	NCBITaxon:9347	9	clade	Eutheria
NCBITaxon:9755	NCBITaxon:9721	4	infraorder	Cetacea
NCBITaxon:9755	NCBITaxon:9722	3	parvorder	Odontoceti
NCBITaxon:9755	NCBITaxon:9750	2	family	Physeteridae
NCBITaxon:9755	NCBITaxon:9753	1	genus	Physeter
NCBITaxon:9755	NCBITaxon:9755	0	species	Physeter macrocephalus
NCBITaxon:9756	NCBITaxon:117570	15	clade	Teleostomi
NCBITaxon:9756	NCBITaxon:117571	14	clade	Euteleostomi
NCBITaxon:9756	NCBITaxon:131567	26	cellular root	cellular organisms
NCBITaxon:9756	NCBITaxon:1338369	12	clade	Dipnotetrapodomorpha
NCBITaxon:9756	NCBITaxon:1437010	6	clade	Boreoeutheria
NCBITaxon:9756	NCBITaxon:2653789	3	suborder	Whippomorpha
NCBITaxon:9756	NCBITaxon:2759	25	domain	Eukaryota
NCBITaxon:9756	NCBITaxon:314145	5	superorder	Laurasiatheria
NCBITaxon:9756	NCBITaxon:32523	11	clade	Tetrapoda
NCBITaxon:9756	NCBITaxon:32524	10	clade	Amniota
NCBITaxon:9756	NCBITaxon:32525	8	clade	Theria
NCBITaxon:9756	NCBITaxon:33154	24	clade	Opisthokonta
NCBITaxon:9756	NCBITaxon:33208	23	kingdom	Metazoa
NCBITaxon:9756	NCBITaxon:33213	21	clade	Bilateria
NCBITaxon:9756	NCBITaxon:33511	20	clade	Deuterostomia
NCBITaxon:9756	NCBITaxon:40674	9	class	Mammalia
NCBITaxon:9756	NCBITaxon:6072	22	clade	Eumetazoa
NCBITaxon:9756	NCBITaxon:7711	19	phylum	Chordata
NCBITaxon:9756	NCBITaxon:7742	17	clade	Vertebrata
NCBITaxon:9756	NCBITaxon:7776	16	clade	Gnathostomata
NCBITaxon:9756	NCBITaxon:8287	13	superclass	Sarcopterygii
NCBITaxon:9756	NCBITaxon:89593	18	subphylum	Craniata
NCBITaxon:9756	NCBITaxon:91561	4	order	Artiodactyla
NCBITaxon:9756	NCBITaxon:9347	7	clade	Eutheria
NCBITaxon:9756	NCBITaxon:9721	2	infraorder	Cetacea
NCBITaxon:9756	NCBITaxon:9722	1	parvorder	Odontoceti
NCBITaxon:9756	NCBITaxon:9756	0	family	Ziphiidae
NCBITaxon:9759	NCBITaxon:117570	16	clade	Teleostomi
NCBITaxon:9759	NCBITaxon:117571	15	clade	Euteleostomi
NCBITaxon:9759	NCBITaxon:131567	27	cellular root	cellular organisms
NCBITaxon:9759	NCBITaxon:1338369	13	clade	Dipnotetrapodomorpha
NCBITaxon:9759	NCBITaxon:1437010	7	clade	Boreoeutheria
NCBITaxon:9759	NCBITaxon:2653789	4	suborder	Whippomorpha
NCBITaxon:9759	NCBITaxon:2759	26	domain	Eukaryota
NCBITaxon:9759	NCBITaxon:314145	6	superorder	Laurasiatheria
NCBITaxon:9759	NCBITaxon:32523	12	clade	Tetrapoda
NCBITaxon:9759	NCBITaxon:32524	11	clade	Amniota
NCBITaxon:9759	NCBITaxon:32525	9	clade	Theria
NCBITaxon:9759	NCBITaxon:33154	25	clade	Opisthokonta
NCBITaxon:9759	NCBITaxon:33208	24	kingdom	Metazoa
NCBITaxon:9759	NCBITaxon:33213	22	clade	Bilateria
NCBITaxon:9759	NCBITaxon:33511	21	clade	Deuterostomia
NCBITaxon:9759	NCBITaxon:40674	10	class	Mammalia
NCBITaxon:9759	NCBITaxon:6072	23	clade	Eumetazoa
NCBITaxon:9759	NCBITaxon:7711	20	phylum	Chordata
NCBITaxon:9759	NCBITaxon:7742	18	clade	Vertebrata
NCBITaxon:9759	NCBITaxon:7776	17	clade	Gnathostomata
NCBITaxon:9759	NCBITaxon:8287	14	superclass	Sarcopterygii
NCBITaxon:9759	NCBITaxon:89593	19	subphylum	Craniata
NCBITaxon:9759	NCBITaxon:91561	5	order	Artiodactyla
NCBITaxon:9759	NCBITaxon:9347	8	clade	Eutheria
NCBITaxon:9759	NCBITaxon:9721	3	infraorder	Cetacea
NCBITaxon:9759	NCBITaxon:9722	2	parvorder	Odontoceti
NCBITaxon:9759	NCBITaxon:9756	1	family	Ziphiidae
NCBITaxon:9759	NCBITaxon:9759	0	genus	Ziphius
NCBITaxon:9760	NCBITaxon:117570	17	clade	Teleostomi
NCBITaxon:9760	NCBITaxon:117571	16	clade	Euteleostomi
NCBITaxon:9760	NCBITaxon:131567	28	cellular root	cellular organisms
NCBITaxon:9760	NCBITaxon:1338369	14	clade	Dipnotetrapodomorpha
NCBITaxon:9760	NCBITaxon:1437010	8	clade	Boreoeutheria
NCBITaxon:9760	NCBITaxon:2653789	5	suborder	Whippomorpha
NCBITaxon:9760	NCBITaxon:2759	27	domain	Eukaryota
NCBITaxon:9760	NCBITaxon:314145	7	superorder	Laurasiatheria
NCBITaxon:9760	NCBITaxon:32523	13	clade	Tetrapoda
NCBITaxon:9760	NCBITaxon:32524	12	clade	Amniota
NCBITaxon:9760	NCBITaxon:32525	10	clade	Theria
NCBITaxon:9760	NCBITaxon:33154	26	clade	Opisthokonta
NCBITaxon:9760	NCBITaxon:33208	25	kingdom	Metazoa
NCBITaxon:9760	NCBITaxon:33213	23	clade	Bilateria
NCBITaxon:9760	NCBITaxon:33511	22	clade	Deuterostomia
NCBITaxon:9760	NCBITaxon:40674	11	class	Mammalia
NCBITaxon:9760	NCBITaxon:6072	24	clade	Eumetazoa
NCBITaxon:9760	NCBITaxon:7711	21	phylum	Chordata
NCBITaxon:9760	NCBITaxon:7742	19	clade	Vertebrata
NCBITaxon:9760	NCBITaxon:7776	18	clade	Gnathostomata
NCBITaxon:9760	NCBITaxon:8287	15	superclass	Sarcopterygii
NCBITaxon:9760	NCBITaxon:89593	20	subphylum	Craniata
NCBITaxon:9760	NCBITaxon:91561	6	order	Artiodactyla
NCBITaxon:9760	NCBITaxon:9347	9	clade	Eutheria
NCBITaxon:9760	NCBITaxon:9721	4	infraorder	Cetacea
NCBITaxon:9760	NCBITaxon:9722	3	parvorder	Odontoceti
NCBITaxon:9760	NCBITaxon:9756	2	family	Ziphiidae
NCBITaxon:9760	NCBITaxon:9759	1	genus	Ziphius
NCBITaxon:9760	NCBITaxon:9760	0	species	Ziphius cavirostris
NCBITaxon:9761	NCBITaxon:117570	14	clade	Teleostomi
NCBITaxon:9761	NCBITaxon:117571	13	clade	Euteleostomi
NCBITaxon:9761	NCBITaxon:131567	25	cellular root	cellular organisms
NCBITaxon:9761	NCBITaxon:1338369	11	clade	Dipnotetrapodomorpha
NCBITaxon:9761	NCBITaxon:1437010	5	clade	Boreoeutheria
NCBITaxon:9761	NCBITaxon:2653789	2	suborder	Whippomorpha
NCBITaxon:9761	NCBITaxon:2759	24	domain	Eukaryota
NCBITaxon:9761	NCBITaxon:314145	4	superorder	Laurasiatheria
NCBITaxon:9761	NCBITaxon:32523	10	clade	Tetrapoda
NCBITaxon:9761	NCBITaxon:32524	9	clade	Amniota
NCBITaxon:9761	NCBITaxon:32525	7	clade	Theria
NCBITaxon:9761	NCBITaxon:33154	23	clade	Opisthokonta
NCBITaxon:9761	NCBITaxon:33208	22	kingdom	Metazoa
NCBITaxon:9761	NCBITaxon:33213	20	clade	Bilateria
NCBITaxon:9761	NCBITaxon:33511	19	clade	Deuterostomia
NCBITaxon:9761	NCBITaxon:40674	8	class	Mammalia
NCBITaxon:9761	NCBITaxon:6072	21	clade	Eumetazoa
NCBITaxon:9761	NCBITaxon:7711	18	phylum	Chordata
NCBITaxon:9761	NCBITaxon:7742	16	clade	Vertebrata
NCBITaxon:9761	NCBITaxon:7776	15	clade	Gnathostomata
NCBITaxon:9761	NCBITaxon:8287	12	superclass	Sarcopterygii
NCBITaxon:9761	NCBITaxon:89593	17	subphylum	Craniata
NCBITaxon:9761	NCBITaxon:91561	3	order	Artiodactyla
NCBITaxon:9761	NCBITaxon:9347	6	clade	Eutheria
NCBITaxon:9761	NCBITaxon:9721	1	infraorder	Cetacea
NCBITaxon:9761	NCBITaxon:9761	0	parvorder	Mysticeti
NCBITaxon:9762	NCBITaxon:117570	15	clade	Teleostomi
NCBITaxon:9762	NCBITaxon:117571	14	clade	Euteleostomi
NCBITaxon:9762	NCBITaxon:131567	26	cellular root	cellular organisms
NCBITaxon:9762	NCBITaxon:1338369	12	clade	Dipnotetrapodomorpha
NCBITaxon:9762	NCBITaxon:1437010	6	clade	Boreoeutheria
NCBITaxon:9762	NCBITaxon:2653789	3	suborder	Whippomorpha
NCBITaxon:9762	NCBITaxon:2759	25	domain	Eukaryota
NCBITaxon:9762	NCBITaxon:314145	5	superorder	Laurasiatheria
NCBITaxon:9762	NCBITaxon:32523	11	clade	Tetrapoda
NCBITaxon:9762	NCBITaxon:32524	10	clade	Amniota
NCBITaxon:9762	NCBITaxon:32525	8	clade	Theria
NCBITaxon:9762	NCBITaxon:33154	24	clade	Opisthokonta
NCBITaxon:9762	NCBITaxon:33208	23	kingdom	Metazoa
NCBITaxon:9762	NCBITaxon:33213	21	clade	Bilateria
NCBITaxon:9762	NCBITaxon:33511	20	clade	Deuterostomia
NCBITaxon:9762	NCBITaxon:40674	9	class	Mammalia
NCBITaxon:9762	NCBITaxon:6072	22	clade	Eumetazoa
NCBITaxon:9762	NCBITaxon:7711	19	phylum	Chordata
NCBITaxon:9762	NCBITaxon:7742	17	clade	Vertebrata
NCBITaxon:9762	NCBITaxon:7776	16	clade	Gnathostomata
NCBITaxon:9762	NCBITaxon:8287	13	superclass	Sarcopterygii
NCBITaxon:9762	NCBITaxon:89593	18	subphylum	Craniata
NCBITaxon:9762	NCBITaxon:91561	4	order	Artiodactyla
NCBITaxon:9762	NCBITaxon:9347	7	clade	Eutheria
NCBITaxon:9762	NCBITaxon:9721	2	infraorder	Cetacea
NCBITaxon:9762	NCBITaxon:9761	1	parvorder	Mysticeti
NCBITaxon:9762	NCBITaxon:9762	0	family	Eschrichtiidae
NCBITaxon:9763	NCBITaxon:117570	16	clade	Teleostomi
NCBITaxon:9763	NCBITaxon:117571	15	clade	Euteleostomi
NCBITaxon:9763	NCBITaxon:131567	27	cellular root	cellular organisms
NCBITaxon:9763	NCBITaxon:1338369	13	clade	Dipnotetrapodomorpha
NCBITaxon:9763	NCBITaxon:1437010	7	clade	Boreoeutheria
NCBITaxon:9763	NCBITaxon:2653789	4	suborder	Whippomorpha
NCBITaxon:9763	NCBITaxon:2759	26	domain	Eukaryota
NCBITaxon:9763	NCBITaxon:314145	6	superorder	Laurasiatheria
NCBITaxon:9763	NCBITaxon:32523	12	clade	Tetrapoda
NCBITaxon:9763	NCBITaxon:32524	11	clade	Amniota
NCBITaxon:9763	NCBITaxon:32525	9	clade	Theria
NCBITaxon:9763	NCBITaxon:33154	25	clade	Opisthokonta
NCBITaxon:9763	NCBITaxon:33208	24	kingdom	Metazoa
NCBITaxon:9763	NCBITaxon:33213	22	clade	Bilateria
NCBITaxon:9763	NCBITaxon:33511	21	clade	Deuterostomia
NCBITaxon:9763	NCBITaxon:40674	10	class	Mammalia
NCBITaxon:9763	NCBITaxon:6072	23	clade	Eumetazoa
NCBITaxon:9763	NCBITaxon:7711	20	phylum	Chordata
NCBITaxon:9763	NCBITaxon:7742	18	clade	Vertebrata
NCBITaxon:9763	NCBITaxon:7776	17	clade	Gnathostomata
NCBITaxon:9763	NCBITaxon:8287	14	superclass	Sarcopterygii
NCBITaxon:9763	NCBITaxon:89593	19	subphylum	Craniata
NCBITaxon:9763	NCBITaxon:91561	5	order	Artiodactyla
NCBITaxon:9763	NCBITaxon:9347	8	clade	Eutheria
NCBITaxon:9763	NCBITaxon:9721	3	infraorder	Cetacea
NCBITaxon:9763	NCBITaxon:9761	2	parvorder	Mysticeti
NCBITaxon:9763	NCBITaxon:9762	1	family	Eschrichtiidae
NCBITaxon:9763	NCBITaxon:9763	0	genus	Eschrichtius
NCBITaxon:9764	NCBITaxon:117570	17	clade	Teleostomi
NCBITaxon:9764	NCBITaxon:117571	16	clade	Euteleostomi
NCBITaxon:9764	NCBITaxon:131567	28	cellular root	cellular organisms
NCBITaxon:9764	NCBITaxon:1338369	14	clade	Dipnotetrapodomorpha
NCBITaxon:9764	NCBITaxon:1437010	8	clade	Boreoeutheria
NCBITaxon:9764	NCBITaxon:2653789	5	suborder	Whippomorpha
NCBITaxon:9764	NCBITaxon:2759	27	domain	Eukaryota
NCBITaxon:9764	NCBITaxon:314145	7	superorder	Laurasiatheria
NCBITaxon:9764	NCBITaxon:32523	13	clade	Tetrapoda
NCBITaxon:9764	NCBITaxon:32524	12	clade	Amniota
NCBITaxon:9764	NCBITaxon:32525	10	clade	Theria
NCBITaxon:9764	NCBITaxon:33154	26	clade	Opisthokonta
NCBITaxon:9764	NCBITaxon:33208	25	kingdom	Metazoa
NCBITaxon:9764	NCBITaxon:33213	23	clade	Bilateria
NCBITaxon:9764	NCBITaxon:33511	22	clade	Deuterostomia
NCBITaxon:9764	NCBITaxon:40674	11	class	Mammalia
NCBITaxon:9764	NCBITaxon:6072	24	clade	Eumetazoa
NCBITaxon:9764	NCBITaxon:7711	21	phylum	Chordata
NCBITaxon:9764	NCBITaxon:7742	19	clade	Vertebrata
NCBITaxon:9764	NCBITaxon:7776	18	clade	Gnathostomata
NCBITaxon:9764	NCBITaxon:8287	15	superclass	Sarcopterygii
NCBITaxon:9764	NCBITaxon:89593	20	subphylum	Craniata
NCBITaxon:9764	NCBITaxon:91561	6	order	Artiodactyla
NCBITaxon:9764	NCBITaxon:9347	9	clade	Eutheria
NCBITaxon:9764	NCBITaxon:9721	4	infraorder	Cetacea
NCBITaxon:9764	NCBITaxon:9761	3	parvorder	Mysticeti
NCBITaxon:9764	NCBITaxon:9762	2	family	Eschrichtiidae
NCBITaxon:9764	NCBITaxon:9763	1	genus	Eschrichtius
NCBITaxon:9764	NCBITaxon:9764	0	species	Eschrichtius robustus
NCBITaxon:9765	NCBITaxon:117570	15	clade	Teleostomi
NCBITaxon:9765	NCBITaxon:117571	14	clade	Euteleostomi
NCBITaxon:9765	NCBITaxon:131567	26	cellular root	cellular organisms
NCBITaxon:9765	NCBITaxon:1338369	12	clade	Dipnotetrapodomorpha
NCBITaxon:9765	NCBITaxon:1437010	6	clade	Boreoeutheria
NCBITaxon:9765	NCBITaxon:2653789	3	suborder	Whippomorpha
NCBITaxon:9765	NCBITaxon:2759	25	domain	Eukaryota
NCBITaxon:9765	NCBITaxon:314145	5	superorder	Laurasiatheria
NCBITaxon:9765	NCBITaxon:32523	11	clade	Tetrapoda
NCBITaxon:9765	NCBITaxon:32524	10	clade	Amniota
NCBITaxon:9765	NCBITaxon:32525	8	clade	Theria
NCBITaxon:9765	NCBITaxon:33154	24	clade	Opisthokonta
NCBITaxon:9765	NCBITaxon:33208	23	kingdom	Metazoa
NCBITaxon:9765	NCBITaxon:33213	21	clade	Bilateria
NCBITaxon:9765	NCBITaxon:33511	20	clade	Deuterostomia
NCBITaxon:9765	NCBITaxon:40674	9	class	Mammalia
NCBITaxon:9765	NCBITaxon:6072	22	clade	Eumetazoa
NCBITaxon:9765	NCBITaxon:7711	19	phylum	Chordata
NCBITaxon:9765	NCBITaxon:7742	17	clade	Vertebrata
NCBITaxon:9765	NCBITaxon:7776	16	clade	Gnathostomata
NCBITaxon:9765	NCBITaxon:8287	13	superclass	Sarcopterygii
NCBITaxon:9765	NCBITaxon:89593	18	subphylum	Craniata
NCBITaxon:9765	NCBITaxon:91561	4	order	Artiodactyla
NCBITaxon:9765	NCBITaxon:9347	7	clade	Eutheria
NCBITaxon:9765	NCBITaxon:9721	2	infraorder	Cetacea
NCBITaxon:9765	NCBITaxon:9761	1	parvorder	Mysticeti
NCBITaxon:9765	NCBITaxon:9765	0	family	Balaenopteridae
NCBITaxon:9766	NCBITaxon:117570	16	clade	Teleostomi
NCBITaxon:9766	NCBITaxon:117571	15	clade	Euteleostomi
NCBITaxon:9766	NCBITaxon:131567	27	cellular root	cellular organisms
NCBITaxon:9766	NCBITaxon:1338369	13	clade	Dipnotetrapodomorpha
NCBITaxon:9766	NCBITaxon:1437010	7	clade	Boreoeutheria
NCBITaxon:9766	NCBITaxon:2653789	4	suborder	Whippomorpha
NCBITaxon:9766	NCBITaxon:2759	26	domain	Eukaryota
NCBITaxon:9766	NCBITaxon:314145	6	superorder	Laurasiatheria
NCBITaxon:9766	NCBITaxon:32523	12	clade	Tetrapoda
NCBITaxon:9766	NCBITaxon:32524	11	clade	Amniota
NCBITaxon:9766	NCBITaxon:32525	9	clade	Theria
NCBITaxon:9766	NCBITaxon:33154	25	clade	Opisthokonta
NCBITaxon:9766	NCBITaxon:33208	24	kingdom	Metazoa
NCBITaxon:9766	NCBITaxon:33213	22	clade	Bilateria
NCBITaxon:9766	NCBITaxon:33511	21	clade	Deuterostomia
NCBITaxon:9766	NCBITaxon:40674	10	class	Mammalia
NCBITaxon:9766	NCBITaxon:6072	23	clade	Eumetazoa
NCBITaxon:9766	NCBITaxon:7711	20	phylum	Chordata
NCBITaxon:9766	NCBITaxon:7742	18	clade	Vertebrata
NCBITaxon:9766	NCBITaxon:7776	17	clade	Gnathostomata
NCBITaxon:9766	NCBITaxon:8287	14	superclass	Sarcopterygii
NCBITaxon:9766	NCBITaxon:89593	19	subphylum	Craniata
NCBITaxon:9766	NCBITaxon:91561	5	order	Artiodactyla
NCBITaxon:9766	NCBITaxon:9347	8	clade	Eutheria
NCBITaxon:9766	NCBITaxon:9721	3	infraorder	Cetacea
NCBITaxon:9766	NCBITaxon:9761	2	parvorder	Mysticeti
NCBITaxon:9766	NCBITaxon:9765	1	family	Balaenopteridae
NCBITaxon:9766	NCBITaxon:9766	0	genus	Balaenoptera
NCBITaxon:9767	NCBITaxon:117570	17	clade	Teleostomi
NCBITaxon:9767	NCBITaxon:117571	16	clade	Euteleostomi
NCBITaxon:9767	NCBITaxon:131567	28	cellular root	cellular organisms
NCBITaxon:9767	NCBITaxon:1338369	14	clade	Dipnotetrapodomorpha
NCBITaxon:9767	NCBITaxon:1437010	8	clade	Boreoeutheria
NCBITaxon:9767	NCBITaxon:2653789	5	suborder	Whippomorpha
NCBITaxon:9767	NCBITaxon:2759	27	domain	Eukaryota
NCBITaxon:9767	NCBITaxon:314145	7	superorder	Laurasiatheria
NCBITaxon:9767	NCBITaxon:32523	13	clade	Tetrapoda
NCBITaxon:9767	NCBITaxon:32524	12	clade	Amniota
NCBITaxon:9767	NCBITaxon:32525	10	clade	Theria
NCBITaxon:9767	NCBITaxon:33154	26	clade	Opisthokonta
NCBITaxon:9767	NCBITaxon:33208	25	kingdom	Metazoa
NCBITaxon:9767	NCBITaxon:33213	23	clade	Bilateria
NCBITaxon:9767	NCBITaxon:33511	22	clade	Deuterostomia
NCBITaxon:9767	NCBITaxon:40674	11	class	Mammalia
NCBITaxon:9767	NCBITaxon:6072	24	clade	Eumetazoa
NCBITaxon:9767	NCBITaxon:7711	21	phylum	Chordata
NCBITaxon:9767	NCBITaxon:7742	19	clade	Vertebrata
NCBITaxon:9767	NCBITaxon:7776	18	clade	Gnathostomata
NCBITaxon:9767	NCBITaxon:8287	15	superclass	Sarcopterygii
NCBITaxon:9767	NCBITaxon:89593	20	subphylum	Craniata
NCBITaxon:9767	NCBITaxon:91561	6	order	Artiodactyla
NCBITaxon:9767	NCBITaxon:9347	9	clade	Eutheria
NCBITaxon:9767	NCBITaxon:9721	4	infraorder	Cetacea
NCBITaxon:9767	NCBITaxon:9761	3	parvorder	Mysticeti
NCBITaxon:9767	NCBITaxon:9765	2	family	Balaenopteridae
NCBITaxon:9767	NCBITaxon:9766	1	genus	Balaenoptera
NCBITaxon:9767	NCBITaxon:9767	0	species	Balaenoptera acutorostrata
NCBITaxon:9768	NCBITaxon:117570	17	clade	Teleostomi
NCBITaxon:9768	NCBITaxon:117571	16	clade	Euteleostomi
NCBITaxon:9768	NCBITaxon:131567	28	cellular root	cellular organisms
NCBITaxon:9768	NCBITaxon:1338369	14	clade	Dipnotetrapodomorpha
NCBITaxon:9768	NCBITaxon:1437010	8	clade	Boreoeutheria
NCBITaxon:9768	NCBITaxon:2653789	5	suborder	Whippomorpha
NCBITaxon:9768	NCBITaxon:2759	27	domain	Eukaryota
NCBITaxon:9768	NCBITaxon:314145	7	superorder	Laurasiatheria
NCBITaxon:9768	NCBITaxon:32523	13	clade	Tetrapoda
NCBITaxon:9768	NCBITaxon:32524	12	clade	Amniota
NCBITaxon:9768	NCBITaxon:32525	10	clade	Theria
NCBITaxon:9768	NCBITaxon:33154	26	clade	Opisthokonta
NCBITaxon:9768	NCBITaxon:33208	25	kingdom	Metazoa
NCBITaxon:9768	NCBITaxon:33213	23	clade	Bilateria
NCBITaxon:9768	NCBITaxon:33511	22	clade	Deuterostomia
NCBITaxon:9768	NCBITaxon:40674	11	class	Mammalia
NCBITaxon:9768	NCBITaxon:6072	24	clade	Eumetazoa
NCBITaxon:9768	NCBITaxon:7711	21	phylum	Chordata
NCBITaxon:9768	NCBITaxon:7742	19	clade	Vertebrata
NCBITaxon:9768	NCBITaxon:7776	18	clade	Gnathostomata
NCBITaxon:9768	NCBITaxon:8287	15	superclass	Sarcopterygii
NCBITaxon:9768	NCBITaxon:89593	20	subphylum	Craniata
NCBITaxon:9768	NCBITaxon:91561	6	order	Artiodactyla
NCBITaxon:9768	NCBITaxon:9347	9	clade	Eutheria
NCBITaxon:9768	NCBITaxon:9721	4	infraorder	Cetacea
NCBITaxon:9768	NCBITaxon:9761	3	parvorder	Mysticeti
NCBITaxon:9768	NCBITaxon:9765	2	family	Balaenopteridae
NCBITaxon:9768	NCBITaxon:9766	1	genus	Balaenoptera
NCBITaxon:9768	NCBITaxon:9768	0	species	Balaenoptera borealis
NCBITaxon:9770	NCBITaxon:117570	17	clade	Teleostomi
NCBITaxon:9770	NCBITaxon:117571	16	clade	Euteleostomi
NCBITaxon:9770	NCBITaxon:131567	28	cellular root	cellular organisms
NCBITaxon:9770	NCBITaxon:1338369	14	clade	Dipnotetrapodomorpha
NCBITaxon:9770	NCBITaxon:1437010	8	clade	Boreoeutheria
NCBITaxon:9770	NCBITaxon:2653789	5	suborder	Whippomorpha
NCBITaxon:9770	NCBITaxon:2759	27	domain	Eukaryota
NCBITaxon:9770	NCBITaxon:314145	7	superorder	Laurasiatheria
NCBITaxon:9770	NCBITaxon:32523	13	clade	Tetrapoda
NCBITaxon:9770	NCBITaxon:32524	12	clade	Amniota
NCBITaxon:9770	NCBITaxon:32525	10	clade	Theria
NCBITaxon:9770	NCBITaxon:33154	26	clade	Opisthokonta
NCBITaxon:9770	NCBITaxon:33208	25	kingdom	Metazoa
NCBITaxon:9770	NCBITaxon:33213	23	clade	Bilateria
NCBITaxon:9770	NCBITaxon:33511	22	clade	Deuterostomia
NCBITaxon:9770	NCBITaxon:40674	11	class	Mammalia
NCBITaxon:9770	NCBITaxon:6072	24	clade	Eumetazoa
NCBITaxon:9770	NCBITaxon:7711	21	phylum	Chordata
NCBITaxon:9770	NCBITaxon:7742	19	clade	Vertebrata
NCBITaxon:9770	NCBITaxon:7776	18	clade	Gnathostomata
NCBITaxon:9770	NCBITaxon:8287	15	superclass	Sarcopterygii
NCBITaxon:9770	NCBITaxon:89593	20	subphylum	Craniata
NCBITaxon:9770	NCBITaxon:91561	6	order	Artiodactyla
NCBITaxon:9770	NCBITaxon:9347	9	clade	Eutheria
NCBITaxon:9770	NCBITaxon:9721	4	infraorder	Cetacea
NCBITaxon:9770	NCBITaxon:9761	3	parvorder	Mysticeti
NCBITaxon:9770	NCBITaxon:9765	2	family	Balaenopteridae
NCBITaxon:9770	NCBITaxon:9766	1	genus	Balaenoptera
NCBITaxon:9770	NCBITaxon:9770	0	species	Balaenoptera physalus
NCBITaxon:9771	NCBITaxon:117570	17	clade	Teleostomi
NCBITaxon:9771	NCBITaxon:117571	16	clade	Euteleostomi
NCBITaxon:9771	NCBITaxon:131567	28	cellular root	cellular organisms
NCBITaxon:9771	NCBITaxon:1338369	14	clade	Dipnotetrapodomorpha
NCBITaxon:9771	NCBITaxon:1437010	8	clade	Boreoeutheria
NCBITaxon:9771	NCBITaxon:2653789	5	suborder	Whippomorpha
NCBITaxon:9771	NCBITaxon:2759	27	domain	Eukaryota
NCBITaxon:9771	NCBITaxon:314145	7	superorder	Laurasiatheria
NCBITaxon:9771	NCBITaxon:32523	13	clade	Tetrapoda
NCBITaxon:9771	NCBITaxon:32524	12	clade	Amniota
NCBITaxon:9771	NCBITaxon:32525	10	clade	Theria
NCBITaxon:9771	NCBITaxon:33154	26	clade	Opisthokonta
NCBITaxon:9771	NCBITaxon:33208	25	kingdom	Metazoa
NCBITaxon:9771	NCBITaxon:33213	23	clade	Bilateria
NCBITaxon:9771	NCBITaxon:33511	22	clade	Deuterostomia
NCBITaxon:9771	NCBITaxon:40674	11	class	Mammalia
NCBITaxon:9771	NCBITaxon:6072	24	clade	Eumetazoa
NCBITaxon:9771	NCBITaxon:7711	21	phylum	Chordata
NCBITaxon:9771	NCBITaxon:7742	19	clade	Vertebrata
NCBITaxon:9771	NCBITaxon:7776	18	clade	Gnathostomata
NCBITaxon:9771	NCBITaxon:8287	15	superclass	Sarcopterygii
NCBITaxon:9771	NCBITaxon:89593	20	subphylum	Craniata
NCBITaxon:9771	NCBITaxon:91561	6	order	Artiodactyla
NCBITaxon:9771	NCBITaxon:9347	9	clade	Eutheria
NCBITaxon:9771	NCBITaxon:9721	4	infraorder	Cetacea
NCBITaxon:9771	NCBITaxon:9761	3	parvorder	Mysticeti
NCBITaxon:9771	NCBITaxon:9765	2	family	Balaenopteridae
NCBITaxon:9771	NCBITaxon:9766	1	genus	Balaenoptera
NCBITaxon:9771	NCBITaxon:9771	0	species	Balaenoptera musculus
NCBITaxon:9772	NCBITaxon:117570	16	clade	Teleostomi
NCBITaxon:9772	NCBITaxon:117571	15	clade	Euteleostomi
NCBITaxon:9772	NCBITaxon:131567	27	cellular root	cellular organisms
NCBITaxon:9772	NCBITaxon:1338369	13	clade	Dipnotetrapodomorpha
NCBITaxon:9772	NCBITaxon:1437010	7	clade	Boreoeutheria
NCBITaxon:9772	NCBITaxon:2653789	4	suborder	Whippomorpha
NCBITaxon:9772	NCBITaxon:2759	26	domain	Eukaryota
NCBITaxon:9772	NCBITaxon:314145	6	superorder	Laurasiatheria
NCBITaxon:9772	NCBITaxon:32523	12	clade	Tetrapoda
NCBITaxon:9772	NCBITaxon:32524	11	clade	Amniota
NCBITaxon:9772	NCBITaxon:32525	9	clade	Theria
NCBITaxon:9772	NCBITaxon:33154	25	clade	Opisthokonta
NCBITaxon:9772	NCBITaxon:33208	24	kingdom	Metazoa
NCBITaxon:9772	NCBITaxon:33213	22	clade	Bilateria
NCBITaxon:9772	NCBITaxon:33511	21	clade	Deuterostomia
NCBITaxon:9772	NCBITaxon:40674	10	class	Mammalia
NCBITaxon:9772	NCBITaxon:6072	23	clade	Eumetazoa
NCBITaxon:9772	NCBITaxon:7711	20	phylum	Chordata
NCBITaxon:9772	NCBITaxon:7742	18	clade	Vertebrata
NCBITaxon:9772	NCBITaxon:7776	17	clade	Gnathostomata
NCBITaxon:9772	NCBITaxon:8287	14	superclass	Sarcopterygii
NCBITaxon:9772	NCBITaxon:89593	19	subphylum	Craniata
NCBITaxon:9772	NCBITaxon:91561	5	order	Artiodactyla
NCBITaxon:9772	NCBITaxon:9347	8	clade	Eutheria
NCBITaxon:9772	NCBITaxon:9721	3	infraorder	Cetacea
NCBITaxon:9772	NCBITaxon:9761	2	parvorder	Mysticeti
NCBITaxon:9772	NCBITaxon:9765	1	family	Balaenopteridae
NCBITaxon:9772	NCBITaxon:9772	0	genus	Megaptera
NCBITaxon:9773	NCBITaxon:117570	17	clade	Teleostomi
NCBITaxon:9773	NCBITaxon:117571	16	clade	Euteleostomi
NCBITaxon:9773	NCBITaxon:131567	28	cellular root	cellular organisms
NCBITaxon:9773	NCBITaxon:1338369	14	clade	Dipnotetrapodomorpha
NCBITaxon:9773	NCBITaxon:1437010	8	clade	Boreoeutheria
NCBITaxon:9773	NCBITaxon:2653789	5	suborder	Whippomorpha
NCBITaxon:9773	NCBITaxon:2759	27	domain	Eukaryota
NCBITaxon:9773	NCBITaxon:314145	7	superorder	Laurasiatheria
NCBITaxon:9773	NCBITaxon:32523	13	clade	Tetrapoda
NCBITaxon:9773	NCBITaxon:32524	12	clade	Amniota
NCBITaxon:9773	NCBITaxon:32525	10	clade	Theria
NCBITaxon:9773	NCBITaxon:33154	26	clade	Opisthokonta
NCBITaxon:9773	NCBITaxon:33208	25	kingdom	Metazoa
NCBITaxon:9773	NCBITaxon:33213	23	clade	Bilateria
NCBITaxon:9773	NCBITaxon:33511	22	clade	Deuterostomia
NCBITaxon:9773	NCBITaxon:40674	11	class	Mammalia
NCBITaxon:9773	NCBITaxon:6072	24	clade	Eumetazoa
NCBITaxon:9773	NCBITaxon:7711	21	phylum	Chordata
NCBITaxon:9773	NCBITaxon:7742	19	clade	Vertebrata
NCBITaxon:9773	NCBITaxon:7776	18	clade	Gnathostomata
NCBITaxon:9773	NCBITaxon:8287	15	superclass	Sarcopterygii
NCBITaxon:9773	NCBITaxon:89593	20	subphylum	Craniata
NCBITaxon:9773	NCBITaxon:91561	6	order	Artiodactyla
NCBITaxon:9773	NCBITaxon:9347	9	clade	Eutheria
NCBITaxon:9773	NCBITaxon:9721	4	infraorder	Cetacea
NCBITaxon:9773	NCBITaxon:9761	3	parvorder	Mysticeti
NCBITaxon:9773	NCBITaxon:9765	2	family	Balaenopteridae
NCBITaxon:9773	NCBITaxon:9772	1	genus	Megaptera
NCBITaxon:9773	NCBITaxon:9773	0	species	Megaptera novaeangliae
